nohup: ignoring input
INFO:     Started server process [3957862]
INFO:     Waiting for application startup.
INFO:     Application startup complete.
INFO:     Uvicorn running on http://0.0.0.0:8000 (Press CTRL+C to quit)
INFO:     127.0.0.1:34836 - "GET /health HTTP/1.1" 200 OK
INFO:     127.0.0.1:41996 - "POST /api/v1/data/ingest HTTP/1.1" 200 OK
INFO:     127.0.0.1:42006 - "GET /api/v1/data/progress/a561dfc6-3159-4891-9f4a-0c8c919312fe HTTP/1.1" 200 OK
INFO:     127.0.0.1:42010 - "GET /api/v1/data/corpora HTTP/1.1" 200 OK
INFO:     127.0.0.1:41996 - "GET /api/v1/models HTTP/1.1" 200 OK
INFO:     127.0.0.1:42012 - "GET /api/v1/eda/observatory/a561dfc6-3159-4891-9f4a-0c8c919312fe HTTP/1.1" 500 Internal Server Error
ERROR:    Exception in ASGI application
Traceback (most recent call last):
  File "/home/neelam/orchestrator/backend/venv/lib/python3.12/site-packages/uvicorn/protocols/http/h11_impl.py", line 415, in run_asgi
    result = await app(  # type: ignore[func-returns-value]
             ^^^^^^^^^^^^^^^^^^^^^^^^^^^^^^^^^^^^^^^^^^^^^^
  File "/home/neelam/orchestrator/backend/venv/lib/python3.12/site-packages/uvicorn/middleware/proxy_headers.py", line 63, in __call__
    return await self.app(scope, receive, send)
           ^^^^^^^^^^^^^^^^^^^^^^^^^^^^^^^^^^^^
  File "/home/neelam/orchestrator/backend/venv/lib/python3.12/site-packages/fastapi/applications.py", line 1159, in __call__
    await super().__call__(scope, receive, send)
  File "/home/neelam/orchestrator/backend/venv/lib/python3.12/site-packages/starlette/applications.py", line 90, in __call__
    await self.middleware_stack(scope, receive, send)
  File "/home/neelam/orchestrator/backend/venv/lib/python3.12/site-packages/starlette/middleware/errors.py", line 186, in __call__
    raise exc
  File "/home/neelam/orchestrator/backend/venv/lib/python3.12/site-packages/starlette/middleware/errors.py", line 164, in __call__
    await self.app(scope, receive, _send)
  File "/home/neelam/orchestrator/backend/venv/lib/python3.12/site-packages/starlette/middleware/cors.py", line 88, in __call__
    await self.app(scope, receive, send)
  File "/home/neelam/orchestrator/backend/venv/lib/python3.12/site-packages/starlette/middleware/exceptions.py", line 63, in __call__
    await wrap_app_handling_exceptions(self.app, conn)(scope, receive, send)
  File "/home/neelam/orchestrator/backend/venv/lib/python3.12/site-packages/starlette/_exception_handler.py", line 53, in wrapped_app
    raise exc
  File "/home/neelam/orchestrator/backend/venv/lib/python3.12/site-packages/starlette/_exception_handler.py", line 42, in wrapped_app
    await app(scope, receive, sender)
  File "/home/neelam/orchestrator/backend/venv/lib/python3.12/site-packages/fastapi/middleware/asyncexitstack.py", line 18, in __call__
    await self.app(scope, receive, send)
  File "/home/neelam/orchestrator/backend/venv/lib/python3.12/site-packages/starlette/routing.py", line 660, in __call__
    await self.middleware_stack(scope, receive, send)
  File "/home/neelam/orchestrator/backend/venv/lib/python3.12/site-packages/starlette/routing.py", line 680, in app
    await route.handle(scope, receive, send)
  File "/home/neelam/orchestrator/backend/venv/lib/python3.12/site-packages/starlette/routing.py", line 276, in handle
    await self.app(scope, receive, send)
  File "/home/neelam/orchestrator/backend/venv/lib/python3.12/site-packages/fastapi/routing.py", line 134, in app
    await wrap_app_handling_exceptions(app, request)(scope, receive, send)
  File "/home/neelam/orchestrator/backend/venv/lib/python3.12/site-packages/starlette/_exception_handler.py", line 53, in wrapped_app
    raise exc
  File "/home/neelam/orchestrator/backend/venv/lib/python3.12/site-packages/starlette/_exception_handler.py", line 42, in wrapped_app
    await app(scope, receive, sender)
  File "/home/neelam/orchestrator/backend/venv/lib/python3.12/site-packages/fastapi/routing.py", line 120, in app
    response = await f(request)
               ^^^^^^^^^^^^^^^^
  File "/home/neelam/orchestrator/backend/venv/lib/python3.12/site-packages/fastapi/routing.py", line 674, in app
    raw_response = await run_endpoint_function(
                   ^^^^^^^^^^^^^^^^^^^^^^^^^^^^
  File "/home/neelam/orchestrator/backend/venv/lib/python3.12/site-packages/fastapi/routing.py", line 328, in run_endpoint_function
    return await dependant.call(**values)
           ^^^^^^^^^^^^^^^^^^^^^^^^^^^^^^
  File "/home/neelam/orchestrator/backend/app/routes/eda.py", line 706, in observatory
    domain_runs = await _domain_runs(job_id, db)
                  ^^^^^^^^^^^^^^^^^^^^^^^^^^^^^^
  File "/home/neelam/orchestrator/backend/app/routes/eda.py", line 568, in _domain_runs
    gv = _safe_load(corpus_dir / "graph_validation.json") or {}
         ^^^^^^^^^^^^^^^^^^^^^^^^^^^^^^^^^^^^^^^^^^^^^^^^
  File "/home/neelam/orchestrator/backend/app/routes/eda.py", line 31, in _safe_load
    if not path.is_file():
           ^^^^^^^^^^^^^^
  File "/usr/lib/python3.12/pathlib.py", line 894, in is_file
    return S_ISREG(self.stat().st_mode)
                   ^^^^^^^^^^^
  File "/usr/lib/python3.12/pathlib.py", line 842, in stat
    return os.stat(self, follow_symlinks=follow_symlinks)
           ^^^^^^^^^^^^^^^^^^^^^^^^^^^^^^^^^^^^^^^^^^^^^^
PermissionError: [Errno 13] Permission denied: '/home/kumar1/orchestrator/corpus_store/5f8d7f5d-626c-4618-9139-5bf39954299f/graph_validation.json'
INFO:     127.0.0.1:42026 - "GET /api/v1/eda/observatory/64c7463d-a1a6-476e-9a02-7ef6548437d4 HTTP/1.1" 500 Internal Server Error
ERROR:    Exception in ASGI application
Traceback (most recent call last):
  File "/home/neelam/orchestrator/backend/venv/lib/python3.12/site-packages/uvicorn/protocols/http/h11_impl.py", line 415, in run_asgi
    result = await app(  # type: ignore[func-returns-value]
             ^^^^^^^^^^^^^^^^^^^^^^^^^^^^^^^^^^^^^^^^^^^^^^
  File "/home/neelam/orchestrator/backend/venv/lib/python3.12/site-packages/uvicorn/middleware/proxy_headers.py", line 63, in __call__
    return await self.app(scope, receive, send)
           ^^^^^^^^^^^^^^^^^^^^^^^^^^^^^^^^^^^^
  File "/home/neelam/orchestrator/backend/venv/lib/python3.12/site-packages/fastapi/applications.py", line 1159, in __call__
    await super().__call__(scope, receive, send)
  File "/home/neelam/orchestrator/backend/venv/lib/python3.12/site-packages/starlette/applications.py", line 90, in __call__
    await self.middleware_stack(scope, receive, send)
  File "/home/neelam/orchestrator/backend/venv/lib/python3.12/site-packages/starlette/middleware/errors.py", line 186, in __call__
    raise exc
  File "/home/neelam/orchestrator/backend/venv/lib/python3.12/site-packages/starlette/middleware/errors.py", line 164, in __call__
    await self.app(scope, receive, _send)
  File "/home/neelam/orchestrator/backend/venv/lib/python3.12/site-packages/starlette/middleware/cors.py", line 88, in __call__
    await self.app(scope, receive, send)
  File "/home/neelam/orchestrator/backend/venv/lib/python3.12/site-packages/starlette/middleware/exceptions.py", line 63, in __call__
    await wrap_app_handling_exceptions(self.app, conn)(scope, receive, send)
  File "/home/neelam/orchestrator/backend/venv/lib/python3.12/site-packages/starlette/_exception_handler.py", line 53, in wrapped_app
    raise exc
  File "/home/neelam/orchestrator/backend/venv/lib/python3.12/site-packages/starlette/_exception_handler.py", line 42, in wrapped_app
    await app(scope, receive, sender)
  File "/home/neelam/orchestrator/backend/venv/lib/python3.12/site-packages/fastapi/middleware/asyncexitstack.py", line 18, in __call__
    await self.app(scope, receive, send)
  File "/home/neelam/orchestrator/backend/venv/lib/python3.12/site-packages/starlette/routing.py", line 660, in __call__
    await self.middleware_stack(scope, receive, send)
  File "/home/neelam/orchestrator/backend/venv/lib/python3.12/site-packages/starlette/routing.py", line 680, in app
    await route.handle(scope, receive, send)
  File "/home/neelam/orchestrator/backend/venv/lib/python3.12/site-packages/starlette/routing.py", line 276, in handle
    await self.app(scope, receive, send)
  File "/home/neelam/orchestrator/backend/venv/lib/python3.12/site-packages/fastapi/routing.py", line 134, in app
    await wrap_app_handling_exceptions(app, request)(scope, receive, send)
  File "/home/neelam/orchestrator/backend/venv/lib/python3.12/site-packages/starlette/_exception_handler.py", line 53, in wrapped_app
    raise exc
  File "/home/neelam/orchestrator/backend/venv/lib/python3.12/site-packages/starlette/_exception_handler.py", line 42, in wrapped_app
    await app(scope, receive, sender)
  File "/home/neelam/orchestrator/backend/venv/lib/python3.12/site-packages/fastapi/routing.py", line 120, in app
    response = await f(request)
               ^^^^^^^^^^^^^^^^
  File "/home/neelam/orchestrator/backend/venv/lib/python3.12/site-packages/fastapi/routing.py", line 674, in app
    raw_response = await run_endpoint_function(
                   ^^^^^^^^^^^^^^^^^^^^^^^^^^^^
  File "/home/neelam/orchestrator/backend/venv/lib/python3.12/site-packages/fastapi/routing.py", line 328, in run_endpoint_function
    return await dependant.call(**values)
           ^^^^^^^^^^^^^^^^^^^^^^^^^^^^^^
  File "/home/neelam/orchestrator/backend/app/routes/eda.py", line 706, in observatory
    domain_runs = await _domain_runs(job_id, db)
                  ^^^^^^^^^^^^^^^^^^^^^^^^^^^^^^
  File "/home/neelam/orchestrator/backend/app/routes/eda.py", line 568, in _domain_runs
    gv = _safe_load(corpus_dir / "graph_validation.json") or {}
         ^^^^^^^^^^^^^^^^^^^^^^^^^^^^^^^^^^^^^^^^^^^^^^^^
  File "/home/neelam/orchestrator/backend/app/routes/eda.py", line 31, in _safe_load
    if not path.is_file():
           ^^^^^^^^^^^^^^
  File "/usr/lib/python3.12/pathlib.py", line 894, in is_file
    return S_ISREG(self.stat().st_mode)
                   ^^^^^^^^^^^
  File "/usr/lib/python3.12/pathlib.py", line 842, in stat
    return os.stat(self, follow_symlinks=follow_symlinks)
           ^^^^^^^^^^^^^^^^^^^^^^^^^^^^^^^^^^^^^^^^^^^^^^
PermissionError: [Errno 13] Permission denied: '/home/kumar1/orchestrator/corpus_store/5f8d7f5d-626c-4618-9139-5bf39954299f/graph_validation.json'
INFO:     127.0.0.1:42040 - "GET /api/v1/eda/observatory/a561dfc6-3159-4891-9f4a-0c8c919312fe HTTP/1.1" 500 Internal Server Error
ERROR:    Exception in ASGI application
Traceback (most recent call last):
  File "/home/neelam/orchestrator/backend/venv/lib/python3.12/site-packages/uvicorn/protocols/http/h11_impl.py", line 415, in run_asgi
    result = await app(  # type: ignore[func-returns-value]
             ^^^^^^^^^^^^^^^^^^^^^^^^^^^^^^^^^^^^^^^^^^^^^^
  File "/home/neelam/orchestrator/backend/venv/lib/python3.12/site-packages/uvicorn/middleware/proxy_headers.py", line 63, in __call__
    return await self.app(scope, receive, send)
           ^^^^^^^^^^^^^^^^^^^^^^^^^^^^^^^^^^^^
  File "/home/neelam/orchestrator/backend/venv/lib/python3.12/site-packages/fastapi/applications.py", line 1159, in __call__
    await super().__call__(scope, receive, send)
  File "/home/neelam/orchestrator/backend/venv/lib/python3.12/site-packages/starlette/applications.py", line 90, in __call__
    await self.middleware_stack(scope, receive, send)
  File "/home/neelam/orchestrator/backend/venv/lib/python3.12/site-packages/starlette/middleware/errors.py", line 186, in __call__
    raise exc
  File "/home/neelam/orchestrator/backend/venv/lib/python3.12/site-packages/starlette/middleware/errors.py", line 164, in __call__
    await self.app(scope, receive, _send)
  File "/home/neelam/orchestrator/backend/venv/lib/python3.12/site-packages/starlette/middleware/cors.py", line 88, in __call__
    await self.app(scope, receive, send)
  File "/home/neelam/orchestrator/backend/venv/lib/python3.12/site-packages/starlette/middleware/exceptions.py", line 63, in __call__
    await wrap_app_handling_exceptions(self.app, conn)(scope, receive, send)
  File "/home/neelam/orchestrator/backend/venv/lib/python3.12/site-packages/starlette/_exception_handler.py", line 53, in wrapped_app
    raise exc
  File "/home/neelam/orchestrator/backend/venv/lib/python3.12/site-packages/starlette/_exception_handler.py", line 42, in wrapped_app
    await app(scope, receive, sender)
  File "/home/neelam/orchestrator/backend/venv/lib/python3.12/site-packages/fastapi/middleware/asyncexitstack.py", line 18, in __call__
    await self.app(scope, receive, send)
  File "/home/neelam/orchestrator/backend/venv/lib/python3.12/site-packages/starlette/routing.py", line 660, in __call__
    await self.middleware_stack(scope, receive, send)
  File "/home/neelam/orchestrator/backend/venv/lib/python3.12/site-packages/starlette/routing.py", line 680, in app
    await route.handle(scope, receive, send)
  File "/home/neelam/orchestrator/backend/venv/lib/python3.12/site-packages/starlette/routing.py", line 276, in handle
    await self.app(scope, receive, send)
  File "/home/neelam/orchestrator/backend/venv/lib/python3.12/site-packages/fastapi/routing.py", line 134, in app
    await wrap_app_handling_exceptions(app, request)(scope, receive, send)
  File "/home/neelam/orchestrator/backend/venv/lib/python3.12/site-packages/starlette/_exception_handler.py", line 53, in wrapped_app
    raise exc
  File "/home/neelam/orchestrator/backend/venv/lib/python3.12/site-packages/starlette/_exception_handler.py", line 42, in wrapped_app
    await app(scope, receive, sender)
  File "/home/neelam/orchestrator/backend/venv/lib/python3.12/site-packages/fastapi/routing.py", line 120, in app
    response = await f(request)
               ^^^^^^^^^^^^^^^^
  File "/home/neelam/orchestrator/backend/venv/lib/python3.12/site-packages/fastapi/routing.py", line 674, in app
    raw_response = await run_endpoint_function(
                   ^^^^^^^^^^^^^^^^^^^^^^^^^^^^
  File "/home/neelam/orchestrator/backend/venv/lib/python3.12/site-packages/fastapi/routing.py", line 328, in run_endpoint_function
    return await dependant.call(**values)
           ^^^^^^^^^^^^^^^^^^^^^^^^^^^^^^
  File "/home/neelam/orchestrator/backend/app/routes/eda.py", line 706, in observatory
    domain_runs = await _domain_runs(job_id, db)
                  ^^^^^^^^^^^^^^^^^^^^^^^^^^^^^^
  File "/home/neelam/orchestrator/backend/app/routes/eda.py", line 568, in _domain_runs
    gv = _safe_load(corpus_dir / "graph_validation.json") or {}
         ^^^^^^^^^^^^^^^^^^^^^^^^^^^^^^^^^^^^^^^^^^^^^^^^
  File "/home/neelam/orchestrator/backend/app/routes/eda.py", line 31, in _safe_load
    if not path.is_file():
           ^^^^^^^^^^^^^^
  File "/usr/lib/python3.12/pathlib.py", line 894, in is_file
    return S_ISREG(self.stat().st_mode)
                   ^^^^^^^^^^^
  File "/usr/lib/python3.12/pathlib.py", line 842, in stat
    return os.stat(self, follow_symlinks=follow_symlinks)
           ^^^^^^^^^^^^^^^^^^^^^^^^^^^^^^^^^^^^^^^^^^^^^^
PermissionError: [Errno 13] Permission denied: '/home/kumar1/orchestrator/corpus_store/5f8d7f5d-626c-4618-9139-5bf39954299f/graph_validation.json'
INFO:     127.0.0.1:42052 - "GET /api/v1/data/corpora HTTP/1.1" 200 OK
INFO:     127.0.0.1:42066 - "GET /api/v1/eda/observatory/64c7463d-a1a6-476e-9a02-7ef6548437d4 HTTP/1.1" 500 Internal Server Error
ERROR:    Exception in ASGI application
Traceback (most recent call last):
  File "/home/neelam/orchestrator/backend/venv/lib/python3.12/site-packages/uvicorn/protocols/http/h11_impl.py", line 415, in run_asgi
    result = await app(  # type: ignore[func-returns-value]
             ^^^^^^^^^^^^^^^^^^^^^^^^^^^^^^^^^^^^^^^^^^^^^^
  File "/home/neelam/orchestrator/backend/venv/lib/python3.12/site-packages/uvicorn/middleware/proxy_headers.py", line 63, in __call__
    return await self.app(scope, receive, send)
           ^^^^^^^^^^^^^^^^^^^^^^^^^^^^^^^^^^^^
  File "/home/neelam/orchestrator/backend/venv/lib/python3.12/site-packages/fastapi/applications.py", line 1159, in __call__
    await super().__call__(scope, receive, send)
  File "/home/neelam/orchestrator/backend/venv/lib/python3.12/site-packages/starlette/applications.py", line 90, in __call__
    await self.middleware_stack(scope, receive, send)
  File "/home/neelam/orchestrator/backend/venv/lib/python3.12/site-packages/starlette/middleware/errors.py", line 186, in __call__
    raise exc
  File "/home/neelam/orchestrator/backend/venv/lib/python3.12/site-packages/starlette/middleware/errors.py", line 164, in __call__
    await self.app(scope, receive, _send)
  File "/home/neelam/orchestrator/backend/venv/lib/python3.12/site-packages/starlette/middleware/cors.py", line 88, in __call__
    await self.app(scope, receive, send)
  File "/home/neelam/orchestrator/backend/venv/lib/python3.12/site-packages/starlette/middleware/exceptions.py", line 63, in __call__
    await wrap_app_handling_exceptions(self.app, conn)(scope, receive, send)
  File "/home/neelam/orchestrator/backend/venv/lib/python3.12/site-packages/starlette/_exception_handler.py", line 53, in wrapped_app
    raise exc
  File "/home/neelam/orchestrator/backend/venv/lib/python3.12/site-packages/starlette/_exception_handler.py", line 42, in wrapped_app
    await app(scope, receive, sender)
  File "/home/neelam/orchestrator/backend/venv/lib/python3.12/site-packages/fastapi/middleware/asyncexitstack.py", line 18, in __call__
    await self.app(scope, receive, send)
  File "/home/neelam/orchestrator/backend/venv/lib/python3.12/site-packages/starlette/routing.py", line 660, in __call__
    await self.middleware_stack(scope, receive, send)
  File "/home/neelam/orchestrator/backend/venv/lib/python3.12/site-packages/starlette/routing.py", line 680, in app
    await route.handle(scope, receive, send)
  File "/home/neelam/orchestrator/backend/venv/lib/python3.12/site-packages/starlette/routing.py", line 276, in handle
    await self.app(scope, receive, send)
  File "/home/neelam/orchestrator/backend/venv/lib/python3.12/site-packages/fastapi/routing.py", line 134, in app
    await wrap_app_handling_exceptions(app, request)(scope, receive, send)
  File "/home/neelam/orchestrator/backend/venv/lib/python3.12/site-packages/starlette/_exception_handler.py", line 53, in wrapped_app
    raise exc
  File "/home/neelam/orchestrator/backend/venv/lib/python3.12/site-packages/starlette/_exception_handler.py", line 42, in wrapped_app
    await app(scope, receive, sender)
  File "/home/neelam/orchestrator/backend/venv/lib/python3.12/site-packages/fastapi/routing.py", line 120, in app
    response = await f(request)
               ^^^^^^^^^^^^^^^^
  File "/home/neelam/orchestrator/backend/venv/lib/python3.12/site-packages/fastapi/routing.py", line 674, in app
    raw_response = await run_endpoint_function(
                   ^^^^^^^^^^^^^^^^^^^^^^^^^^^^
  File "/home/neelam/orchestrator/backend/venv/lib/python3.12/site-packages/fastapi/routing.py", line 328, in run_endpoint_function
    return await dependant.call(**values)
           ^^^^^^^^^^^^^^^^^^^^^^^^^^^^^^
  File "/home/neelam/orchestrator/backend/app/routes/eda.py", line 706, in observatory
    domain_runs = await _domain_runs(job_id, db)
                  ^^^^^^^^^^^^^^^^^^^^^^^^^^^^^^
  File "/home/neelam/orchestrator/backend/app/routes/eda.py", line 568, in _domain_runs
    gv = _safe_load(corpus_dir / "graph_validation.json") or {}
         ^^^^^^^^^^^^^^^^^^^^^^^^^^^^^^^^^^^^^^^^^^^^^^^^
  File "/home/neelam/orchestrator/backend/app/routes/eda.py", line 31, in _safe_load
    if not path.is_file():
           ^^^^^^^^^^^^^^
  File "/usr/lib/python3.12/pathlib.py", line 894, in is_file
    return S_ISREG(self.stat().st_mode)
                   ^^^^^^^^^^^
  File "/usr/lib/python3.12/pathlib.py", line 842, in stat
    return os.stat(self, follow_symlinks=follow_symlinks)
           ^^^^^^^^^^^^^^^^^^^^^^^^^^^^^^^^^^^^^^^^^^^^^^
PermissionError: [Errno 13] Permission denied: '/home/kumar1/orchestrator/corpus_store/5f8d7f5d-626c-4618-9139-5bf39954299f/graph_validation.json'
INFO:     127.0.0.1:57348 - "GET /api/v1/data/corpora HTTP/1.1" 200 OK
INFO:     127.0.0.1:57344 - "GET /api/v1/eda/observatory/a561dfc6-3159-4891-9f4a-0c8c919312fe HTTP/1.1" 500 Internal Server Error
ERROR:    Exception in ASGI application
Traceback (most recent call last):
  File "/home/neelam/orchestrator/backend/venv/lib/python3.12/site-packages/uvicorn/protocols/http/h11_impl.py", line 415, in run_asgi
    result = await app(  # type: ignore[func-returns-value]
             ^^^^^^^^^^^^^^^^^^^^^^^^^^^^^^^^^^^^^^^^^^^^^^
  File "/home/neelam/orchestrator/backend/venv/lib/python3.12/site-packages/uvicorn/middleware/proxy_headers.py", line 63, in __call__
    return await self.app(scope, receive, send)
           ^^^^^^^^^^^^^^^^^^^^^^^^^^^^^^^^^^^^
  File "/home/neelam/orchestrator/backend/venv/lib/python3.12/site-packages/fastapi/applications.py", line 1159, in __call__
    await super().__call__(scope, receive, send)
  File "/home/neelam/orchestrator/backend/venv/lib/python3.12/site-packages/starlette/applications.py", line 90, in __call__
    await self.middleware_stack(scope, receive, send)
  File "/home/neelam/orchestrator/backend/venv/lib/python3.12/site-packages/starlette/middleware/errors.py", line 186, in __call__
    raise exc
  File "/home/neelam/orchestrator/backend/venv/lib/python3.12/site-packages/starlette/middleware/errors.py", line 164, in __call__
    await self.app(scope, receive, _send)
  File "/home/neelam/orchestrator/backend/venv/lib/python3.12/site-packages/starlette/middleware/cors.py", line 88, in __call__
    await self.app(scope, receive, send)
  File "/home/neelam/orchestrator/backend/venv/lib/python3.12/site-packages/starlette/middleware/exceptions.py", line 63, in __call__
    await wrap_app_handling_exceptions(self.app, conn)(scope, receive, send)
  File "/home/neelam/orchestrator/backend/venv/lib/python3.12/site-packages/starlette/_exception_handler.py", line 53, in wrapped_app
    raise exc
  File "/home/neelam/orchestrator/backend/venv/lib/python3.12/site-packages/starlette/_exception_handler.py", line 42, in wrapped_app
    await app(scope, receive, sender)
  File "/home/neelam/orchestrator/backend/venv/lib/python3.12/site-packages/fastapi/middleware/asyncexitstack.py", line 18, in __call__
    await self.app(scope, receive, send)
  File "/home/neelam/orchestrator/backend/venv/lib/python3.12/site-packages/starlette/routing.py", line 660, in __call__
    await self.middleware_stack(scope, receive, send)
  File "/home/neelam/orchestrator/backend/venv/lib/python3.12/site-packages/starlette/routing.py", line 680, in app
    await route.handle(scope, receive, send)
  File "/home/neelam/orchestrator/backend/venv/lib/python3.12/site-packages/starlette/routing.py", line 276, in handle
    await self.app(scope, receive, send)
  File "/home/neelam/orchestrator/backend/venv/lib/python3.12/site-packages/fastapi/routing.py", line 134, in app
    await wrap_app_handling_exceptions(app, request)(scope, receive, send)
  File "/home/neelam/orchestrator/backend/venv/lib/python3.12/site-packages/starlette/_exception_handler.py", line 53, in wrapped_app
    raise exc
  File "/home/neelam/orchestrator/backend/venv/lib/python3.12/site-packages/starlette/_exception_handler.py", line 42, in wrapped_app
    await app(scope, receive, sender)
  File "/home/neelam/orchestrator/backend/venv/lib/python3.12/site-packages/fastapi/routing.py", line 120, in app
    response = await f(request)
               ^^^^^^^^^^^^^^^^
  File "/home/neelam/orchestrator/backend/venv/lib/python3.12/site-packages/fastapi/routing.py", line 674, in app
    raw_response = await run_endpoint_function(
                   ^^^^^^^^^^^^^^^^^^^^^^^^^^^^
  File "/home/neelam/orchestrator/backend/venv/lib/python3.12/site-packages/fastapi/routing.py", line 328, in run_endpoint_function
    return await dependant.call(**values)
           ^^^^^^^^^^^^^^^^^^^^^^^^^^^^^^
  File "/home/neelam/orchestrator/backend/app/routes/eda.py", line 706, in observatory
    domain_runs = await _domain_runs(job_id, db)
                  ^^^^^^^^^^^^^^^^^^^^^^^^^^^^^^
  File "/home/neelam/orchestrator/backend/app/routes/eda.py", line 568, in _domain_runs
    gv = _safe_load(corpus_dir / "graph_validation.json") or {}
         ^^^^^^^^^^^^^^^^^^^^^^^^^^^^^^^^^^^^^^^^^^^^^^^^
  File "/home/neelam/orchestrator/backend/app/routes/eda.py", line 31, in _safe_load
    if not path.is_file():
           ^^^^^^^^^^^^^^
  File "/usr/lib/python3.12/pathlib.py", line 894, in is_file
    return S_ISREG(self.stat().st_mode)
                   ^^^^^^^^^^^
  File "/usr/lib/python3.12/pathlib.py", line 842, in stat
    return os.stat(self, follow_symlinks=follow_symlinks)
           ^^^^^^^^^^^^^^^^^^^^^^^^^^^^^^^^^^^^^^^^^^^^^^
PermissionError: [Errno 13] Permission denied: '/home/kumar1/orchestrator/corpus_store/5f8d7f5d-626c-4618-9139-5bf39954299f/graph_validation.json'
INFO:     127.0.0.1:57354 - "GET /api/v1/eda/observatory/64c7463d-a1a6-476e-9a02-7ef6548437d4 HTTP/1.1" 500 Internal Server Error
ERROR:    Exception in ASGI application
Traceback (most recent call last):
  File "/home/neelam/orchestrator/backend/venv/lib/python3.12/site-packages/uvicorn/protocols/http/h11_impl.py", line 415, in run_asgi
    result = await app(  # type: ignore[func-returns-value]
             ^^^^^^^^^^^^^^^^^^^^^^^^^^^^^^^^^^^^^^^^^^^^^^
  File "/home/neelam/orchestrator/backend/venv/lib/python3.12/site-packages/uvicorn/middleware/proxy_headers.py", line 63, in __call__
    return await self.app(scope, receive, send)
           ^^^^^^^^^^^^^^^^^^^^^^^^^^^^^^^^^^^^
  File "/home/neelam/orchestrator/backend/venv/lib/python3.12/site-packages/fastapi/applications.py", line 1159, in __call__
    await super().__call__(scope, receive, send)
  File "/home/neelam/orchestrator/backend/venv/lib/python3.12/site-packages/starlette/applications.py", line 90, in __call__
    await self.middleware_stack(scope, receive, send)
  File "/home/neelam/orchestrator/backend/venv/lib/python3.12/site-packages/starlette/middleware/errors.py", line 186, in __call__
    raise exc
  File "/home/neelam/orchestrator/backend/venv/lib/python3.12/site-packages/starlette/middleware/errors.py", line 164, in __call__
    await self.app(scope, receive, _send)
  File "/home/neelam/orchestrator/backend/venv/lib/python3.12/site-packages/starlette/middleware/cors.py", line 88, in __call__
    await self.app(scope, receive, send)
  File "/home/neelam/orchestrator/backend/venv/lib/python3.12/site-packages/starlette/middleware/exceptions.py", line 63, in __call__
    await wrap_app_handling_exceptions(self.app, conn)(scope, receive, send)
  File "/home/neelam/orchestrator/backend/venv/lib/python3.12/site-packages/starlette/_exception_handler.py", line 53, in wrapped_app
    raise exc
  File "/home/neelam/orchestrator/backend/venv/lib/python3.12/site-packages/starlette/_exception_handler.py", line 42, in wrapped_app
    await app(scope, receive, sender)
  File "/home/neelam/orchestrator/backend/venv/lib/python3.12/site-packages/fastapi/middleware/asyncexitstack.py", line 18, in __call__
    await self.app(scope, receive, send)
  File "/home/neelam/orchestrator/backend/venv/lib/python3.12/site-packages/starlette/routing.py", line 660, in __call__
    await self.middleware_stack(scope, receive, send)
  File "/home/neelam/orchestrator/backend/venv/lib/python3.12/site-packages/starlette/routing.py", line 680, in app
    await route.handle(scope, receive, send)
  File "/home/neelam/orchestrator/backend/venv/lib/python3.12/site-packages/starlette/routing.py", line 276, in handle
    await self.app(scope, receive, send)
  File "/home/neelam/orchestrator/backend/venv/lib/python3.12/site-packages/fastapi/routing.py", line 134, in app
    await wrap_app_handling_exceptions(app, request)(scope, receive, send)
  File "/home/neelam/orchestrator/backend/venv/lib/python3.12/site-packages/starlette/_exception_handler.py", line 53, in wrapped_app
    raise exc
  File "/home/neelam/orchestrator/backend/venv/lib/python3.12/site-packages/starlette/_exception_handler.py", line 42, in wrapped_app
    await app(scope, receive, sender)
  File "/home/neelam/orchestrator/backend/venv/lib/python3.12/site-packages/fastapi/routing.py", line 120, in app
    response = await f(request)
               ^^^^^^^^^^^^^^^^
  File "/home/neelam/orchestrator/backend/venv/lib/python3.12/site-packages/fastapi/routing.py", line 674, in app
    raw_response = await run_endpoint_function(
                   ^^^^^^^^^^^^^^^^^^^^^^^^^^^^
  File "/home/neelam/orchestrator/backend/venv/lib/python3.12/site-packages/fastapi/routing.py", line 328, in run_endpoint_function
    return await dependant.call(**values)
           ^^^^^^^^^^^^^^^^^^^^^^^^^^^^^^
  File "/home/neelam/orchestrator/backend/app/routes/eda.py", line 706, in observatory
    domain_runs = await _domain_runs(job_id, db)
                  ^^^^^^^^^^^^^^^^^^^^^^^^^^^^^^
  File "/home/neelam/orchestrator/backend/app/routes/eda.py", line 568, in _domain_runs
    gv = _safe_load(corpus_dir / "graph_validation.json") or {}
         ^^^^^^^^^^^^^^^^^^^^^^^^^^^^^^^^^^^^^^^^^^^^^^^^
  File "/home/neelam/orchestrator/backend/app/routes/eda.py", line 31, in _safe_load
    if not path.is_file():
           ^^^^^^^^^^^^^^
  File "/usr/lib/python3.12/pathlib.py", line 894, in is_file
    return S_ISREG(self.stat().st_mode)
                   ^^^^^^^^^^^
  File "/usr/lib/python3.12/pathlib.py", line 842, in stat
    return os.stat(self, follow_symlinks=follow_symlinks)
           ^^^^^^^^^^^^^^^^^^^^^^^^^^^^^^^^^^^^^^^^^^^^^^
PermissionError: [Errno 13] Permission denied: '/home/kumar1/orchestrator/corpus_store/5f8d7f5d-626c-4618-9139-5bf39954299f/graph_validation.json'
INFO:     127.0.0.1:57368 - "GET /api/v1/eda/observatory/a561dfc6-3159-4891-9f4a-0c8c919312fe HTTP/1.1" 500 Internal Server Error
ERROR:    Exception in ASGI application
Traceback (most recent call last):
  File "/home/neelam/orchestrator/backend/venv/lib/python3.12/site-packages/uvicorn/protocols/http/h11_impl.py", line 415, in run_asgi
    result = await app(  # type: ignore[func-returns-value]
             ^^^^^^^^^^^^^^^^^^^^^^^^^^^^^^^^^^^^^^^^^^^^^^
  File "/home/neelam/orchestrator/backend/venv/lib/python3.12/site-packages/uvicorn/middleware/proxy_headers.py", line 63, in __call__
    return await self.app(scope, receive, send)
           ^^^^^^^^^^^^^^^^^^^^^^^^^^^^^^^^^^^^
  File "/home/neelam/orchestrator/backend/venv/lib/python3.12/site-packages/fastapi/applications.py", line 1159, in __call__
    await super().__call__(scope, receive, send)
  File "/home/neelam/orchestrator/backend/venv/lib/python3.12/site-packages/starlette/applications.py", line 90, in __call__
    await self.middleware_stack(scope, receive, send)
  File "/home/neelam/orchestrator/backend/venv/lib/python3.12/site-packages/starlette/middleware/errors.py", line 186, in __call__
    raise exc
  File "/home/neelam/orchestrator/backend/venv/lib/python3.12/site-packages/starlette/middleware/errors.py", line 164, in __call__
    await self.app(scope, receive, _send)
  File "/home/neelam/orchestrator/backend/venv/lib/python3.12/site-packages/starlette/middleware/cors.py", line 88, in __call__
    await self.app(scope, receive, send)
  File "/home/neelam/orchestrator/backend/venv/lib/python3.12/site-packages/starlette/middleware/exceptions.py", line 63, in __call__
    await wrap_app_handling_exceptions(self.app, conn)(scope, receive, send)
  File "/home/neelam/orchestrator/backend/venv/lib/python3.12/site-packages/starlette/_exception_handler.py", line 53, in wrapped_app
    raise exc
  File "/home/neelam/orchestrator/backend/venv/lib/python3.12/site-packages/starlette/_exception_handler.py", line 42, in wrapped_app
    await app(scope, receive, sender)
  File "/home/neelam/orchestrator/backend/venv/lib/python3.12/site-packages/fastapi/middleware/asyncexitstack.py", line 18, in __call__
    await self.app(scope, receive, send)
  File "/home/neelam/orchestrator/backend/venv/lib/python3.12/site-packages/starlette/routing.py", line 660, in __call__
    await self.middleware_stack(scope, receive, send)
  File "/home/neelam/orchestrator/backend/venv/lib/python3.12/site-packages/starlette/routing.py", line 680, in app
    await route.handle(scope, receive, send)
  File "/home/neelam/orchestrator/backend/venv/lib/python3.12/site-packages/starlette/routing.py", line 276, in handle
    await self.app(scope, receive, send)
  File "/home/neelam/orchestrator/backend/venv/lib/python3.12/site-packages/fastapi/routing.py", line 134, in app
    await wrap_app_handling_exceptions(app, request)(scope, receive, send)
  File "/home/neelam/orchestrator/backend/venv/lib/python3.12/site-packages/starlette/_exception_handler.py", line 53, in wrapped_app
    raise exc
  File "/home/neelam/orchestrator/backend/venv/lib/python3.12/site-packages/starlette/_exception_handler.py", line 42, in wrapped_app
    await app(scope, receive, sender)
  File "/home/neelam/orchestrator/backend/venv/lib/python3.12/site-packages/fastapi/routing.py", line 120, in app
    response = await f(request)
               ^^^^^^^^^^^^^^^^
  File "/home/neelam/orchestrator/backend/venv/lib/python3.12/site-packages/fastapi/routing.py", line 674, in app
    raw_response = await run_endpoint_function(
                   ^^^^^^^^^^^^^^^^^^^^^^^^^^^^
  File "/home/neelam/orchestrator/backend/venv/lib/python3.12/site-packages/fastapi/routing.py", line 328, in run_endpoint_function
    return await dependant.call(**values)
           ^^^^^^^^^^^^^^^^^^^^^^^^^^^^^^
  File "/home/neelam/orchestrator/backend/app/routes/eda.py", line 706, in observatory
    domain_runs = await _domain_runs(job_id, db)
                  ^^^^^^^^^^^^^^^^^^^^^^^^^^^^^^
  File "/home/neelam/orchestrator/backend/app/routes/eda.py", line 568, in _domain_runs
    gv = _safe_load(corpus_dir / "graph_validation.json") or {}
         ^^^^^^^^^^^^^^^^^^^^^^^^^^^^^^^^^^^^^^^^^^^^^^^^
  File "/home/neelam/orchestrator/backend/app/routes/eda.py", line 31, in _safe_load
    if not path.is_file():
           ^^^^^^^^^^^^^^
  File "/usr/lib/python3.12/pathlib.py", line 894, in is_file
    return S_ISREG(self.stat().st_mode)
                   ^^^^^^^^^^^
  File "/usr/lib/python3.12/pathlib.py", line 842, in stat
    return os.stat(self, follow_symlinks=follow_symlinks)
           ^^^^^^^^^^^^^^^^^^^^^^^^^^^^^^^^^^^^^^^^^^^^^^
PermissionError: [Errno 13] Permission denied: '/home/kumar1/orchestrator/corpus_store/5f8d7f5d-626c-4618-9139-5bf39954299f/graph_validation.json'
INFO:     127.0.0.1:57378 - "GET /api/v1/data/corpora HTTP/1.1" 200 OK
INFO:     127.0.0.1:57384 - "GET /api/v1/eda/observatory/64c7463d-a1a6-476e-9a02-7ef6548437d4 HTTP/1.1" 500 Internal Server Error
ERROR:    Exception in ASGI application
Traceback (most recent call last):
  File "/home/neelam/orchestrator/backend/venv/lib/python3.12/site-packages/uvicorn/protocols/http/h11_impl.py", line 415, in run_asgi
    result = await app(  # type: ignore[func-returns-value]
             ^^^^^^^^^^^^^^^^^^^^^^^^^^^^^^^^^^^^^^^^^^^^^^
  File "/home/neelam/orchestrator/backend/venv/lib/python3.12/site-packages/uvicorn/middleware/proxy_headers.py", line 63, in __call__
    return await self.app(scope, receive, send)
           ^^^^^^^^^^^^^^^^^^^^^^^^^^^^^^^^^^^^
  File "/home/neelam/orchestrator/backend/venv/lib/python3.12/site-packages/fastapi/applications.py", line 1159, in __call__
    await super().__call__(scope, receive, send)
  File "/home/neelam/orchestrator/backend/venv/lib/python3.12/site-packages/starlette/applications.py", line 90, in __call__
    await self.middleware_stack(scope, receive, send)
  File "/home/neelam/orchestrator/backend/venv/lib/python3.12/site-packages/starlette/middleware/errors.py", line 186, in __call__
    raise exc
  File "/home/neelam/orchestrator/backend/venv/lib/python3.12/site-packages/starlette/middleware/errors.py", line 164, in __call__
    await self.app(scope, receive, _send)
  File "/home/neelam/orchestrator/backend/venv/lib/python3.12/site-packages/starlette/middleware/cors.py", line 88, in __call__
    await self.app(scope, receive, send)
  File "/home/neelam/orchestrator/backend/venv/lib/python3.12/site-packages/starlette/middleware/exceptions.py", line 63, in __call__
    await wrap_app_handling_exceptions(self.app, conn)(scope, receive, send)
  File "/home/neelam/orchestrator/backend/venv/lib/python3.12/site-packages/starlette/_exception_handler.py", line 53, in wrapped_app
    raise exc
  File "/home/neelam/orchestrator/backend/venv/lib/python3.12/site-packages/starlette/_exception_handler.py", line 42, in wrapped_app
    await app(scope, receive, sender)
  File "/home/neelam/orchestrator/backend/venv/lib/python3.12/site-packages/fastapi/middleware/asyncexitstack.py", line 18, in __call__
    await self.app(scope, receive, send)
  File "/home/neelam/orchestrator/backend/venv/lib/python3.12/site-packages/starlette/routing.py", line 660, in __call__
    await self.middleware_stack(scope, receive, send)
  File "/home/neelam/orchestrator/backend/venv/lib/python3.12/site-packages/starlette/routing.py", line 680, in app
    await route.handle(scope, receive, send)
  File "/home/neelam/orchestrator/backend/venv/lib/python3.12/site-packages/starlette/routing.py", line 276, in handle
    await self.app(scope, receive, send)
  File "/home/neelam/orchestrator/backend/venv/lib/python3.12/site-packages/fastapi/routing.py", line 134, in app
    await wrap_app_handling_exceptions(app, request)(scope, receive, send)
  File "/home/neelam/orchestrator/backend/venv/lib/python3.12/site-packages/starlette/_exception_handler.py", line 53, in wrapped_app
    raise exc
  File "/home/neelam/orchestrator/backend/venv/lib/python3.12/site-packages/starlette/_exception_handler.py", line 42, in wrapped_app
    await app(scope, receive, sender)
  File "/home/neelam/orchestrator/backend/venv/lib/python3.12/site-packages/fastapi/routing.py", line 120, in app
    response = await f(request)
               ^^^^^^^^^^^^^^^^
  File "/home/neelam/orchestrator/backend/venv/lib/python3.12/site-packages/fastapi/routing.py", line 674, in app
    raw_response = await run_endpoint_function(
                   ^^^^^^^^^^^^^^^^^^^^^^^^^^^^
  File "/home/neelam/orchestrator/backend/venv/lib/python3.12/site-packages/fastapi/routing.py", line 328, in run_endpoint_function
    return await dependant.call(**values)
           ^^^^^^^^^^^^^^^^^^^^^^^^^^^^^^
  File "/home/neelam/orchestrator/backend/app/routes/eda.py", line 706, in observatory
    domain_runs = await _domain_runs(job_id, db)
                  ^^^^^^^^^^^^^^^^^^^^^^^^^^^^^^
  File "/home/neelam/orchestrator/backend/app/routes/eda.py", line 568, in _domain_runs
    gv = _safe_load(corpus_dir / "graph_validation.json") or {}
         ^^^^^^^^^^^^^^^^^^^^^^^^^^^^^^^^^^^^^^^^^^^^^^^^
  File "/home/neelam/orchestrator/backend/app/routes/eda.py", line 31, in _safe_load
    if not path.is_file():
           ^^^^^^^^^^^^^^
  File "/usr/lib/python3.12/pathlib.py", line 894, in is_file
    return S_ISREG(self.stat().st_mode)
                   ^^^^^^^^^^^
  File "/usr/lib/python3.12/pathlib.py", line 842, in stat
    return os.stat(self, follow_symlinks=follow_symlinks)
           ^^^^^^^^^^^^^^^^^^^^^^^^^^^^^^^^^^^^^^^^^^^^^^
PermissionError: [Errno 13] Permission denied: '/home/kumar1/orchestrator/corpus_store/5f8d7f5d-626c-4618-9139-5bf39954299f/graph_validation.json'
INFO:     127.0.0.1:36552 - "GET /api/v1/eda/observatory/a561dfc6-3159-4891-9f4a-0c8c919312fe HTTP/1.1" 500 Internal Server Error
ERROR:    Exception in ASGI application
Traceback (most recent call last):
  File "/home/neelam/orchestrator/backend/venv/lib/python3.12/site-packages/uvicorn/protocols/http/h11_impl.py", line 415, in run_asgi
    result = await app(  # type: ignore[func-returns-value]
             ^^^^^^^^^^^^^^^^^^^^^^^^^^^^^^^^^^^^^^^^^^^^^^
  File "/home/neelam/orchestrator/backend/venv/lib/python3.12/site-packages/uvicorn/middleware/proxy_headers.py", line 63, in __call__
    return await self.app(scope, receive, send)
           ^^^^^^^^^^^^^^^^^^^^^^^^^^^^^^^^^^^^
  File "/home/neelam/orchestrator/backend/venv/lib/python3.12/site-packages/fastapi/applications.py", line 1159, in __call__
    await super().__call__(scope, receive, send)
  File "/home/neelam/orchestrator/backend/venv/lib/python3.12/site-packages/starlette/applications.py", line 90, in __call__
    await self.middleware_stack(scope, receive, send)
  File "/home/neelam/orchestrator/backend/venv/lib/python3.12/site-packages/starlette/middleware/errors.py", line 186, in __call__
    raise exc
  File "/home/neelam/orchestrator/backend/venv/lib/python3.12/site-packages/starlette/middleware/errors.py", line 164, in __call__
    await self.app(scope, receive, _send)
  File "/home/neelam/orchestrator/backend/venv/lib/python3.12/site-packages/starlette/middleware/cors.py", line 88, in __call__
    await self.app(scope, receive, send)
  File "/home/neelam/orchestrator/backend/venv/lib/python3.12/site-packages/starlette/middleware/exceptions.py", line 63, in __call__
    await wrap_app_handling_exceptions(self.app, conn)(scope, receive, send)
  File "/home/neelam/orchestrator/backend/venv/lib/python3.12/site-packages/starlette/_exception_handler.py", line 53, in wrapped_app
    raise exc
  File "/home/neelam/orchestrator/backend/venv/lib/python3.12/site-packages/starlette/_exception_handler.py", line 42, in wrapped_app
    await app(scope, receive, sender)
  File "/home/neelam/orchestrator/backend/venv/lib/python3.12/site-packages/fastapi/middleware/asyncexitstack.py", line 18, in __call__
    await self.app(scope, receive, send)
  File "/home/neelam/orchestrator/backend/venv/lib/python3.12/site-packages/starlette/routing.py", line 660, in __call__
    await self.middleware_stack(scope, receive, send)
  File "/home/neelam/orchestrator/backend/venv/lib/python3.12/site-packages/starlette/routing.py", line 680, in app
    await route.handle(scope, receive, send)
  File "/home/neelam/orchestrator/backend/venv/lib/python3.12/site-packages/starlette/routing.py", line 276, in handle
    await self.app(scope, receive, send)
  File "/home/neelam/orchestrator/backend/venv/lib/python3.12/site-packages/fastapi/routing.py", line 134, in app
    await wrap_app_handling_exceptions(app, request)(scope, receive, send)
  File "/home/neelam/orchestrator/backend/venv/lib/python3.12/site-packages/starlette/_exception_handler.py", line 53, in wrapped_app
    raise exc
  File "/home/neelam/orchestrator/backend/venv/lib/python3.12/site-packages/starlette/_exception_handler.py", line 42, in wrapped_app
    await app(scope, receive, sender)
  File "/home/neelam/orchestrator/backend/venv/lib/python3.12/site-packages/fastapi/routing.py", line 120, in app
    response = await f(request)
               ^^^^^^^^^^^^^^^^
  File "/home/neelam/orchestrator/backend/venv/lib/python3.12/site-packages/fastapi/routing.py", line 674, in app
    raw_response = await run_endpoint_function(
                   ^^^^^^^^^^^^^^^^^^^^^^^^^^^^
  File "/home/neelam/orchestrator/backend/venv/lib/python3.12/site-packages/fastapi/routing.py", line 328, in run_endpoint_function
    return await dependant.call(**values)
           ^^^^^^^^^^^^^^^^^^^^^^^^^^^^^^
  File "/home/neelam/orchestrator/backend/app/routes/eda.py", line 706, in observatory
    domain_runs = await _domain_runs(job_id, db)
                  ^^^^^^^^^^^^^^^^^^^^^^^^^^^^^^
  File "/home/neelam/orchestrator/backend/app/routes/eda.py", line 568, in _domain_runs
    gv = _safe_load(corpus_dir / "graph_validation.json") or {}
         ^^^^^^^^^^^^^^^^^^^^^^^^^^^^^^^^^^^^^^^^^^^^^^^^
  File "/home/neelam/orchestrator/backend/app/routes/eda.py", line 31, in _safe_load
    if not path.is_file():
           ^^^^^^^^^^^^^^
  File "/usr/lib/python3.12/pathlib.py", line 894, in is_file
    return S_ISREG(self.stat().st_mode)
                   ^^^^^^^^^^^
  File "/usr/lib/python3.12/pathlib.py", line 842, in stat
    return os.stat(self, follow_symlinks=follow_symlinks)
           ^^^^^^^^^^^^^^^^^^^^^^^^^^^^^^^^^^^^^^^^^^^^^^
PermissionError: [Errno 13] Permission denied: '/home/kumar1/orchestrator/corpus_store/5f8d7f5d-626c-4618-9139-5bf39954299f/graph_validation.json'
INFO:     127.0.0.1:36562 - "GET /api/v1/data/corpora HTTP/1.1" 200 OK
INFO:     127.0.0.1:36572 - "GET /api/v1/eda/observatory/64c7463d-a1a6-476e-9a02-7ef6548437d4 HTTP/1.1" 500 Internal Server Error
ERROR:    Exception in ASGI application
Traceback (most recent call last):
  File "/home/neelam/orchestrator/backend/venv/lib/python3.12/site-packages/uvicorn/protocols/http/h11_impl.py", line 415, in run_asgi
    result = await app(  # type: ignore[func-returns-value]
             ^^^^^^^^^^^^^^^^^^^^^^^^^^^^^^^^^^^^^^^^^^^^^^
  File "/home/neelam/orchestrator/backend/venv/lib/python3.12/site-packages/uvicorn/middleware/proxy_headers.py", line 63, in __call__
    return await self.app(scope, receive, send)
           ^^^^^^^^^^^^^^^^^^^^^^^^^^^^^^^^^^^^
  File "/home/neelam/orchestrator/backend/venv/lib/python3.12/site-packages/fastapi/applications.py", line 1159, in __call__
    await super().__call__(scope, receive, send)
  File "/home/neelam/orchestrator/backend/venv/lib/python3.12/site-packages/starlette/applications.py", line 90, in __call__
    await self.middleware_stack(scope, receive, send)
  File "/home/neelam/orchestrator/backend/venv/lib/python3.12/site-packages/starlette/middleware/errors.py", line 186, in __call__
    raise exc
  File "/home/neelam/orchestrator/backend/venv/lib/python3.12/site-packages/starlette/middleware/errors.py", line 164, in __call__
    await self.app(scope, receive, _send)
  File "/home/neelam/orchestrator/backend/venv/lib/python3.12/site-packages/starlette/middleware/cors.py", line 88, in __call__
    await self.app(scope, receive, send)
  File "/home/neelam/orchestrator/backend/venv/lib/python3.12/site-packages/starlette/middleware/exceptions.py", line 63, in __call__
    await wrap_app_handling_exceptions(self.app, conn)(scope, receive, send)
  File "/home/neelam/orchestrator/backend/venv/lib/python3.12/site-packages/starlette/_exception_handler.py", line 53, in wrapped_app
    raise exc
  File "/home/neelam/orchestrator/backend/venv/lib/python3.12/site-packages/starlette/_exception_handler.py", line 42, in wrapped_app
    await app(scope, receive, sender)
  File "/home/neelam/orchestrator/backend/venv/lib/python3.12/site-packages/fastapi/middleware/asyncexitstack.py", line 18, in __call__
    await self.app(scope, receive, send)
  File "/home/neelam/orchestrator/backend/venv/lib/python3.12/site-packages/starlette/routing.py", line 660, in __call__
    await self.middleware_stack(scope, receive, send)
  File "/home/neelam/orchestrator/backend/venv/lib/python3.12/site-packages/starlette/routing.py", line 680, in app
    await route.handle(scope, receive, send)
  File "/home/neelam/orchestrator/backend/venv/lib/python3.12/site-packages/starlette/routing.py", line 276, in handle
    await self.app(scope, receive, send)
  File "/home/neelam/orchestrator/backend/venv/lib/python3.12/site-packages/fastapi/routing.py", line 134, in app
    await wrap_app_handling_exceptions(app, request)(scope, receive, send)
  File "/home/neelam/orchestrator/backend/venv/lib/python3.12/site-packages/starlette/_exception_handler.py", line 53, in wrapped_app
    raise exc
  File "/home/neelam/orchestrator/backend/venv/lib/python3.12/site-packages/starlette/_exception_handler.py", line 42, in wrapped_app
    await app(scope, receive, sender)
  File "/home/neelam/orchestrator/backend/venv/lib/python3.12/site-packages/fastapi/routing.py", line 120, in app
    response = await f(request)
               ^^^^^^^^^^^^^^^^
  File "/home/neelam/orchestrator/backend/venv/lib/python3.12/site-packages/fastapi/routing.py", line 674, in app
    raw_response = await run_endpoint_function(
                   ^^^^^^^^^^^^^^^^^^^^^^^^^^^^
  File "/home/neelam/orchestrator/backend/venv/lib/python3.12/site-packages/fastapi/routing.py", line 328, in run_endpoint_function
    return await dependant.call(**values)
           ^^^^^^^^^^^^^^^^^^^^^^^^^^^^^^
  File "/home/neelam/orchestrator/backend/app/routes/eda.py", line 706, in observatory
    domain_runs = await _domain_runs(job_id, db)
                  ^^^^^^^^^^^^^^^^^^^^^^^^^^^^^^
  File "/home/neelam/orchestrator/backend/app/routes/eda.py", line 568, in _domain_runs
    gv = _safe_load(corpus_dir / "graph_validation.json") or {}
         ^^^^^^^^^^^^^^^^^^^^^^^^^^^^^^^^^^^^^^^^^^^^^^^^
  File "/home/neelam/orchestrator/backend/app/routes/eda.py", line 31, in _safe_load
    if not path.is_file():
           ^^^^^^^^^^^^^^
  File "/usr/lib/python3.12/pathlib.py", line 894, in is_file
    return S_ISREG(self.stat().st_mode)
                   ^^^^^^^^^^^
  File "/usr/lib/python3.12/pathlib.py", line 842, in stat
    return os.stat(self, follow_symlinks=follow_symlinks)
           ^^^^^^^^^^^^^^^^^^^^^^^^^^^^^^^^^^^^^^^^^^^^^^
PermissionError: [Errno 13] Permission denied: '/home/kumar1/orchestrator/corpus_store/5f8d7f5d-626c-4618-9139-5bf39954299f/graph_validation.json'
INFO:     127.0.0.1:36578 - "GET /api/v1/eda/observatory/a561dfc6-3159-4891-9f4a-0c8c919312fe HTTP/1.1" 500 Internal Server Error
ERROR:    Exception in ASGI application
Traceback (most recent call last):
  File "/home/neelam/orchestrator/backend/venv/lib/python3.12/site-packages/uvicorn/protocols/http/h11_impl.py", line 415, in run_asgi
    result = await app(  # type: ignore[func-returns-value]
             ^^^^^^^^^^^^^^^^^^^^^^^^^^^^^^^^^^^^^^^^^^^^^^
  File "/home/neelam/orchestrator/backend/venv/lib/python3.12/site-packages/uvicorn/middleware/proxy_headers.py", line 63, in __call__
    return await self.app(scope, receive, send)
           ^^^^^^^^^^^^^^^^^^^^^^^^^^^^^^^^^^^^
  File "/home/neelam/orchestrator/backend/venv/lib/python3.12/site-packages/fastapi/applications.py", line 1159, in __call__
    await super().__call__(scope, receive, send)
  File "/home/neelam/orchestrator/backend/venv/lib/python3.12/site-packages/starlette/applications.py", line 90, in __call__
    await self.middleware_stack(scope, receive, send)
  File "/home/neelam/orchestrator/backend/venv/lib/python3.12/site-packages/starlette/middleware/errors.py", line 186, in __call__
    raise exc
  File "/home/neelam/orchestrator/backend/venv/lib/python3.12/site-packages/starlette/middleware/errors.py", line 164, in __call__
    await self.app(scope, receive, _send)
  File "/home/neelam/orchestrator/backend/venv/lib/python3.12/site-packages/starlette/middleware/cors.py", line 88, in __call__
    await self.app(scope, receive, send)
  File "/home/neelam/orchestrator/backend/venv/lib/python3.12/site-packages/starlette/middleware/exceptions.py", line 63, in __call__
    await wrap_app_handling_exceptions(self.app, conn)(scope, receive, send)
  File "/home/neelam/orchestrator/backend/venv/lib/python3.12/site-packages/starlette/_exception_handler.py", line 53, in wrapped_app
    raise exc
  File "/home/neelam/orchestrator/backend/venv/lib/python3.12/site-packages/starlette/_exception_handler.py", line 42, in wrapped_app
    await app(scope, receive, sender)
  File "/home/neelam/orchestrator/backend/venv/lib/python3.12/site-packages/fastapi/middleware/asyncexitstack.py", line 18, in __call__
    await self.app(scope, receive, send)
  File "/home/neelam/orchestrator/backend/venv/lib/python3.12/site-packages/starlette/routing.py", line 660, in __call__
    await self.middleware_stack(scope, receive, send)
  File "/home/neelam/orchestrator/backend/venv/lib/python3.12/site-packages/starlette/routing.py", line 680, in app
    await route.handle(scope, receive, send)
  File "/home/neelam/orchestrator/backend/venv/lib/python3.12/site-packages/starlette/routing.py", line 276, in handle
    await self.app(scope, receive, send)
  File "/home/neelam/orchestrator/backend/venv/lib/python3.12/site-packages/fastapi/routing.py", line 134, in app
    await wrap_app_handling_exceptions(app, request)(scope, receive, send)
  File "/home/neelam/orchestrator/backend/venv/lib/python3.12/site-packages/starlette/_exception_handler.py", line 53, in wrapped_app
    raise exc
  File "/home/neelam/orchestrator/backend/venv/lib/python3.12/site-packages/starlette/_exception_handler.py", line 42, in wrapped_app
    await app(scope, receive, sender)
  File "/home/neelam/orchestrator/backend/venv/lib/python3.12/site-packages/fastapi/routing.py", line 120, in app
    response = await f(request)
               ^^^^^^^^^^^^^^^^
  File "/home/neelam/orchestrator/backend/venv/lib/python3.12/site-packages/fastapi/routing.py", line 674, in app
    raw_response = await run_endpoint_function(
                   ^^^^^^^^^^^^^^^^^^^^^^^^^^^^
  File "/home/neelam/orchestrator/backend/venv/lib/python3.12/site-packages/fastapi/routing.py", line 328, in run_endpoint_function
    return await dependant.call(**values)
           ^^^^^^^^^^^^^^^^^^^^^^^^^^^^^^
  File "/home/neelam/orchestrator/backend/app/routes/eda.py", line 706, in observatory
    domain_runs = await _domain_runs(job_id, db)
                  ^^^^^^^^^^^^^^^^^^^^^^^^^^^^^^
  File "/home/neelam/orchestrator/backend/app/routes/eda.py", line 568, in _domain_runs
    gv = _safe_load(corpus_dir / "graph_validation.json") or {}
         ^^^^^^^^^^^^^^^^^^^^^^^^^^^^^^^^^^^^^^^^^^^^^^^^
  File "/home/neelam/orchestrator/backend/app/routes/eda.py", line 31, in _safe_load
    if not path.is_file():
           ^^^^^^^^^^^^^^
  File "/usr/lib/python3.12/pathlib.py", line 894, in is_file
    return S_ISREG(self.stat().st_mode)
                   ^^^^^^^^^^^
  File "/usr/lib/python3.12/pathlib.py", line 842, in stat
    return os.stat(self, follow_symlinks=follow_symlinks)
           ^^^^^^^^^^^^^^^^^^^^^^^^^^^^^^^^^^^^^^^^^^^^^^
PermissionError: [Errno 13] Permission denied: '/home/kumar1/orchestrator/corpus_store/5f8d7f5d-626c-4618-9139-5bf39954299f/graph_validation.json'
INFO:     127.0.0.1:36580 - "GET /api/v1/data/corpora HTTP/1.1" 200 OK
INFO:     127.0.0.1:36586 - "GET /api/v1/eda/observatory/64c7463d-a1a6-476e-9a02-7ef6548437d4 HTTP/1.1" 500 Internal Server Error
ERROR:    Exception in ASGI application
Traceback (most recent call last):
  File "/home/neelam/orchestrator/backend/venv/lib/python3.12/site-packages/uvicorn/protocols/http/h11_impl.py", line 415, in run_asgi
    result = await app(  # type: ignore[func-returns-value]
             ^^^^^^^^^^^^^^^^^^^^^^^^^^^^^^^^^^^^^^^^^^^^^^
  File "/home/neelam/orchestrator/backend/venv/lib/python3.12/site-packages/uvicorn/middleware/proxy_headers.py", line 63, in __call__
    return await self.app(scope, receive, send)
           ^^^^^^^^^^^^^^^^^^^^^^^^^^^^^^^^^^^^
  File "/home/neelam/orchestrator/backend/venv/lib/python3.12/site-packages/fastapi/applications.py", line 1159, in __call__
    await super().__call__(scope, receive, send)
  File "/home/neelam/orchestrator/backend/venv/lib/python3.12/site-packages/starlette/applications.py", line 90, in __call__
    await self.middleware_stack(scope, receive, send)
  File "/home/neelam/orchestrator/backend/venv/lib/python3.12/site-packages/starlette/middleware/errors.py", line 186, in __call__
    raise exc
  File "/home/neelam/orchestrator/backend/venv/lib/python3.12/site-packages/starlette/middleware/errors.py", line 164, in __call__
    await self.app(scope, receive, _send)
  File "/home/neelam/orchestrator/backend/venv/lib/python3.12/site-packages/starlette/middleware/cors.py", line 88, in __call__
    await self.app(scope, receive, send)
  File "/home/neelam/orchestrator/backend/venv/lib/python3.12/site-packages/starlette/middleware/exceptions.py", line 63, in __call__
    await wrap_app_handling_exceptions(self.app, conn)(scope, receive, send)
  File "/home/neelam/orchestrator/backend/venv/lib/python3.12/site-packages/starlette/_exception_handler.py", line 53, in wrapped_app
    raise exc
  File "/home/neelam/orchestrator/backend/venv/lib/python3.12/site-packages/starlette/_exception_handler.py", line 42, in wrapped_app
    await app(scope, receive, sender)
  File "/home/neelam/orchestrator/backend/venv/lib/python3.12/site-packages/fastapi/middleware/asyncexitstack.py", line 18, in __call__
    await self.app(scope, receive, send)
  File "/home/neelam/orchestrator/backend/venv/lib/python3.12/site-packages/starlette/routing.py", line 660, in __call__
    await self.middleware_stack(scope, receive, send)
  File "/home/neelam/orchestrator/backend/venv/lib/python3.12/site-packages/starlette/routing.py", line 680, in app
    await route.handle(scope, receive, send)
  File "/home/neelam/orchestrator/backend/venv/lib/python3.12/site-packages/starlette/routing.py", line 276, in handle
    await self.app(scope, receive, send)
  File "/home/neelam/orchestrator/backend/venv/lib/python3.12/site-packages/fastapi/routing.py", line 134, in app
    await wrap_app_handling_exceptions(app, request)(scope, receive, send)
  File "/home/neelam/orchestrator/backend/venv/lib/python3.12/site-packages/starlette/_exception_handler.py", line 53, in wrapped_app
    raise exc
  File "/home/neelam/orchestrator/backend/venv/lib/python3.12/site-packages/starlette/_exception_handler.py", line 42, in wrapped_app
    await app(scope, receive, sender)
  File "/home/neelam/orchestrator/backend/venv/lib/python3.12/site-packages/fastapi/routing.py", line 120, in app
    response = await f(request)
               ^^^^^^^^^^^^^^^^
  File "/home/neelam/orchestrator/backend/venv/lib/python3.12/site-packages/fastapi/routing.py", line 674, in app
    raw_response = await run_endpoint_function(
                   ^^^^^^^^^^^^^^^^^^^^^^^^^^^^
  File "/home/neelam/orchestrator/backend/venv/lib/python3.12/site-packages/fastapi/routing.py", line 328, in run_endpoint_function
    return await dependant.call(**values)
           ^^^^^^^^^^^^^^^^^^^^^^^^^^^^^^
  File "/home/neelam/orchestrator/backend/app/routes/eda.py", line 706, in observatory
    domain_runs = await _domain_runs(job_id, db)
                  ^^^^^^^^^^^^^^^^^^^^^^^^^^^^^^
  File "/home/neelam/orchestrator/backend/app/routes/eda.py", line 568, in _domain_runs
    gv = _safe_load(corpus_dir / "graph_validation.json") or {}
         ^^^^^^^^^^^^^^^^^^^^^^^^^^^^^^^^^^^^^^^^^^^^^^^^
  File "/home/neelam/orchestrator/backend/app/routes/eda.py", line 31, in _safe_load
    if not path.is_file():
           ^^^^^^^^^^^^^^
  File "/usr/lib/python3.12/pathlib.py", line 894, in is_file
    return S_ISREG(self.stat().st_mode)
                   ^^^^^^^^^^^
  File "/usr/lib/python3.12/pathlib.py", line 842, in stat
    return os.stat(self, follow_symlinks=follow_symlinks)
           ^^^^^^^^^^^^^^^^^^^^^^^^^^^^^^^^^^^^^^^^^^^^^^
PermissionError: [Errno 13] Permission denied: '/home/kumar1/orchestrator/corpus_store/5f8d7f5d-626c-4618-9139-5bf39954299f/graph_validation.json'
INFO:     127.0.0.1:34304 - "GET /api/v1/eda/observatory/a561dfc6-3159-4891-9f4a-0c8c919312fe HTTP/1.1" 500 Internal Server Error
ERROR:    Exception in ASGI application
Traceback (most recent call last):
  File "/home/neelam/orchestrator/backend/venv/lib/python3.12/site-packages/uvicorn/protocols/http/h11_impl.py", line 415, in run_asgi
    result = await app(  # type: ignore[func-returns-value]
             ^^^^^^^^^^^^^^^^^^^^^^^^^^^^^^^^^^^^^^^^^^^^^^
  File "/home/neelam/orchestrator/backend/venv/lib/python3.12/site-packages/uvicorn/middleware/proxy_headers.py", line 63, in __call__
    return await self.app(scope, receive, send)
           ^^^^^^^^^^^^^^^^^^^^^^^^^^^^^^^^^^^^
  File "/home/neelam/orchestrator/backend/venv/lib/python3.12/site-packages/fastapi/applications.py", line 1159, in __call__
    await super().__call__(scope, receive, send)
  File "/home/neelam/orchestrator/backend/venv/lib/python3.12/site-packages/starlette/applications.py", line 90, in __call__
    await self.middleware_stack(scope, receive, send)
  File "/home/neelam/orchestrator/backend/venv/lib/python3.12/site-packages/starlette/middleware/errors.py", line 186, in __call__
    raise exc
  File "/home/neelam/orchestrator/backend/venv/lib/python3.12/site-packages/starlette/middleware/errors.py", line 164, in __call__
    await self.app(scope, receive, _send)
  File "/home/neelam/orchestrator/backend/venv/lib/python3.12/site-packages/starlette/middleware/cors.py", line 88, in __call__
    await self.app(scope, receive, send)
  File "/home/neelam/orchestrator/backend/venv/lib/python3.12/site-packages/starlette/middleware/exceptions.py", line 63, in __call__
    await wrap_app_handling_exceptions(self.app, conn)(scope, receive, send)
  File "/home/neelam/orchestrator/backend/venv/lib/python3.12/site-packages/starlette/_exception_handler.py", line 53, in wrapped_app
    raise exc
  File "/home/neelam/orchestrator/backend/venv/lib/python3.12/site-packages/starlette/_exception_handler.py", line 42, in wrapped_app
    await app(scope, receive, sender)
  File "/home/neelam/orchestrator/backend/venv/lib/python3.12/site-packages/fastapi/middleware/asyncexitstack.py", line 18, in __call__
    await self.app(scope, receive, send)
  File "/home/neelam/orchestrator/backend/venv/lib/python3.12/site-packages/starlette/routing.py", line 660, in __call__
    await self.middleware_stack(scope, receive, send)
  File "/home/neelam/orchestrator/backend/venv/lib/python3.12/site-packages/starlette/routing.py", line 680, in app
    await route.handle(scope, receive, send)
  File "/home/neelam/orchestrator/backend/venv/lib/python3.12/site-packages/starlette/routing.py", line 276, in handle
    await self.app(scope, receive, send)
  File "/home/neelam/orchestrator/backend/venv/lib/python3.12/site-packages/fastapi/routing.py", line 134, in app
    await wrap_app_handling_exceptions(app, request)(scope, receive, send)
  File "/home/neelam/orchestrator/backend/venv/lib/python3.12/site-packages/starlette/_exception_handler.py", line 53, in wrapped_app
    raise exc
  File "/home/neelam/orchestrator/backend/venv/lib/python3.12/site-packages/starlette/_exception_handler.py", line 42, in wrapped_app
    await app(scope, receive, sender)
  File "/home/neelam/orchestrator/backend/venv/lib/python3.12/site-packages/fastapi/routing.py", line 120, in app
    response = await f(request)
               ^^^^^^^^^^^^^^^^
  File "/home/neelam/orchestrator/backend/venv/lib/python3.12/site-packages/fastapi/routing.py", line 674, in app
    raw_response = await run_endpoint_function(
                   ^^^^^^^^^^^^^^^^^^^^^^^^^^^^
  File "/home/neelam/orchestrator/backend/venv/lib/python3.12/site-packages/fastapi/routing.py", line 328, in run_endpoint_function
    return await dependant.call(**values)
           ^^^^^^^^^^^^^^^^^^^^^^^^^^^^^^
  File "/home/neelam/orchestrator/backend/app/routes/eda.py", line 706, in observatory
    domain_runs = await _domain_runs(job_id, db)
                  ^^^^^^^^^^^^^^^^^^^^^^^^^^^^^^
  File "/home/neelam/orchestrator/backend/app/routes/eda.py", line 568, in _domain_runs
    gv = _safe_load(corpus_dir / "graph_validation.json") or {}
         ^^^^^^^^^^^^^^^^^^^^^^^^^^^^^^^^^^^^^^^^^^^^^^^^
  File "/home/neelam/orchestrator/backend/app/routes/eda.py", line 31, in _safe_load
    if not path.is_file():
           ^^^^^^^^^^^^^^
  File "/usr/lib/python3.12/pathlib.py", line 894, in is_file
    return S_ISREG(self.stat().st_mode)
                   ^^^^^^^^^^^
  File "/usr/lib/python3.12/pathlib.py", line 842, in stat
    return os.stat(self, follow_symlinks=follow_symlinks)
           ^^^^^^^^^^^^^^^^^^^^^^^^^^^^^^^^^^^^^^^^^^^^^^
PermissionError: [Errno 13] Permission denied: '/home/kumar1/orchestrator/corpus_store/5f8d7f5d-626c-4618-9139-5bf39954299f/graph_validation.json'
INFO:     127.0.0.1:34316 - "GET /api/v1/data/corpora HTTP/1.1" 200 OK
INFO:     127.0.0.1:34318 - "GET /api/v1/eda/observatory/64c7463d-a1a6-476e-9a02-7ef6548437d4 HTTP/1.1" 500 Internal Server Error
ERROR:    Exception in ASGI application
Traceback (most recent call last):
  File "/home/neelam/orchestrator/backend/venv/lib/python3.12/site-packages/uvicorn/protocols/http/h11_impl.py", line 415, in run_asgi
    result = await app(  # type: ignore[func-returns-value]
             ^^^^^^^^^^^^^^^^^^^^^^^^^^^^^^^^^^^^^^^^^^^^^^
  File "/home/neelam/orchestrator/backend/venv/lib/python3.12/site-packages/uvicorn/middleware/proxy_headers.py", line 63, in __call__
    return await self.app(scope, receive, send)
           ^^^^^^^^^^^^^^^^^^^^^^^^^^^^^^^^^^^^
  File "/home/neelam/orchestrator/backend/venv/lib/python3.12/site-packages/fastapi/applications.py", line 1159, in __call__
    await super().__call__(scope, receive, send)
  File "/home/neelam/orchestrator/backend/venv/lib/python3.12/site-packages/starlette/applications.py", line 90, in __call__
    await self.middleware_stack(scope, receive, send)
  File "/home/neelam/orchestrator/backend/venv/lib/python3.12/site-packages/starlette/middleware/errors.py", line 186, in __call__
    raise exc
  File "/home/neelam/orchestrator/backend/venv/lib/python3.12/site-packages/starlette/middleware/errors.py", line 164, in __call__
    await self.app(scope, receive, _send)
  File "/home/neelam/orchestrator/backend/venv/lib/python3.12/site-packages/starlette/middleware/cors.py", line 88, in __call__
    await self.app(scope, receive, send)
  File "/home/neelam/orchestrator/backend/venv/lib/python3.12/site-packages/starlette/middleware/exceptions.py", line 63, in __call__
    await wrap_app_handling_exceptions(self.app, conn)(scope, receive, send)
  File "/home/neelam/orchestrator/backend/venv/lib/python3.12/site-packages/starlette/_exception_handler.py", line 53, in wrapped_app
    raise exc
  File "/home/neelam/orchestrator/backend/venv/lib/python3.12/site-packages/starlette/_exception_handler.py", line 42, in wrapped_app
    await app(scope, receive, sender)
  File "/home/neelam/orchestrator/backend/venv/lib/python3.12/site-packages/fastapi/middleware/asyncexitstack.py", line 18, in __call__
    await self.app(scope, receive, send)
  File "/home/neelam/orchestrator/backend/venv/lib/python3.12/site-packages/starlette/routing.py", line 660, in __call__
    await self.middleware_stack(scope, receive, send)
  File "/home/neelam/orchestrator/backend/venv/lib/python3.12/site-packages/starlette/routing.py", line 680, in app
    await route.handle(scope, receive, send)
  File "/home/neelam/orchestrator/backend/venv/lib/python3.12/site-packages/starlette/routing.py", line 276, in handle
    await self.app(scope, receive, send)
  File "/home/neelam/orchestrator/backend/venv/lib/python3.12/site-packages/fastapi/routing.py", line 134, in app
    await wrap_app_handling_exceptions(app, request)(scope, receive, send)
  File "/home/neelam/orchestrator/backend/venv/lib/python3.12/site-packages/starlette/_exception_handler.py", line 53, in wrapped_app
    raise exc
  File "/home/neelam/orchestrator/backend/venv/lib/python3.12/site-packages/starlette/_exception_handler.py", line 42, in wrapped_app
    await app(scope, receive, sender)
  File "/home/neelam/orchestrator/backend/venv/lib/python3.12/site-packages/fastapi/routing.py", line 120, in app
    response = await f(request)
               ^^^^^^^^^^^^^^^^
  File "/home/neelam/orchestrator/backend/venv/lib/python3.12/site-packages/fastapi/routing.py", line 674, in app
    raw_response = await run_endpoint_function(
                   ^^^^^^^^^^^^^^^^^^^^^^^^^^^^
  File "/home/neelam/orchestrator/backend/venv/lib/python3.12/site-packages/fastapi/routing.py", line 328, in run_endpoint_function
    return await dependant.call(**values)
           ^^^^^^^^^^^^^^^^^^^^^^^^^^^^^^
  File "/home/neelam/orchestrator/backend/app/routes/eda.py", line 706, in observatory
    domain_runs = await _domain_runs(job_id, db)
                  ^^^^^^^^^^^^^^^^^^^^^^^^^^^^^^
  File "/home/neelam/orchestrator/backend/app/routes/eda.py", line 568, in _domain_runs
    gv = _safe_load(corpus_dir / "graph_validation.json") or {}
         ^^^^^^^^^^^^^^^^^^^^^^^^^^^^^^^^^^^^^^^^^^^^^^^^
  File "/home/neelam/orchestrator/backend/app/routes/eda.py", line 31, in _safe_load
    if not path.is_file():
           ^^^^^^^^^^^^^^
  File "/usr/lib/python3.12/pathlib.py", line 894, in is_file
    return S_ISREG(self.stat().st_mode)
                   ^^^^^^^^^^^
  File "/usr/lib/python3.12/pathlib.py", line 842, in stat
    return os.stat(self, follow_symlinks=follow_symlinks)
           ^^^^^^^^^^^^^^^^^^^^^^^^^^^^^^^^^^^^^^^^^^^^^^
PermissionError: [Errno 13] Permission denied: '/home/kumar1/orchestrator/corpus_store/5f8d7f5d-626c-4618-9139-5bf39954299f/graph_validation.json'
INFO:     127.0.0.1:34322 - "GET /api/v1/eda/observatory/a561dfc6-3159-4891-9f4a-0c8c919312fe HTTP/1.1" 500 Internal Server Error
ERROR:    Exception in ASGI application
Traceback (most recent call last):
  File "/home/neelam/orchestrator/backend/venv/lib/python3.12/site-packages/uvicorn/protocols/http/h11_impl.py", line 415, in run_asgi
    result = await app(  # type: ignore[func-returns-value]
             ^^^^^^^^^^^^^^^^^^^^^^^^^^^^^^^^^^^^^^^^^^^^^^
  File "/home/neelam/orchestrator/backend/venv/lib/python3.12/site-packages/uvicorn/middleware/proxy_headers.py", line 63, in __call__
    return await self.app(scope, receive, send)
           ^^^^^^^^^^^^^^^^^^^^^^^^^^^^^^^^^^^^
  File "/home/neelam/orchestrator/backend/venv/lib/python3.12/site-packages/fastapi/applications.py", line 1159, in __call__
    await super().__call__(scope, receive, send)
  File "/home/neelam/orchestrator/backend/venv/lib/python3.12/site-packages/starlette/applications.py", line 90, in __call__
    await self.middleware_stack(scope, receive, send)
  File "/home/neelam/orchestrator/backend/venv/lib/python3.12/site-packages/starlette/middleware/errors.py", line 186, in __call__
    raise exc
  File "/home/neelam/orchestrator/backend/venv/lib/python3.12/site-packages/starlette/middleware/errors.py", line 164, in __call__
    await self.app(scope, receive, _send)
  File "/home/neelam/orchestrator/backend/venv/lib/python3.12/site-packages/starlette/middleware/cors.py", line 88, in __call__
    await self.app(scope, receive, send)
  File "/home/neelam/orchestrator/backend/venv/lib/python3.12/site-packages/starlette/middleware/exceptions.py", line 63, in __call__
    await wrap_app_handling_exceptions(self.app, conn)(scope, receive, send)
  File "/home/neelam/orchestrator/backend/venv/lib/python3.12/site-packages/starlette/_exception_handler.py", line 53, in wrapped_app
    raise exc
  File "/home/neelam/orchestrator/backend/venv/lib/python3.12/site-packages/starlette/_exception_handler.py", line 42, in wrapped_app
    await app(scope, receive, sender)
  File "/home/neelam/orchestrator/backend/venv/lib/python3.12/site-packages/fastapi/middleware/asyncexitstack.py", line 18, in __call__
    await self.app(scope, receive, send)
  File "/home/neelam/orchestrator/backend/venv/lib/python3.12/site-packages/starlette/routing.py", line 660, in __call__
    await self.middleware_stack(scope, receive, send)
  File "/home/neelam/orchestrator/backend/venv/lib/python3.12/site-packages/starlette/routing.py", line 680, in app
    await route.handle(scope, receive, send)
  File "/home/neelam/orchestrator/backend/venv/lib/python3.12/site-packages/starlette/routing.py", line 276, in handle
    await self.app(scope, receive, send)
  File "/home/neelam/orchestrator/backend/venv/lib/python3.12/site-packages/fastapi/routing.py", line 134, in app
    await wrap_app_handling_exceptions(app, request)(scope, receive, send)
  File "/home/neelam/orchestrator/backend/venv/lib/python3.12/site-packages/starlette/_exception_handler.py", line 53, in wrapped_app
    raise exc
  File "/home/neelam/orchestrator/backend/venv/lib/python3.12/site-packages/starlette/_exception_handler.py", line 42, in wrapped_app
    await app(scope, receive, sender)
  File "/home/neelam/orchestrator/backend/venv/lib/python3.12/site-packages/fastapi/routing.py", line 120, in app
    response = await f(request)
               ^^^^^^^^^^^^^^^^
  File "/home/neelam/orchestrator/backend/venv/lib/python3.12/site-packages/fastapi/routing.py", line 674, in app
    raw_response = await run_endpoint_function(
                   ^^^^^^^^^^^^^^^^^^^^^^^^^^^^
  File "/home/neelam/orchestrator/backend/venv/lib/python3.12/site-packages/fastapi/routing.py", line 328, in run_endpoint_function
    return await dependant.call(**values)
           ^^^^^^^^^^^^^^^^^^^^^^^^^^^^^^
  File "/home/neelam/orchestrator/backend/app/routes/eda.py", line 706, in observatory
    domain_runs = await _domain_runs(job_id, db)
                  ^^^^^^^^^^^^^^^^^^^^^^^^^^^^^^
  File "/home/neelam/orchestrator/backend/app/routes/eda.py", line 568, in _domain_runs
    gv = _safe_load(corpus_dir / "graph_validation.json") or {}
         ^^^^^^^^^^^^^^^^^^^^^^^^^^^^^^^^^^^^^^^^^^^^^^^^
  File "/home/neelam/orchestrator/backend/app/routes/eda.py", line 31, in _safe_load
    if not path.is_file():
           ^^^^^^^^^^^^^^
  File "/usr/lib/python3.12/pathlib.py", line 894, in is_file
    return S_ISREG(self.stat().st_mode)
                   ^^^^^^^^^^^
  File "/usr/lib/python3.12/pathlib.py", line 842, in stat
    return os.stat(self, follow_symlinks=follow_symlinks)
           ^^^^^^^^^^^^^^^^^^^^^^^^^^^^^^^^^^^^^^^^^^^^^^
PermissionError: [Errno 13] Permission denied: '/home/kumar1/orchestrator/corpus_store/5f8d7f5d-626c-4618-9139-5bf39954299f/graph_validation.json'
INFO:     127.0.0.1:53864 - "GET /api/v1/data/corpora HTTP/1.1" 200 OK
INFO:     127.0.0.1:53874 - "GET /api/v1/eda/observatory/64c7463d-a1a6-476e-9a02-7ef6548437d4 HTTP/1.1" 500 Internal Server Error
ERROR:    Exception in ASGI application
Traceback (most recent call last):
  File "/home/neelam/orchestrator/backend/venv/lib/python3.12/site-packages/uvicorn/protocols/http/h11_impl.py", line 415, in run_asgi
    result = await app(  # type: ignore[func-returns-value]
             ^^^^^^^^^^^^^^^^^^^^^^^^^^^^^^^^^^^^^^^^^^^^^^
  File "/home/neelam/orchestrator/backend/venv/lib/python3.12/site-packages/uvicorn/middleware/proxy_headers.py", line 63, in __call__
    return await self.app(scope, receive, send)
           ^^^^^^^^^^^^^^^^^^^^^^^^^^^^^^^^^^^^
  File "/home/neelam/orchestrator/backend/venv/lib/python3.12/site-packages/fastapi/applications.py", line 1159, in __call__
    await super().__call__(scope, receive, send)
  File "/home/neelam/orchestrator/backend/venv/lib/python3.12/site-packages/starlette/applications.py", line 90, in __call__
    await self.middleware_stack(scope, receive, send)
  File "/home/neelam/orchestrator/backend/venv/lib/python3.12/site-packages/starlette/middleware/errors.py", line 186, in __call__
    raise exc
  File "/home/neelam/orchestrator/backend/venv/lib/python3.12/site-packages/starlette/middleware/errors.py", line 164, in __call__
    await self.app(scope, receive, _send)
  File "/home/neelam/orchestrator/backend/venv/lib/python3.12/site-packages/starlette/middleware/cors.py", line 88, in __call__
    await self.app(scope, receive, send)
  File "/home/neelam/orchestrator/backend/venv/lib/python3.12/site-packages/starlette/middleware/exceptions.py", line 63, in __call__
    await wrap_app_handling_exceptions(self.app, conn)(scope, receive, send)
  File "/home/neelam/orchestrator/backend/venv/lib/python3.12/site-packages/starlette/_exception_handler.py", line 53, in wrapped_app
    raise exc
  File "/home/neelam/orchestrator/backend/venv/lib/python3.12/site-packages/starlette/_exception_handler.py", line 42, in wrapped_app
    await app(scope, receive, sender)
  File "/home/neelam/orchestrator/backend/venv/lib/python3.12/site-packages/fastapi/middleware/asyncexitstack.py", line 18, in __call__
    await self.app(scope, receive, send)
  File "/home/neelam/orchestrator/backend/venv/lib/python3.12/site-packages/starlette/routing.py", line 660, in __call__
    await self.middleware_stack(scope, receive, send)
  File "/home/neelam/orchestrator/backend/venv/lib/python3.12/site-packages/starlette/routing.py", line 680, in app
    await route.handle(scope, receive, send)
  File "/home/neelam/orchestrator/backend/venv/lib/python3.12/site-packages/starlette/routing.py", line 276, in handle
    await self.app(scope, receive, send)
  File "/home/neelam/orchestrator/backend/venv/lib/python3.12/site-packages/fastapi/routing.py", line 134, in app
    await wrap_app_handling_exceptions(app, request)(scope, receive, send)
  File "/home/neelam/orchestrator/backend/venv/lib/python3.12/site-packages/starlette/_exception_handler.py", line 53, in wrapped_app
    raise exc
  File "/home/neelam/orchestrator/backend/venv/lib/python3.12/site-packages/starlette/_exception_handler.py", line 42, in wrapped_app
    await app(scope, receive, sender)
  File "/home/neelam/orchestrator/backend/venv/lib/python3.12/site-packages/fastapi/routing.py", line 120, in app
    response = await f(request)
               ^^^^^^^^^^^^^^^^
  File "/home/neelam/orchestrator/backend/venv/lib/python3.12/site-packages/fastapi/routing.py", line 674, in app
    raw_response = await run_endpoint_function(
                   ^^^^^^^^^^^^^^^^^^^^^^^^^^^^
  File "/home/neelam/orchestrator/backend/venv/lib/python3.12/site-packages/fastapi/routing.py", line 328, in run_endpoint_function
    return await dependant.call(**values)
           ^^^^^^^^^^^^^^^^^^^^^^^^^^^^^^
  File "/home/neelam/orchestrator/backend/app/routes/eda.py", line 706, in observatory
    domain_runs = await _domain_runs(job_id, db)
                  ^^^^^^^^^^^^^^^^^^^^^^^^^^^^^^
  File "/home/neelam/orchestrator/backend/app/routes/eda.py", line 568, in _domain_runs
    gv = _safe_load(corpus_dir / "graph_validation.json") or {}
         ^^^^^^^^^^^^^^^^^^^^^^^^^^^^^^^^^^^^^^^^^^^^^^^^
  File "/home/neelam/orchestrator/backend/app/routes/eda.py", line 31, in _safe_load
    if not path.is_file():
           ^^^^^^^^^^^^^^
  File "/usr/lib/python3.12/pathlib.py", line 894, in is_file
    return S_ISREG(self.stat().st_mode)
                   ^^^^^^^^^^^
  File "/usr/lib/python3.12/pathlib.py", line 842, in stat
    return os.stat(self, follow_symlinks=follow_symlinks)
           ^^^^^^^^^^^^^^^^^^^^^^^^^^^^^^^^^^^^^^^^^^^^^^
PermissionError: [Errno 13] Permission denied: '/home/kumar1/orchestrator/corpus_store/5f8d7f5d-626c-4618-9139-5bf39954299f/graph_validation.json'
INFO:     127.0.0.1:53888 - "GET /api/v1/eda/observatory/a561dfc6-3159-4891-9f4a-0c8c919312fe HTTP/1.1" 500 Internal Server Error
ERROR:    Exception in ASGI application
Traceback (most recent call last):
  File "/home/neelam/orchestrator/backend/venv/lib/python3.12/site-packages/uvicorn/protocols/http/h11_impl.py", line 415, in run_asgi
    result = await app(  # type: ignore[func-returns-value]
             ^^^^^^^^^^^^^^^^^^^^^^^^^^^^^^^^^^^^^^^^^^^^^^
  File "/home/neelam/orchestrator/backend/venv/lib/python3.12/site-packages/uvicorn/middleware/proxy_headers.py", line 63, in __call__
    return await self.app(scope, receive, send)
           ^^^^^^^^^^^^^^^^^^^^^^^^^^^^^^^^^^^^
  File "/home/neelam/orchestrator/backend/venv/lib/python3.12/site-packages/fastapi/applications.py", line 1159, in __call__
    await super().__call__(scope, receive, send)
  File "/home/neelam/orchestrator/backend/venv/lib/python3.12/site-packages/starlette/applications.py", line 90, in __call__
    await self.middleware_stack(scope, receive, send)
  File "/home/neelam/orchestrator/backend/venv/lib/python3.12/site-packages/starlette/middleware/errors.py", line 186, in __call__
    raise exc
  File "/home/neelam/orchestrator/backend/venv/lib/python3.12/site-packages/starlette/middleware/errors.py", line 164, in __call__
    await self.app(scope, receive, _send)
  File "/home/neelam/orchestrator/backend/venv/lib/python3.12/site-packages/starlette/middleware/cors.py", line 88, in __call__
    await self.app(scope, receive, send)
  File "/home/neelam/orchestrator/backend/venv/lib/python3.12/site-packages/starlette/middleware/exceptions.py", line 63, in __call__
    await wrap_app_handling_exceptions(self.app, conn)(scope, receive, send)
  File "/home/neelam/orchestrator/backend/venv/lib/python3.12/site-packages/starlette/_exception_handler.py", line 53, in wrapped_app
    raise exc
  File "/home/neelam/orchestrator/backend/venv/lib/python3.12/site-packages/starlette/_exception_handler.py", line 42, in wrapped_app
    await app(scope, receive, sender)
  File "/home/neelam/orchestrator/backend/venv/lib/python3.12/site-packages/fastapi/middleware/asyncexitstack.py", line 18, in __call__
    await self.app(scope, receive, send)
  File "/home/neelam/orchestrator/backend/venv/lib/python3.12/site-packages/starlette/routing.py", line 660, in __call__
    await self.middleware_stack(scope, receive, send)
  File "/home/neelam/orchestrator/backend/venv/lib/python3.12/site-packages/starlette/routing.py", line 680, in app
    await route.handle(scope, receive, send)
  File "/home/neelam/orchestrator/backend/venv/lib/python3.12/site-packages/starlette/routing.py", line 276, in handle
    await self.app(scope, receive, send)
  File "/home/neelam/orchestrator/backend/venv/lib/python3.12/site-packages/fastapi/routing.py", line 134, in app
    await wrap_app_handling_exceptions(app, request)(scope, receive, send)
  File "/home/neelam/orchestrator/backend/venv/lib/python3.12/site-packages/starlette/_exception_handler.py", line 53, in wrapped_app
    raise exc
  File "/home/neelam/orchestrator/backend/venv/lib/python3.12/site-packages/starlette/_exception_handler.py", line 42, in wrapped_app
    await app(scope, receive, sender)
  File "/home/neelam/orchestrator/backend/venv/lib/python3.12/site-packages/fastapi/routing.py", line 120, in app
    response = await f(request)
               ^^^^^^^^^^^^^^^^
  File "/home/neelam/orchestrator/backend/venv/lib/python3.12/site-packages/fastapi/routing.py", line 674, in app
    raw_response = await run_endpoint_function(
                   ^^^^^^^^^^^^^^^^^^^^^^^^^^^^
  File "/home/neelam/orchestrator/backend/venv/lib/python3.12/site-packages/fastapi/routing.py", line 328, in run_endpoint_function
    return await dependant.call(**values)
           ^^^^^^^^^^^^^^^^^^^^^^^^^^^^^^
  File "/home/neelam/orchestrator/backend/app/routes/eda.py", line 706, in observatory
    domain_runs = await _domain_runs(job_id, db)
                  ^^^^^^^^^^^^^^^^^^^^^^^^^^^^^^
  File "/home/neelam/orchestrator/backend/app/routes/eda.py", line 568, in _domain_runs
    gv = _safe_load(corpus_dir / "graph_validation.json") or {}
         ^^^^^^^^^^^^^^^^^^^^^^^^^^^^^^^^^^^^^^^^^^^^^^^^
  File "/home/neelam/orchestrator/backend/app/routes/eda.py", line 31, in _safe_load
    if not path.is_file():
           ^^^^^^^^^^^^^^
  File "/usr/lib/python3.12/pathlib.py", line 894, in is_file
    return S_ISREG(self.stat().st_mode)
                   ^^^^^^^^^^^
  File "/usr/lib/python3.12/pathlib.py", line 842, in stat
    return os.stat(self, follow_symlinks=follow_symlinks)
           ^^^^^^^^^^^^^^^^^^^^^^^^^^^^^^^^^^^^^^^^^^^^^^
PermissionError: [Errno 13] Permission denied: '/home/kumar1/orchestrator/corpus_store/5f8d7f5d-626c-4618-9139-5bf39954299f/graph_validation.json'
INFO:     127.0.0.1:53892 - "GET /api/v1/data/corpora HTTP/1.1" 200 OK
INFO:     127.0.0.1:53902 - "GET /api/v1/eda/observatory/64c7463d-a1a6-476e-9a02-7ef6548437d4 HTTP/1.1" 500 Internal Server Error
ERROR:    Exception in ASGI application
Traceback (most recent call last):
  File "/home/neelam/orchestrator/backend/venv/lib/python3.12/site-packages/uvicorn/protocols/http/h11_impl.py", line 415, in run_asgi
    result = await app(  # type: ignore[func-returns-value]
             ^^^^^^^^^^^^^^^^^^^^^^^^^^^^^^^^^^^^^^^^^^^^^^
  File "/home/neelam/orchestrator/backend/venv/lib/python3.12/site-packages/uvicorn/middleware/proxy_headers.py", line 63, in __call__
    return await self.app(scope, receive, send)
           ^^^^^^^^^^^^^^^^^^^^^^^^^^^^^^^^^^^^
  File "/home/neelam/orchestrator/backend/venv/lib/python3.12/site-packages/fastapi/applications.py", line 1159, in __call__
    await super().__call__(scope, receive, send)
  File "/home/neelam/orchestrator/backend/venv/lib/python3.12/site-packages/starlette/applications.py", line 90, in __call__
    await self.middleware_stack(scope, receive, send)
  File "/home/neelam/orchestrator/backend/venv/lib/python3.12/site-packages/starlette/middleware/errors.py", line 186, in __call__
    raise exc
  File "/home/neelam/orchestrator/backend/venv/lib/python3.12/site-packages/starlette/middleware/errors.py", line 164, in __call__
    await self.app(scope, receive, _send)
  File "/home/neelam/orchestrator/backend/venv/lib/python3.12/site-packages/starlette/middleware/cors.py", line 88, in __call__
    await self.app(scope, receive, send)
  File "/home/neelam/orchestrator/backend/venv/lib/python3.12/site-packages/starlette/middleware/exceptions.py", line 63, in __call__
    await wrap_app_handling_exceptions(self.app, conn)(scope, receive, send)
  File "/home/neelam/orchestrator/backend/venv/lib/python3.12/site-packages/starlette/_exception_handler.py", line 53, in wrapped_app
    raise exc
  File "/home/neelam/orchestrator/backend/venv/lib/python3.12/site-packages/starlette/_exception_handler.py", line 42, in wrapped_app
    await app(scope, receive, sender)
  File "/home/neelam/orchestrator/backend/venv/lib/python3.12/site-packages/fastapi/middleware/asyncexitstack.py", line 18, in __call__
    await self.app(scope, receive, send)
  File "/home/neelam/orchestrator/backend/venv/lib/python3.12/site-packages/starlette/routing.py", line 660, in __call__
    await self.middleware_stack(scope, receive, send)
  File "/home/neelam/orchestrator/backend/venv/lib/python3.12/site-packages/starlette/routing.py", line 680, in app
    await route.handle(scope, receive, send)
  File "/home/neelam/orchestrator/backend/venv/lib/python3.12/site-packages/starlette/routing.py", line 276, in handle
    await self.app(scope, receive, send)
  File "/home/neelam/orchestrator/backend/venv/lib/python3.12/site-packages/fastapi/routing.py", line 134, in app
    await wrap_app_handling_exceptions(app, request)(scope, receive, send)
  File "/home/neelam/orchestrator/backend/venv/lib/python3.12/site-packages/starlette/_exception_handler.py", line 53, in wrapped_app
    raise exc
  File "/home/neelam/orchestrator/backend/venv/lib/python3.12/site-packages/starlette/_exception_handler.py", line 42, in wrapped_app
    await app(scope, receive, sender)
  File "/home/neelam/orchestrator/backend/venv/lib/python3.12/site-packages/fastapi/routing.py", line 120, in app
    response = await f(request)
               ^^^^^^^^^^^^^^^^
  File "/home/neelam/orchestrator/backend/venv/lib/python3.12/site-packages/fastapi/routing.py", line 674, in app
    raw_response = await run_endpoint_function(
                   ^^^^^^^^^^^^^^^^^^^^^^^^^^^^
  File "/home/neelam/orchestrator/backend/venv/lib/python3.12/site-packages/fastapi/routing.py", line 328, in run_endpoint_function
    return await dependant.call(**values)
           ^^^^^^^^^^^^^^^^^^^^^^^^^^^^^^
  File "/home/neelam/orchestrator/backend/app/routes/eda.py", line 706, in observatory
    domain_runs = await _domain_runs(job_id, db)
                  ^^^^^^^^^^^^^^^^^^^^^^^^^^^^^^
  File "/home/neelam/orchestrator/backend/app/routes/eda.py", line 568, in _domain_runs
    gv = _safe_load(corpus_dir / "graph_validation.json") or {}
         ^^^^^^^^^^^^^^^^^^^^^^^^^^^^^^^^^^^^^^^^^^^^^^^^
  File "/home/neelam/orchestrator/backend/app/routes/eda.py", line 31, in _safe_load
    if not path.is_file():
           ^^^^^^^^^^^^^^
  File "/usr/lib/python3.12/pathlib.py", line 894, in is_file
    return S_ISREG(self.stat().st_mode)
                   ^^^^^^^^^^^
  File "/usr/lib/python3.12/pathlib.py", line 842, in stat
    return os.stat(self, follow_symlinks=follow_symlinks)
           ^^^^^^^^^^^^^^^^^^^^^^^^^^^^^^^^^^^^^^^^^^^^^^
PermissionError: [Errno 13] Permission denied: '/home/kumar1/orchestrator/corpus_store/5f8d7f5d-626c-4618-9139-5bf39954299f/graph_validation.json'
INFO:     127.0.0.1:53908 - "GET /api/v1/eda/observatory/a561dfc6-3159-4891-9f4a-0c8c919312fe HTTP/1.1" 500 Internal Server Error
ERROR:    Exception in ASGI application
Traceback (most recent call last):
  File "/home/neelam/orchestrator/backend/venv/lib/python3.12/site-packages/uvicorn/protocols/http/h11_impl.py", line 415, in run_asgi
    result = await app(  # type: ignore[func-returns-value]
             ^^^^^^^^^^^^^^^^^^^^^^^^^^^^^^^^^^^^^^^^^^^^^^
  File "/home/neelam/orchestrator/backend/venv/lib/python3.12/site-packages/uvicorn/middleware/proxy_headers.py", line 63, in __call__
    return await self.app(scope, receive, send)
           ^^^^^^^^^^^^^^^^^^^^^^^^^^^^^^^^^^^^
  File "/home/neelam/orchestrator/backend/venv/lib/python3.12/site-packages/fastapi/applications.py", line 1159, in __call__
    await super().__call__(scope, receive, send)
  File "/home/neelam/orchestrator/backend/venv/lib/python3.12/site-packages/starlette/applications.py", line 90, in __call__
    await self.middleware_stack(scope, receive, send)
  File "/home/neelam/orchestrator/backend/venv/lib/python3.12/site-packages/starlette/middleware/errors.py", line 186, in __call__
    raise exc
  File "/home/neelam/orchestrator/backend/venv/lib/python3.12/site-packages/starlette/middleware/errors.py", line 164, in __call__
    await self.app(scope, receive, _send)
  File "/home/neelam/orchestrator/backend/venv/lib/python3.12/site-packages/starlette/middleware/cors.py", line 88, in __call__
    await self.app(scope, receive, send)
  File "/home/neelam/orchestrator/backend/venv/lib/python3.12/site-packages/starlette/middleware/exceptions.py", line 63, in __call__
    await wrap_app_handling_exceptions(self.app, conn)(scope, receive, send)
  File "/home/neelam/orchestrator/backend/venv/lib/python3.12/site-packages/starlette/_exception_handler.py", line 53, in wrapped_app
    raise exc
  File "/home/neelam/orchestrator/backend/venv/lib/python3.12/site-packages/starlette/_exception_handler.py", line 42, in wrapped_app
    await app(scope, receive, sender)
  File "/home/neelam/orchestrator/backend/venv/lib/python3.12/site-packages/fastapi/middleware/asyncexitstack.py", line 18, in __call__
    await self.app(scope, receive, send)
  File "/home/neelam/orchestrator/backend/venv/lib/python3.12/site-packages/starlette/routing.py", line 660, in __call__
    await self.middleware_stack(scope, receive, send)
  File "/home/neelam/orchestrator/backend/venv/lib/python3.12/site-packages/starlette/routing.py", line 680, in app
    await route.handle(scope, receive, send)
  File "/home/neelam/orchestrator/backend/venv/lib/python3.12/site-packages/starlette/routing.py", line 276, in handle
    await self.app(scope, receive, send)
  File "/home/neelam/orchestrator/backend/venv/lib/python3.12/site-packages/fastapi/routing.py", line 134, in app
    await wrap_app_handling_exceptions(app, request)(scope, receive, send)
  File "/home/neelam/orchestrator/backend/venv/lib/python3.12/site-packages/starlette/_exception_handler.py", line 53, in wrapped_app
    raise exc
  File "/home/neelam/orchestrator/backend/venv/lib/python3.12/site-packages/starlette/_exception_handler.py", line 42, in wrapped_app
    await app(scope, receive, sender)
  File "/home/neelam/orchestrator/backend/venv/lib/python3.12/site-packages/fastapi/routing.py", line 120, in app
    response = await f(request)
               ^^^^^^^^^^^^^^^^
  File "/home/neelam/orchestrator/backend/venv/lib/python3.12/site-packages/fastapi/routing.py", line 674, in app
    raw_response = await run_endpoint_function(
                   ^^^^^^^^^^^^^^^^^^^^^^^^^^^^
  File "/home/neelam/orchestrator/backend/venv/lib/python3.12/site-packages/fastapi/routing.py", line 328, in run_endpoint_function
    return await dependant.call(**values)
           ^^^^^^^^^^^^^^^^^^^^^^^^^^^^^^
  File "/home/neelam/orchestrator/backend/app/routes/eda.py", line 706, in observatory
    domain_runs = await _domain_runs(job_id, db)
                  ^^^^^^^^^^^^^^^^^^^^^^^^^^^^^^
  File "/home/neelam/orchestrator/backend/app/routes/eda.py", line 568, in _domain_runs
    gv = _safe_load(corpus_dir / "graph_validation.json") or {}
         ^^^^^^^^^^^^^^^^^^^^^^^^^^^^^^^^^^^^^^^^^^^^^^^^
  File "/home/neelam/orchestrator/backend/app/routes/eda.py", line 31, in _safe_load
    if not path.is_file():
           ^^^^^^^^^^^^^^
  File "/usr/lib/python3.12/pathlib.py", line 894, in is_file
    return S_ISREG(self.stat().st_mode)
                   ^^^^^^^^^^^
  File "/usr/lib/python3.12/pathlib.py", line 842, in stat
    return os.stat(self, follow_symlinks=follow_symlinks)
           ^^^^^^^^^^^^^^^^^^^^^^^^^^^^^^^^^^^^^^^^^^^^^^
PermissionError: [Errno 13] Permission denied: '/home/kumar1/orchestrator/corpus_store/5f8d7f5d-626c-4618-9139-5bf39954299f/graph_validation.json'
INFO:     127.0.0.1:58316 - "GET /api/v1/data/corpora HTTP/1.1" 200 OK
INFO:     127.0.0.1:58322 - "GET /api/v1/eda/observatory/64c7463d-a1a6-476e-9a02-7ef6548437d4 HTTP/1.1" 500 Internal Server Error
ERROR:    Exception in ASGI application
Traceback (most recent call last):
  File "/home/neelam/orchestrator/backend/venv/lib/python3.12/site-packages/uvicorn/protocols/http/h11_impl.py", line 415, in run_asgi
    result = await app(  # type: ignore[func-returns-value]
             ^^^^^^^^^^^^^^^^^^^^^^^^^^^^^^^^^^^^^^^^^^^^^^
  File "/home/neelam/orchestrator/backend/venv/lib/python3.12/site-packages/uvicorn/middleware/proxy_headers.py", line 63, in __call__
    return await self.app(scope, receive, send)
           ^^^^^^^^^^^^^^^^^^^^^^^^^^^^^^^^^^^^
  File "/home/neelam/orchestrator/backend/venv/lib/python3.12/site-packages/fastapi/applications.py", line 1159, in __call__
    await super().__call__(scope, receive, send)
  File "/home/neelam/orchestrator/backend/venv/lib/python3.12/site-packages/starlette/applications.py", line 90, in __call__
    await self.middleware_stack(scope, receive, send)
  File "/home/neelam/orchestrator/backend/venv/lib/python3.12/site-packages/starlette/middleware/errors.py", line 186, in __call__
    raise exc
  File "/home/neelam/orchestrator/backend/venv/lib/python3.12/site-packages/starlette/middleware/errors.py", line 164, in __call__
    await self.app(scope, receive, _send)
  File "/home/neelam/orchestrator/backend/venv/lib/python3.12/site-packages/starlette/middleware/cors.py", line 88, in __call__
    await self.app(scope, receive, send)
  File "/home/neelam/orchestrator/backend/venv/lib/python3.12/site-packages/starlette/middleware/exceptions.py", line 63, in __call__
    await wrap_app_handling_exceptions(self.app, conn)(scope, receive, send)
  File "/home/neelam/orchestrator/backend/venv/lib/python3.12/site-packages/starlette/_exception_handler.py", line 53, in wrapped_app
    raise exc
  File "/home/neelam/orchestrator/backend/venv/lib/python3.12/site-packages/starlette/_exception_handler.py", line 42, in wrapped_app
    await app(scope, receive, sender)
  File "/home/neelam/orchestrator/backend/venv/lib/python3.12/site-packages/fastapi/middleware/asyncexitstack.py", line 18, in __call__
    await self.app(scope, receive, send)
  File "/home/neelam/orchestrator/backend/venv/lib/python3.12/site-packages/starlette/routing.py", line 660, in __call__
    await self.middleware_stack(scope, receive, send)
  File "/home/neelam/orchestrator/backend/venv/lib/python3.12/site-packages/starlette/routing.py", line 680, in app
    await route.handle(scope, receive, send)
  File "/home/neelam/orchestrator/backend/venv/lib/python3.12/site-packages/starlette/routing.py", line 276, in handle
    await self.app(scope, receive, send)
  File "/home/neelam/orchestrator/backend/venv/lib/python3.12/site-packages/fastapi/routing.py", line 134, in app
    await wrap_app_handling_exceptions(app, request)(scope, receive, send)
  File "/home/neelam/orchestrator/backend/venv/lib/python3.12/site-packages/starlette/_exception_handler.py", line 53, in wrapped_app
    raise exc
  File "/home/neelam/orchestrator/backend/venv/lib/python3.12/site-packages/starlette/_exception_handler.py", line 42, in wrapped_app
    await app(scope, receive, sender)
  File "/home/neelam/orchestrator/backend/venv/lib/python3.12/site-packages/fastapi/routing.py", line 120, in app
    response = await f(request)
               ^^^^^^^^^^^^^^^^
  File "/home/neelam/orchestrator/backend/venv/lib/python3.12/site-packages/fastapi/routing.py", line 674, in app
    raw_response = await run_endpoint_function(
                   ^^^^^^^^^^^^^^^^^^^^^^^^^^^^
  File "/home/neelam/orchestrator/backend/venv/lib/python3.12/site-packages/fastapi/routing.py", line 328, in run_endpoint_function
    return await dependant.call(**values)
           ^^^^^^^^^^^^^^^^^^^^^^^^^^^^^^
  File "/home/neelam/orchestrator/backend/app/routes/eda.py", line 706, in observatory
    domain_runs = await _domain_runs(job_id, db)
                  ^^^^^^^^^^^^^^^^^^^^^^^^^^^^^^
  File "/home/neelam/orchestrator/backend/app/routes/eda.py", line 568, in _domain_runs
    gv = _safe_load(corpus_dir / "graph_validation.json") or {}
         ^^^^^^^^^^^^^^^^^^^^^^^^^^^^^^^^^^^^^^^^^^^^^^^^
  File "/home/neelam/orchestrator/backend/app/routes/eda.py", line 31, in _safe_load
    if not path.is_file():
           ^^^^^^^^^^^^^^
  File "/usr/lib/python3.12/pathlib.py", line 894, in is_file
    return S_ISREG(self.stat().st_mode)
                   ^^^^^^^^^^^
  File "/usr/lib/python3.12/pathlib.py", line 842, in stat
    return os.stat(self, follow_symlinks=follow_symlinks)
           ^^^^^^^^^^^^^^^^^^^^^^^^^^^^^^^^^^^^^^^^^^^^^^
PermissionError: [Errno 13] Permission denied: '/home/kumar1/orchestrator/corpus_store/5f8d7f5d-626c-4618-9139-5bf39954299f/graph_validation.json'
INFO:     127.0.0.1:58324 - "GET /api/v1/eda/observatory/a561dfc6-3159-4891-9f4a-0c8c919312fe HTTP/1.1" 500 Internal Server Error
ERROR:    Exception in ASGI application
Traceback (most recent call last):
  File "/home/neelam/orchestrator/backend/venv/lib/python3.12/site-packages/uvicorn/protocols/http/h11_impl.py", line 415, in run_asgi
    result = await app(  # type: ignore[func-returns-value]
             ^^^^^^^^^^^^^^^^^^^^^^^^^^^^^^^^^^^^^^^^^^^^^^
  File "/home/neelam/orchestrator/backend/venv/lib/python3.12/site-packages/uvicorn/middleware/proxy_headers.py", line 63, in __call__
    return await self.app(scope, receive, send)
           ^^^^^^^^^^^^^^^^^^^^^^^^^^^^^^^^^^^^
  File "/home/neelam/orchestrator/backend/venv/lib/python3.12/site-packages/fastapi/applications.py", line 1159, in __call__
    await super().__call__(scope, receive, send)
  File "/home/neelam/orchestrator/backend/venv/lib/python3.12/site-packages/starlette/applications.py", line 90, in __call__
    await self.middleware_stack(scope, receive, send)
  File "/home/neelam/orchestrator/backend/venv/lib/python3.12/site-packages/starlette/middleware/errors.py", line 186, in __call__
    raise exc
  File "/home/neelam/orchestrator/backend/venv/lib/python3.12/site-packages/starlette/middleware/errors.py", line 164, in __call__
    await self.app(scope, receive, _send)
  File "/home/neelam/orchestrator/backend/venv/lib/python3.12/site-packages/starlette/middleware/cors.py", line 88, in __call__
    await self.app(scope, receive, send)
  File "/home/neelam/orchestrator/backend/venv/lib/python3.12/site-packages/starlette/middleware/exceptions.py", line 63, in __call__
    await wrap_app_handling_exceptions(self.app, conn)(scope, receive, send)
  File "/home/neelam/orchestrator/backend/venv/lib/python3.12/site-packages/starlette/_exception_handler.py", line 53, in wrapped_app
    raise exc
  File "/home/neelam/orchestrator/backend/venv/lib/python3.12/site-packages/starlette/_exception_handler.py", line 42, in wrapped_app
    await app(scope, receive, sender)
  File "/home/neelam/orchestrator/backend/venv/lib/python3.12/site-packages/fastapi/middleware/asyncexitstack.py", line 18, in __call__
    await self.app(scope, receive, send)
  File "/home/neelam/orchestrator/backend/venv/lib/python3.12/site-packages/starlette/routing.py", line 660, in __call__
    await self.middleware_stack(scope, receive, send)
  File "/home/neelam/orchestrator/backend/venv/lib/python3.12/site-packages/starlette/routing.py", line 680, in app
    await route.handle(scope, receive, send)
  File "/home/neelam/orchestrator/backend/venv/lib/python3.12/site-packages/starlette/routing.py", line 276, in handle
    await self.app(scope, receive, send)
  File "/home/neelam/orchestrator/backend/venv/lib/python3.12/site-packages/fastapi/routing.py", line 134, in app
    await wrap_app_handling_exceptions(app, request)(scope, receive, send)
  File "/home/neelam/orchestrator/backend/venv/lib/python3.12/site-packages/starlette/_exception_handler.py", line 53, in wrapped_app
    raise exc
  File "/home/neelam/orchestrator/backend/venv/lib/python3.12/site-packages/starlette/_exception_handler.py", line 42, in wrapped_app
    await app(scope, receive, sender)
  File "/home/neelam/orchestrator/backend/venv/lib/python3.12/site-packages/fastapi/routing.py", line 120, in app
    response = await f(request)
               ^^^^^^^^^^^^^^^^
  File "/home/neelam/orchestrator/backend/venv/lib/python3.12/site-packages/fastapi/routing.py", line 674, in app
    raw_response = await run_endpoint_function(
                   ^^^^^^^^^^^^^^^^^^^^^^^^^^^^
  File "/home/neelam/orchestrator/backend/venv/lib/python3.12/site-packages/fastapi/routing.py", line 328, in run_endpoint_function
    return await dependant.call(**values)
           ^^^^^^^^^^^^^^^^^^^^^^^^^^^^^^
  File "/home/neelam/orchestrator/backend/app/routes/eda.py", line 706, in observatory
    domain_runs = await _domain_runs(job_id, db)
                  ^^^^^^^^^^^^^^^^^^^^^^^^^^^^^^
  File "/home/neelam/orchestrator/backend/app/routes/eda.py", line 568, in _domain_runs
    gv = _safe_load(corpus_dir / "graph_validation.json") or {}
         ^^^^^^^^^^^^^^^^^^^^^^^^^^^^^^^^^^^^^^^^^^^^^^^^
  File "/home/neelam/orchestrator/backend/app/routes/eda.py", line 31, in _safe_load
    if not path.is_file():
           ^^^^^^^^^^^^^^
  File "/usr/lib/python3.12/pathlib.py", line 894, in is_file
    return S_ISREG(self.stat().st_mode)
                   ^^^^^^^^^^^
  File "/usr/lib/python3.12/pathlib.py", line 842, in stat
    return os.stat(self, follow_symlinks=follow_symlinks)
           ^^^^^^^^^^^^^^^^^^^^^^^^^^^^^^^^^^^^^^^^^^^^^^
PermissionError: [Errno 13] Permission denied: '/home/kumar1/orchestrator/corpus_store/5f8d7f5d-626c-4618-9139-5bf39954299f/graph_validation.json'
INFO:     127.0.0.1:58334 - "GET /api/v1/data/corpora HTTP/1.1" 200 OK
INFO:     127.0.0.1:58344 - "GET /api/v1/eda/observatory/64c7463d-a1a6-476e-9a02-7ef6548437d4 HTTP/1.1" 500 Internal Server Error
ERROR:    Exception in ASGI application
Traceback (most recent call last):
  File "/home/neelam/orchestrator/backend/venv/lib/python3.12/site-packages/uvicorn/protocols/http/h11_impl.py", line 415, in run_asgi
    result = await app(  # type: ignore[func-returns-value]
             ^^^^^^^^^^^^^^^^^^^^^^^^^^^^^^^^^^^^^^^^^^^^^^
  File "/home/neelam/orchestrator/backend/venv/lib/python3.12/site-packages/uvicorn/middleware/proxy_headers.py", line 63, in __call__
    return await self.app(scope, receive, send)
           ^^^^^^^^^^^^^^^^^^^^^^^^^^^^^^^^^^^^
  File "/home/neelam/orchestrator/backend/venv/lib/python3.12/site-packages/fastapi/applications.py", line 1159, in __call__
    await super().__call__(scope, receive, send)
  File "/home/neelam/orchestrator/backend/venv/lib/python3.12/site-packages/starlette/applications.py", line 90, in __call__
    await self.middleware_stack(scope, receive, send)
  File "/home/neelam/orchestrator/backend/venv/lib/python3.12/site-packages/starlette/middleware/errors.py", line 186, in __call__
    raise exc
  File "/home/neelam/orchestrator/backend/venv/lib/python3.12/site-packages/starlette/middleware/errors.py", line 164, in __call__
    await self.app(scope, receive, _send)
  File "/home/neelam/orchestrator/backend/venv/lib/python3.12/site-packages/starlette/middleware/cors.py", line 88, in __call__
    await self.app(scope, receive, send)
  File "/home/neelam/orchestrator/backend/venv/lib/python3.12/site-packages/starlette/middleware/exceptions.py", line 63, in __call__
    await wrap_app_handling_exceptions(self.app, conn)(scope, receive, send)
  File "/home/neelam/orchestrator/backend/venv/lib/python3.12/site-packages/starlette/_exception_handler.py", line 53, in wrapped_app
    raise exc
  File "/home/neelam/orchestrator/backend/venv/lib/python3.12/site-packages/starlette/_exception_handler.py", line 42, in wrapped_app
    await app(scope, receive, sender)
  File "/home/neelam/orchestrator/backend/venv/lib/python3.12/site-packages/fastapi/middleware/asyncexitstack.py", line 18, in __call__
    await self.app(scope, receive, send)
  File "/home/neelam/orchestrator/backend/venv/lib/python3.12/site-packages/starlette/routing.py", line 660, in __call__
    await self.middleware_stack(scope, receive, send)
  File "/home/neelam/orchestrator/backend/venv/lib/python3.12/site-packages/starlette/routing.py", line 680, in app
    await route.handle(scope, receive, send)
  File "/home/neelam/orchestrator/backend/venv/lib/python3.12/site-packages/starlette/routing.py", line 276, in handle
    await self.app(scope, receive, send)
  File "/home/neelam/orchestrator/backend/venv/lib/python3.12/site-packages/fastapi/routing.py", line 134, in app
    await wrap_app_handling_exceptions(app, request)(scope, receive, send)
  File "/home/neelam/orchestrator/backend/venv/lib/python3.12/site-packages/starlette/_exception_handler.py", line 53, in wrapped_app
    raise exc
  File "/home/neelam/orchestrator/backend/venv/lib/python3.12/site-packages/starlette/_exception_handler.py", line 42, in wrapped_app
    await app(scope, receive, sender)
  File "/home/neelam/orchestrator/backend/venv/lib/python3.12/site-packages/fastapi/routing.py", line 120, in app
    response = await f(request)
               ^^^^^^^^^^^^^^^^
  File "/home/neelam/orchestrator/backend/venv/lib/python3.12/site-packages/fastapi/routing.py", line 674, in app
    raw_response = await run_endpoint_function(
                   ^^^^^^^^^^^^^^^^^^^^^^^^^^^^
  File "/home/neelam/orchestrator/backend/venv/lib/python3.12/site-packages/fastapi/routing.py", line 328, in run_endpoint_function
    return await dependant.call(**values)
           ^^^^^^^^^^^^^^^^^^^^^^^^^^^^^^
  File "/home/neelam/orchestrator/backend/app/routes/eda.py", line 706, in observatory
    domain_runs = await _domain_runs(job_id, db)
                  ^^^^^^^^^^^^^^^^^^^^^^^^^^^^^^
  File "/home/neelam/orchestrator/backend/app/routes/eda.py", line 568, in _domain_runs
    gv = _safe_load(corpus_dir / "graph_validation.json") or {}
         ^^^^^^^^^^^^^^^^^^^^^^^^^^^^^^^^^^^^^^^^^^^^^^^^
  File "/home/neelam/orchestrator/backend/app/routes/eda.py", line 31, in _safe_load
    if not path.is_file():
           ^^^^^^^^^^^^^^
  File "/usr/lib/python3.12/pathlib.py", line 894, in is_file
    return S_ISREG(self.stat().st_mode)
                   ^^^^^^^^^^^
  File "/usr/lib/python3.12/pathlib.py", line 842, in stat
    return os.stat(self, follow_symlinks=follow_symlinks)
           ^^^^^^^^^^^^^^^^^^^^^^^^^^^^^^^^^^^^^^^^^^^^^^
PermissionError: [Errno 13] Permission denied: '/home/kumar1/orchestrator/corpus_store/5f8d7f5d-626c-4618-9139-5bf39954299f/graph_validation.json'
INFO:     127.0.0.1:58360 - "GET /api/v1/eda/observatory/a561dfc6-3159-4891-9f4a-0c8c919312fe HTTP/1.1" 500 Internal Server Error
ERROR:    Exception in ASGI application
Traceback (most recent call last):
  File "/home/neelam/orchestrator/backend/venv/lib/python3.12/site-packages/uvicorn/protocols/http/h11_impl.py", line 415, in run_asgi
    result = await app(  # type: ignore[func-returns-value]
             ^^^^^^^^^^^^^^^^^^^^^^^^^^^^^^^^^^^^^^^^^^^^^^
  File "/home/neelam/orchestrator/backend/venv/lib/python3.12/site-packages/uvicorn/middleware/proxy_headers.py", line 63, in __call__
    return await self.app(scope, receive, send)
           ^^^^^^^^^^^^^^^^^^^^^^^^^^^^^^^^^^^^
  File "/home/neelam/orchestrator/backend/venv/lib/python3.12/site-packages/fastapi/applications.py", line 1159, in __call__
    await super().__call__(scope, receive, send)
  File "/home/neelam/orchestrator/backend/venv/lib/python3.12/site-packages/starlette/applications.py", line 90, in __call__
    await self.middleware_stack(scope, receive, send)
  File "/home/neelam/orchestrator/backend/venv/lib/python3.12/site-packages/starlette/middleware/errors.py", line 186, in __call__
    raise exc
  File "/home/neelam/orchestrator/backend/venv/lib/python3.12/site-packages/starlette/middleware/errors.py", line 164, in __call__
    await self.app(scope, receive, _send)
  File "/home/neelam/orchestrator/backend/venv/lib/python3.12/site-packages/starlette/middleware/cors.py", line 88, in __call__
    await self.app(scope, receive, send)
  File "/home/neelam/orchestrator/backend/venv/lib/python3.12/site-packages/starlette/middleware/exceptions.py", line 63, in __call__
    await wrap_app_handling_exceptions(self.app, conn)(scope, receive, send)
  File "/home/neelam/orchestrator/backend/venv/lib/python3.12/site-packages/starlette/_exception_handler.py", line 53, in wrapped_app
    raise exc
  File "/home/neelam/orchestrator/backend/venv/lib/python3.12/site-packages/starlette/_exception_handler.py", line 42, in wrapped_app
    await app(scope, receive, sender)
  File "/home/neelam/orchestrator/backend/venv/lib/python3.12/site-packages/fastapi/middleware/asyncexitstack.py", line 18, in __call__
    await self.app(scope, receive, send)
  File "/home/neelam/orchestrator/backend/venv/lib/python3.12/site-packages/starlette/routing.py", line 660, in __call__
    await self.middleware_stack(scope, receive, send)
  File "/home/neelam/orchestrator/backend/venv/lib/python3.12/site-packages/starlette/routing.py", line 680, in app
    await route.handle(scope, receive, send)
  File "/home/neelam/orchestrator/backend/venv/lib/python3.12/site-packages/starlette/routing.py", line 276, in handle
    await self.app(scope, receive, send)
  File "/home/neelam/orchestrator/backend/venv/lib/python3.12/site-packages/fastapi/routing.py", line 134, in app
    await wrap_app_handling_exceptions(app, request)(scope, receive, send)
  File "/home/neelam/orchestrator/backend/venv/lib/python3.12/site-packages/starlette/_exception_handler.py", line 53, in wrapped_app
    raise exc
  File "/home/neelam/orchestrator/backend/venv/lib/python3.12/site-packages/starlette/_exception_handler.py", line 42, in wrapped_app
    await app(scope, receive, sender)
  File "/home/neelam/orchestrator/backend/venv/lib/python3.12/site-packages/fastapi/routing.py", line 120, in app
    response = await f(request)
               ^^^^^^^^^^^^^^^^
  File "/home/neelam/orchestrator/backend/venv/lib/python3.12/site-packages/fastapi/routing.py", line 674, in app
    raw_response = await run_endpoint_function(
                   ^^^^^^^^^^^^^^^^^^^^^^^^^^^^
  File "/home/neelam/orchestrator/backend/venv/lib/python3.12/site-packages/fastapi/routing.py", line 328, in run_endpoint_function
    return await dependant.call(**values)
           ^^^^^^^^^^^^^^^^^^^^^^^^^^^^^^
  File "/home/neelam/orchestrator/backend/app/routes/eda.py", line 706, in observatory
    domain_runs = await _domain_runs(job_id, db)
                  ^^^^^^^^^^^^^^^^^^^^^^^^^^^^^^
  File "/home/neelam/orchestrator/backend/app/routes/eda.py", line 568, in _domain_runs
    gv = _safe_load(corpus_dir / "graph_validation.json") or {}
         ^^^^^^^^^^^^^^^^^^^^^^^^^^^^^^^^^^^^^^^^^^^^^^^^
  File "/home/neelam/orchestrator/backend/app/routes/eda.py", line 31, in _safe_load
    if not path.is_file():
           ^^^^^^^^^^^^^^
  File "/usr/lib/python3.12/pathlib.py", line 894, in is_file
    return S_ISREG(self.stat().st_mode)
                   ^^^^^^^^^^^
  File "/usr/lib/python3.12/pathlib.py", line 842, in stat
    return os.stat(self, follow_symlinks=follow_symlinks)
           ^^^^^^^^^^^^^^^^^^^^^^^^^^^^^^^^^^^^^^^^^^^^^^
PermissionError: [Errno 13] Permission denied: '/home/kumar1/orchestrator/corpus_store/5f8d7f5d-626c-4618-9139-5bf39954299f/graph_validation.json'
INFO:     127.0.0.1:58372 - "GET /api/v1/data/corpora HTTP/1.1" 200 OK
INFO:     127.0.0.1:40752 - "GET /api/v1/eda/observatory/64c7463d-a1a6-476e-9a02-7ef6548437d4 HTTP/1.1" 500 Internal Server Error
ERROR:    Exception in ASGI application
Traceback (most recent call last):
  File "/home/neelam/orchestrator/backend/venv/lib/python3.12/site-packages/uvicorn/protocols/http/h11_impl.py", line 415, in run_asgi
    result = await app(  # type: ignore[func-returns-value]
             ^^^^^^^^^^^^^^^^^^^^^^^^^^^^^^^^^^^^^^^^^^^^^^
  File "/home/neelam/orchestrator/backend/venv/lib/python3.12/site-packages/uvicorn/middleware/proxy_headers.py", line 63, in __call__
    return await self.app(scope, receive, send)
           ^^^^^^^^^^^^^^^^^^^^^^^^^^^^^^^^^^^^
  File "/home/neelam/orchestrator/backend/venv/lib/python3.12/site-packages/fastapi/applications.py", line 1159, in __call__
    await super().__call__(scope, receive, send)
  File "/home/neelam/orchestrator/backend/venv/lib/python3.12/site-packages/starlette/applications.py", line 90, in __call__
    await self.middleware_stack(scope, receive, send)
  File "/home/neelam/orchestrator/backend/venv/lib/python3.12/site-packages/starlette/middleware/errors.py", line 186, in __call__
    raise exc
  File "/home/neelam/orchestrator/backend/venv/lib/python3.12/site-packages/starlette/middleware/errors.py", line 164, in __call__
    await self.app(scope, receive, _send)
  File "/home/neelam/orchestrator/backend/venv/lib/python3.12/site-packages/starlette/middleware/cors.py", line 88, in __call__
    await self.app(scope, receive, send)
  File "/home/neelam/orchestrator/backend/venv/lib/python3.12/site-packages/starlette/middleware/exceptions.py", line 63, in __call__
    await wrap_app_handling_exceptions(self.app, conn)(scope, receive, send)
  File "/home/neelam/orchestrator/backend/venv/lib/python3.12/site-packages/starlette/_exception_handler.py", line 53, in wrapped_app
    raise exc
  File "/home/neelam/orchestrator/backend/venv/lib/python3.12/site-packages/starlette/_exception_handler.py", line 42, in wrapped_app
    await app(scope, receive, sender)
  File "/home/neelam/orchestrator/backend/venv/lib/python3.12/site-packages/fastapi/middleware/asyncexitstack.py", line 18, in __call__
    await self.app(scope, receive, send)
  File "/home/neelam/orchestrator/backend/venv/lib/python3.12/site-packages/starlette/routing.py", line 660, in __call__
    await self.middleware_stack(scope, receive, send)
  File "/home/neelam/orchestrator/backend/venv/lib/python3.12/site-packages/starlette/routing.py", line 680, in app
    await route.handle(scope, receive, send)
  File "/home/neelam/orchestrator/backend/venv/lib/python3.12/site-packages/starlette/routing.py", line 276, in handle
    await self.app(scope, receive, send)
  File "/home/neelam/orchestrator/backend/venv/lib/python3.12/site-packages/fastapi/routing.py", line 134, in app
    await wrap_app_handling_exceptions(app, request)(scope, receive, send)
  File "/home/neelam/orchestrator/backend/venv/lib/python3.12/site-packages/starlette/_exception_handler.py", line 53, in wrapped_app
    raise exc
  File "/home/neelam/orchestrator/backend/venv/lib/python3.12/site-packages/starlette/_exception_handler.py", line 42, in wrapped_app
    await app(scope, receive, sender)
  File "/home/neelam/orchestrator/backend/venv/lib/python3.12/site-packages/fastapi/routing.py", line 120, in app
    response = await f(request)
               ^^^^^^^^^^^^^^^^
  File "/home/neelam/orchestrator/backend/venv/lib/python3.12/site-packages/fastapi/routing.py", line 674, in app
    raw_response = await run_endpoint_function(
                   ^^^^^^^^^^^^^^^^^^^^^^^^^^^^
  File "/home/neelam/orchestrator/backend/venv/lib/python3.12/site-packages/fastapi/routing.py", line 328, in run_endpoint_function
    return await dependant.call(**values)
           ^^^^^^^^^^^^^^^^^^^^^^^^^^^^^^
  File "/home/neelam/orchestrator/backend/app/routes/eda.py", line 706, in observatory
    domain_runs = await _domain_runs(job_id, db)
                  ^^^^^^^^^^^^^^^^^^^^^^^^^^^^^^
  File "/home/neelam/orchestrator/backend/app/routes/eda.py", line 568, in _domain_runs
    gv = _safe_load(corpus_dir / "graph_validation.json") or {}
         ^^^^^^^^^^^^^^^^^^^^^^^^^^^^^^^^^^^^^^^^^^^^^^^^
  File "/home/neelam/orchestrator/backend/app/routes/eda.py", line 31, in _safe_load
    if not path.is_file():
           ^^^^^^^^^^^^^^
  File "/usr/lib/python3.12/pathlib.py", line 894, in is_file
    return S_ISREG(self.stat().st_mode)
                   ^^^^^^^^^^^
  File "/usr/lib/python3.12/pathlib.py", line 842, in stat
    return os.stat(self, follow_symlinks=follow_symlinks)
           ^^^^^^^^^^^^^^^^^^^^^^^^^^^^^^^^^^^^^^^^^^^^^^
PermissionError: [Errno 13] Permission denied: '/home/kumar1/orchestrator/corpus_store/5f8d7f5d-626c-4618-9139-5bf39954299f/graph_validation.json'
INFO:     127.0.0.1:40760 - "GET /api/v1/eda/observatory/a561dfc6-3159-4891-9f4a-0c8c919312fe HTTP/1.1" 500 Internal Server Error
ERROR:    Exception in ASGI application
Traceback (most recent call last):
  File "/home/neelam/orchestrator/backend/venv/lib/python3.12/site-packages/uvicorn/protocols/http/h11_impl.py", line 415, in run_asgi
    result = await app(  # type: ignore[func-returns-value]
             ^^^^^^^^^^^^^^^^^^^^^^^^^^^^^^^^^^^^^^^^^^^^^^
  File "/home/neelam/orchestrator/backend/venv/lib/python3.12/site-packages/uvicorn/middleware/proxy_headers.py", line 63, in __call__
    return await self.app(scope, receive, send)
           ^^^^^^^^^^^^^^^^^^^^^^^^^^^^^^^^^^^^
  File "/home/neelam/orchestrator/backend/venv/lib/python3.12/site-packages/fastapi/applications.py", line 1159, in __call__
    await super().__call__(scope, receive, send)
  File "/home/neelam/orchestrator/backend/venv/lib/python3.12/site-packages/starlette/applications.py", line 90, in __call__
    await self.middleware_stack(scope, receive, send)
  File "/home/neelam/orchestrator/backend/venv/lib/python3.12/site-packages/starlette/middleware/errors.py", line 186, in __call__
    raise exc
  File "/home/neelam/orchestrator/backend/venv/lib/python3.12/site-packages/starlette/middleware/errors.py", line 164, in __call__
    await self.app(scope, receive, _send)
  File "/home/neelam/orchestrator/backend/venv/lib/python3.12/site-packages/starlette/middleware/cors.py", line 88, in __call__
    await self.app(scope, receive, send)
  File "/home/neelam/orchestrator/backend/venv/lib/python3.12/site-packages/starlette/middleware/exceptions.py", line 63, in __call__
    await wrap_app_handling_exceptions(self.app, conn)(scope, receive, send)
  File "/home/neelam/orchestrator/backend/venv/lib/python3.12/site-packages/starlette/_exception_handler.py", line 53, in wrapped_app
    raise exc
  File "/home/neelam/orchestrator/backend/venv/lib/python3.12/site-packages/starlette/_exception_handler.py", line 42, in wrapped_app
    await app(scope, receive, sender)
  File "/home/neelam/orchestrator/backend/venv/lib/python3.12/site-packages/fastapi/middleware/asyncexitstack.py", line 18, in __call__
    await self.app(scope, receive, send)
  File "/home/neelam/orchestrator/backend/venv/lib/python3.12/site-packages/starlette/routing.py", line 660, in __call__
    await self.middleware_stack(scope, receive, send)
  File "/home/neelam/orchestrator/backend/venv/lib/python3.12/site-packages/starlette/routing.py", line 680, in app
    await route.handle(scope, receive, send)
  File "/home/neelam/orchestrator/backend/venv/lib/python3.12/site-packages/starlette/routing.py", line 276, in handle
    await self.app(scope, receive, send)
  File "/home/neelam/orchestrator/backend/venv/lib/python3.12/site-packages/fastapi/routing.py", line 134, in app
    await wrap_app_handling_exceptions(app, request)(scope, receive, send)
  File "/home/neelam/orchestrator/backend/venv/lib/python3.12/site-packages/starlette/_exception_handler.py", line 53, in wrapped_app
    raise exc
  File "/home/neelam/orchestrator/backend/venv/lib/python3.12/site-packages/starlette/_exception_handler.py", line 42, in wrapped_app
    await app(scope, receive, sender)
  File "/home/neelam/orchestrator/backend/venv/lib/python3.12/site-packages/fastapi/routing.py", line 120, in app
    response = await f(request)
               ^^^^^^^^^^^^^^^^
  File "/home/neelam/orchestrator/backend/venv/lib/python3.12/site-packages/fastapi/routing.py", line 674, in app
    raw_response = await run_endpoint_function(
                   ^^^^^^^^^^^^^^^^^^^^^^^^^^^^
  File "/home/neelam/orchestrator/backend/venv/lib/python3.12/site-packages/fastapi/routing.py", line 328, in run_endpoint_function
    return await dependant.call(**values)
           ^^^^^^^^^^^^^^^^^^^^^^^^^^^^^^
  File "/home/neelam/orchestrator/backend/app/routes/eda.py", line 706, in observatory
    domain_runs = await _domain_runs(job_id, db)
                  ^^^^^^^^^^^^^^^^^^^^^^^^^^^^^^
  File "/home/neelam/orchestrator/backend/app/routes/eda.py", line 568, in _domain_runs
    gv = _safe_load(corpus_dir / "graph_validation.json") or {}
         ^^^^^^^^^^^^^^^^^^^^^^^^^^^^^^^^^^^^^^^^^^^^^^^^
  File "/home/neelam/orchestrator/backend/app/routes/eda.py", line 31, in _safe_load
    if not path.is_file():
           ^^^^^^^^^^^^^^
  File "/usr/lib/python3.12/pathlib.py", line 894, in is_file
    return S_ISREG(self.stat().st_mode)
                   ^^^^^^^^^^^
  File "/usr/lib/python3.12/pathlib.py", line 842, in stat
    return os.stat(self, follow_symlinks=follow_symlinks)
           ^^^^^^^^^^^^^^^^^^^^^^^^^^^^^^^^^^^^^^^^^^^^^^
PermissionError: [Errno 13] Permission denied: '/home/kumar1/orchestrator/corpus_store/5f8d7f5d-626c-4618-9139-5bf39954299f/graph_validation.json'
INFO:     127.0.0.1:40762 - "GET /api/v1/data/corpora HTTP/1.1" 200 OK
INFO:     127.0.0.1:40770 - "GET /api/v1/eda/observatory/64c7463d-a1a6-476e-9a02-7ef6548437d4 HTTP/1.1" 500 Internal Server Error
ERROR:    Exception in ASGI application
Traceback (most recent call last):
  File "/home/neelam/orchestrator/backend/venv/lib/python3.12/site-packages/uvicorn/protocols/http/h11_impl.py", line 415, in run_asgi
    result = await app(  # type: ignore[func-returns-value]
             ^^^^^^^^^^^^^^^^^^^^^^^^^^^^^^^^^^^^^^^^^^^^^^
  File "/home/neelam/orchestrator/backend/venv/lib/python3.12/site-packages/uvicorn/middleware/proxy_headers.py", line 63, in __call__
    return await self.app(scope, receive, send)
           ^^^^^^^^^^^^^^^^^^^^^^^^^^^^^^^^^^^^
  File "/home/neelam/orchestrator/backend/venv/lib/python3.12/site-packages/fastapi/applications.py", line 1159, in __call__
    await super().__call__(scope, receive, send)
  File "/home/neelam/orchestrator/backend/venv/lib/python3.12/site-packages/starlette/applications.py", line 90, in __call__
    await self.middleware_stack(scope, receive, send)
  File "/home/neelam/orchestrator/backend/venv/lib/python3.12/site-packages/starlette/middleware/errors.py", line 186, in __call__
    raise exc
  File "/home/neelam/orchestrator/backend/venv/lib/python3.12/site-packages/starlette/middleware/errors.py", line 164, in __call__
    await self.app(scope, receive, _send)
  File "/home/neelam/orchestrator/backend/venv/lib/python3.12/site-packages/starlette/middleware/cors.py", line 88, in __call__
    await self.app(scope, receive, send)
  File "/home/neelam/orchestrator/backend/venv/lib/python3.12/site-packages/starlette/middleware/exceptions.py", line 63, in __call__
    await wrap_app_handling_exceptions(self.app, conn)(scope, receive, send)
  File "/home/neelam/orchestrator/backend/venv/lib/python3.12/site-packages/starlette/_exception_handler.py", line 53, in wrapped_app
    raise exc
  File "/home/neelam/orchestrator/backend/venv/lib/python3.12/site-packages/starlette/_exception_handler.py", line 42, in wrapped_app
    await app(scope, receive, sender)
  File "/home/neelam/orchestrator/backend/venv/lib/python3.12/site-packages/fastapi/middleware/asyncexitstack.py", line 18, in __call__
    await self.app(scope, receive, send)
  File "/home/neelam/orchestrator/backend/venv/lib/python3.12/site-packages/starlette/routing.py", line 660, in __call__
    await self.middleware_stack(scope, receive, send)
  File "/home/neelam/orchestrator/backend/venv/lib/python3.12/site-packages/starlette/routing.py", line 680, in app
    await route.handle(scope, receive, send)
  File "/home/neelam/orchestrator/backend/venv/lib/python3.12/site-packages/starlette/routing.py", line 276, in handle
    await self.app(scope, receive, send)
  File "/home/neelam/orchestrator/backend/venv/lib/python3.12/site-packages/fastapi/routing.py", line 134, in app
    await wrap_app_handling_exceptions(app, request)(scope, receive, send)
  File "/home/neelam/orchestrator/backend/venv/lib/python3.12/site-packages/starlette/_exception_handler.py", line 53, in wrapped_app
    raise exc
  File "/home/neelam/orchestrator/backend/venv/lib/python3.12/site-packages/starlette/_exception_handler.py", line 42, in wrapped_app
    await app(scope, receive, sender)
  File "/home/neelam/orchestrator/backend/venv/lib/python3.12/site-packages/fastapi/routing.py", line 120, in app
    response = await f(request)
               ^^^^^^^^^^^^^^^^
  File "/home/neelam/orchestrator/backend/venv/lib/python3.12/site-packages/fastapi/routing.py", line 674, in app
    raw_response = await run_endpoint_function(
                   ^^^^^^^^^^^^^^^^^^^^^^^^^^^^
  File "/home/neelam/orchestrator/backend/venv/lib/python3.12/site-packages/fastapi/routing.py", line 328, in run_endpoint_function
    return await dependant.call(**values)
           ^^^^^^^^^^^^^^^^^^^^^^^^^^^^^^
  File "/home/neelam/orchestrator/backend/app/routes/eda.py", line 706, in observatory
    domain_runs = await _domain_runs(job_id, db)
                  ^^^^^^^^^^^^^^^^^^^^^^^^^^^^^^
  File "/home/neelam/orchestrator/backend/app/routes/eda.py", line 568, in _domain_runs
    gv = _safe_load(corpus_dir / "graph_validation.json") or {}
         ^^^^^^^^^^^^^^^^^^^^^^^^^^^^^^^^^^^^^^^^^^^^^^^^
  File "/home/neelam/orchestrator/backend/app/routes/eda.py", line 31, in _safe_load
    if not path.is_file():
           ^^^^^^^^^^^^^^
  File "/usr/lib/python3.12/pathlib.py", line 894, in is_file
    return S_ISREG(self.stat().st_mode)
                   ^^^^^^^^^^^
  File "/usr/lib/python3.12/pathlib.py", line 842, in stat
    return os.stat(self, follow_symlinks=follow_symlinks)
           ^^^^^^^^^^^^^^^^^^^^^^^^^^^^^^^^^^^^^^^^^^^^^^
PermissionError: [Errno 13] Permission denied: '/home/kumar1/orchestrator/corpus_store/5f8d7f5d-626c-4618-9139-5bf39954299f/graph_validation.json'
INFO:     127.0.0.1:40776 - "GET /api/v1/eda/observatory/a561dfc6-3159-4891-9f4a-0c8c919312fe HTTP/1.1" 500 Internal Server Error
ERROR:    Exception in ASGI application
Traceback (most recent call last):
  File "/home/neelam/orchestrator/backend/venv/lib/python3.12/site-packages/uvicorn/protocols/http/h11_impl.py", line 415, in run_asgi
    result = await app(  # type: ignore[func-returns-value]
             ^^^^^^^^^^^^^^^^^^^^^^^^^^^^^^^^^^^^^^^^^^^^^^
  File "/home/neelam/orchestrator/backend/venv/lib/python3.12/site-packages/uvicorn/middleware/proxy_headers.py", line 63, in __call__
    return await self.app(scope, receive, send)
           ^^^^^^^^^^^^^^^^^^^^^^^^^^^^^^^^^^^^
  File "/home/neelam/orchestrator/backend/venv/lib/python3.12/site-packages/fastapi/applications.py", line 1159, in __call__
    await super().__call__(scope, receive, send)
  File "/home/neelam/orchestrator/backend/venv/lib/python3.12/site-packages/starlette/applications.py", line 90, in __call__
    await self.middleware_stack(scope, receive, send)
  File "/home/neelam/orchestrator/backend/venv/lib/python3.12/site-packages/starlette/middleware/errors.py", line 186, in __call__
    raise exc
  File "/home/neelam/orchestrator/backend/venv/lib/python3.12/site-packages/starlette/middleware/errors.py", line 164, in __call__
    await self.app(scope, receive, _send)
  File "/home/neelam/orchestrator/backend/venv/lib/python3.12/site-packages/starlette/middleware/cors.py", line 88, in __call__
    await self.app(scope, receive, send)
  File "/home/neelam/orchestrator/backend/venv/lib/python3.12/site-packages/starlette/middleware/exceptions.py", line 63, in __call__
    await wrap_app_handling_exceptions(self.app, conn)(scope, receive, send)
  File "/home/neelam/orchestrator/backend/venv/lib/python3.12/site-packages/starlette/_exception_handler.py", line 53, in wrapped_app
    raise exc
  File "/home/neelam/orchestrator/backend/venv/lib/python3.12/site-packages/starlette/_exception_handler.py", line 42, in wrapped_app
    await app(scope, receive, sender)
  File "/home/neelam/orchestrator/backend/venv/lib/python3.12/site-packages/fastapi/middleware/asyncexitstack.py", line 18, in __call__
    await self.app(scope, receive, send)
  File "/home/neelam/orchestrator/backend/venv/lib/python3.12/site-packages/starlette/routing.py", line 660, in __call__
    await self.middleware_stack(scope, receive, send)
  File "/home/neelam/orchestrator/backend/venv/lib/python3.12/site-packages/starlette/routing.py", line 680, in app
    await route.handle(scope, receive, send)
  File "/home/neelam/orchestrator/backend/venv/lib/python3.12/site-packages/starlette/routing.py", line 276, in handle
    await self.app(scope, receive, send)
  File "/home/neelam/orchestrator/backend/venv/lib/python3.12/site-packages/fastapi/routing.py", line 134, in app
    await wrap_app_handling_exceptions(app, request)(scope, receive, send)
  File "/home/neelam/orchestrator/backend/venv/lib/python3.12/site-packages/starlette/_exception_handler.py", line 53, in wrapped_app
    raise exc
  File "/home/neelam/orchestrator/backend/venv/lib/python3.12/site-packages/starlette/_exception_handler.py", line 42, in wrapped_app
    await app(scope, receive, sender)
  File "/home/neelam/orchestrator/backend/venv/lib/python3.12/site-packages/fastapi/routing.py", line 120, in app
    response = await f(request)
               ^^^^^^^^^^^^^^^^
  File "/home/neelam/orchestrator/backend/venv/lib/python3.12/site-packages/fastapi/routing.py", line 674, in app
    raw_response = await run_endpoint_function(
                   ^^^^^^^^^^^^^^^^^^^^^^^^^^^^
  File "/home/neelam/orchestrator/backend/venv/lib/python3.12/site-packages/fastapi/routing.py", line 328, in run_endpoint_function
    return await dependant.call(**values)
           ^^^^^^^^^^^^^^^^^^^^^^^^^^^^^^
  File "/home/neelam/orchestrator/backend/app/routes/eda.py", line 706, in observatory
    domain_runs = await _domain_runs(job_id, db)
                  ^^^^^^^^^^^^^^^^^^^^^^^^^^^^^^
  File "/home/neelam/orchestrator/backend/app/routes/eda.py", line 568, in _domain_runs
    gv = _safe_load(corpus_dir / "graph_validation.json") or {}
         ^^^^^^^^^^^^^^^^^^^^^^^^^^^^^^^^^^^^^^^^^^^^^^^^
  File "/home/neelam/orchestrator/backend/app/routes/eda.py", line 31, in _safe_load
    if not path.is_file():
           ^^^^^^^^^^^^^^
  File "/usr/lib/python3.12/pathlib.py", line 894, in is_file
    return S_ISREG(self.stat().st_mode)
                   ^^^^^^^^^^^
  File "/usr/lib/python3.12/pathlib.py", line 842, in stat
    return os.stat(self, follow_symlinks=follow_symlinks)
           ^^^^^^^^^^^^^^^^^^^^^^^^^^^^^^^^^^^^^^^^^^^^^^
PermissionError: [Errno 13] Permission denied: '/home/kumar1/orchestrator/corpus_store/5f8d7f5d-626c-4618-9139-5bf39954299f/graph_validation.json'
INFO:     127.0.0.1:47462 - "GET /api/v1/data/corpora HTTP/1.1" 200 OK
INFO:     127.0.0.1:47472 - "GET /api/v1/eda/observatory/64c7463d-a1a6-476e-9a02-7ef6548437d4 HTTP/1.1" 500 Internal Server Error
ERROR:    Exception in ASGI application
Traceback (most recent call last):
  File "/home/neelam/orchestrator/backend/venv/lib/python3.12/site-packages/uvicorn/protocols/http/h11_impl.py", line 415, in run_asgi
    result = await app(  # type: ignore[func-returns-value]
             ^^^^^^^^^^^^^^^^^^^^^^^^^^^^^^^^^^^^^^^^^^^^^^
  File "/home/neelam/orchestrator/backend/venv/lib/python3.12/site-packages/uvicorn/middleware/proxy_headers.py", line 63, in __call__
    return await self.app(scope, receive, send)
           ^^^^^^^^^^^^^^^^^^^^^^^^^^^^^^^^^^^^
  File "/home/neelam/orchestrator/backend/venv/lib/python3.12/site-packages/fastapi/applications.py", line 1159, in __call__
    await super().__call__(scope, receive, send)
  File "/home/neelam/orchestrator/backend/venv/lib/python3.12/site-packages/starlette/applications.py", line 90, in __call__
    await self.middleware_stack(scope, receive, send)
  File "/home/neelam/orchestrator/backend/venv/lib/python3.12/site-packages/starlette/middleware/errors.py", line 186, in __call__
    raise exc
  File "/home/neelam/orchestrator/backend/venv/lib/python3.12/site-packages/starlette/middleware/errors.py", line 164, in __call__
    await self.app(scope, receive, _send)
  File "/home/neelam/orchestrator/backend/venv/lib/python3.12/site-packages/starlette/middleware/cors.py", line 88, in __call__
    await self.app(scope, receive, send)
  File "/home/neelam/orchestrator/backend/venv/lib/python3.12/site-packages/starlette/middleware/exceptions.py", line 63, in __call__
    await wrap_app_handling_exceptions(self.app, conn)(scope, receive, send)
  File "/home/neelam/orchestrator/backend/venv/lib/python3.12/site-packages/starlette/_exception_handler.py", line 53, in wrapped_app
    raise exc
  File "/home/neelam/orchestrator/backend/venv/lib/python3.12/site-packages/starlette/_exception_handler.py", line 42, in wrapped_app
    await app(scope, receive, sender)
  File "/home/neelam/orchestrator/backend/venv/lib/python3.12/site-packages/fastapi/middleware/asyncexitstack.py", line 18, in __call__
    await self.app(scope, receive, send)
  File "/home/neelam/orchestrator/backend/venv/lib/python3.12/site-packages/starlette/routing.py", line 660, in __call__
    await self.middleware_stack(scope, receive, send)
  File "/home/neelam/orchestrator/backend/venv/lib/python3.12/site-packages/starlette/routing.py", line 680, in app
    await route.handle(scope, receive, send)
  File "/home/neelam/orchestrator/backend/venv/lib/python3.12/site-packages/starlette/routing.py", line 276, in handle
    await self.app(scope, receive, send)
  File "/home/neelam/orchestrator/backend/venv/lib/python3.12/site-packages/fastapi/routing.py", line 134, in app
    await wrap_app_handling_exceptions(app, request)(scope, receive, send)
  File "/home/neelam/orchestrator/backend/venv/lib/python3.12/site-packages/starlette/_exception_handler.py", line 53, in wrapped_app
    raise exc
  File "/home/neelam/orchestrator/backend/venv/lib/python3.12/site-packages/starlette/_exception_handler.py", line 42, in wrapped_app
    await app(scope, receive, sender)
  File "/home/neelam/orchestrator/backend/venv/lib/python3.12/site-packages/fastapi/routing.py", line 120, in app
    response = await f(request)
               ^^^^^^^^^^^^^^^^
  File "/home/neelam/orchestrator/backend/venv/lib/python3.12/site-packages/fastapi/routing.py", line 674, in app
    raw_response = await run_endpoint_function(
                   ^^^^^^^^^^^^^^^^^^^^^^^^^^^^
  File "/home/neelam/orchestrator/backend/venv/lib/python3.12/site-packages/fastapi/routing.py", line 328, in run_endpoint_function
    return await dependant.call(**values)
           ^^^^^^^^^^^^^^^^^^^^^^^^^^^^^^
  File "/home/neelam/orchestrator/backend/app/routes/eda.py", line 706, in observatory
    domain_runs = await _domain_runs(job_id, db)
                  ^^^^^^^^^^^^^^^^^^^^^^^^^^^^^^
  File "/home/neelam/orchestrator/backend/app/routes/eda.py", line 568, in _domain_runs
    gv = _safe_load(corpus_dir / "graph_validation.json") or {}
         ^^^^^^^^^^^^^^^^^^^^^^^^^^^^^^^^^^^^^^^^^^^^^^^^
  File "/home/neelam/orchestrator/backend/app/routes/eda.py", line 31, in _safe_load
    if not path.is_file():
           ^^^^^^^^^^^^^^
  File "/usr/lib/python3.12/pathlib.py", line 894, in is_file
    return S_ISREG(self.stat().st_mode)
                   ^^^^^^^^^^^
  File "/usr/lib/python3.12/pathlib.py", line 842, in stat
    return os.stat(self, follow_symlinks=follow_symlinks)
           ^^^^^^^^^^^^^^^^^^^^^^^^^^^^^^^^^^^^^^^^^^^^^^
PermissionError: [Errno 13] Permission denied: '/home/kumar1/orchestrator/corpus_store/5f8d7f5d-626c-4618-9139-5bf39954299f/graph_validation.json'
INFO:     127.0.0.1:47478 - "GET /api/v1/eda/observatory/a561dfc6-3159-4891-9f4a-0c8c919312fe HTTP/1.1" 500 Internal Server Error
ERROR:    Exception in ASGI application
Traceback (most recent call last):
  File "/home/neelam/orchestrator/backend/venv/lib/python3.12/site-packages/uvicorn/protocols/http/h11_impl.py", line 415, in run_asgi
    result = await app(  # type: ignore[func-returns-value]
             ^^^^^^^^^^^^^^^^^^^^^^^^^^^^^^^^^^^^^^^^^^^^^^
  File "/home/neelam/orchestrator/backend/venv/lib/python3.12/site-packages/uvicorn/middleware/proxy_headers.py", line 63, in __call__
    return await self.app(scope, receive, send)
           ^^^^^^^^^^^^^^^^^^^^^^^^^^^^^^^^^^^^
  File "/home/neelam/orchestrator/backend/venv/lib/python3.12/site-packages/fastapi/applications.py", line 1159, in __call__
    await super().__call__(scope, receive, send)
  File "/home/neelam/orchestrator/backend/venv/lib/python3.12/site-packages/starlette/applications.py", line 90, in __call__
    await self.middleware_stack(scope, receive, send)
  File "/home/neelam/orchestrator/backend/venv/lib/python3.12/site-packages/starlette/middleware/errors.py", line 186, in __call__
    raise exc
  File "/home/neelam/orchestrator/backend/venv/lib/python3.12/site-packages/starlette/middleware/errors.py", line 164, in __call__
    await self.app(scope, receive, _send)
  File "/home/neelam/orchestrator/backend/venv/lib/python3.12/site-packages/starlette/middleware/cors.py", line 88, in __call__
    await self.app(scope, receive, send)
  File "/home/neelam/orchestrator/backend/venv/lib/python3.12/site-packages/starlette/middleware/exceptions.py", line 63, in __call__
    await wrap_app_handling_exceptions(self.app, conn)(scope, receive, send)
  File "/home/neelam/orchestrator/backend/venv/lib/python3.12/site-packages/starlette/_exception_handler.py", line 53, in wrapped_app
    raise exc
  File "/home/neelam/orchestrator/backend/venv/lib/python3.12/site-packages/starlette/_exception_handler.py", line 42, in wrapped_app
    await app(scope, receive, sender)
  File "/home/neelam/orchestrator/backend/venv/lib/python3.12/site-packages/fastapi/middleware/asyncexitstack.py", line 18, in __call__
    await self.app(scope, receive, send)
  File "/home/neelam/orchestrator/backend/venv/lib/python3.12/site-packages/starlette/routing.py", line 660, in __call__
    await self.middleware_stack(scope, receive, send)
  File "/home/neelam/orchestrator/backend/venv/lib/python3.12/site-packages/starlette/routing.py", line 680, in app
    await route.handle(scope, receive, send)
  File "/home/neelam/orchestrator/backend/venv/lib/python3.12/site-packages/starlette/routing.py", line 276, in handle
    await self.app(scope, receive, send)
  File "/home/neelam/orchestrator/backend/venv/lib/python3.12/site-packages/fastapi/routing.py", line 134, in app
    await wrap_app_handling_exceptions(app, request)(scope, receive, send)
  File "/home/neelam/orchestrator/backend/venv/lib/python3.12/site-packages/starlette/_exception_handler.py", line 53, in wrapped_app
    raise exc
  File "/home/neelam/orchestrator/backend/venv/lib/python3.12/site-packages/starlette/_exception_handler.py", line 42, in wrapped_app
    await app(scope, receive, sender)
  File "/home/neelam/orchestrator/backend/venv/lib/python3.12/site-packages/fastapi/routing.py", line 120, in app
    response = await f(request)
               ^^^^^^^^^^^^^^^^
  File "/home/neelam/orchestrator/backend/venv/lib/python3.12/site-packages/fastapi/routing.py", line 674, in app
    raw_response = await run_endpoint_function(
                   ^^^^^^^^^^^^^^^^^^^^^^^^^^^^
  File "/home/neelam/orchestrator/backend/venv/lib/python3.12/site-packages/fastapi/routing.py", line 328, in run_endpoint_function
    return await dependant.call(**values)
           ^^^^^^^^^^^^^^^^^^^^^^^^^^^^^^
  File "/home/neelam/orchestrator/backend/app/routes/eda.py", line 706, in observatory
    domain_runs = await _domain_runs(job_id, db)
                  ^^^^^^^^^^^^^^^^^^^^^^^^^^^^^^
  File "/home/neelam/orchestrator/backend/app/routes/eda.py", line 568, in _domain_runs
    gv = _safe_load(corpus_dir / "graph_validation.json") or {}
         ^^^^^^^^^^^^^^^^^^^^^^^^^^^^^^^^^^^^^^^^^^^^^^^^
  File "/home/neelam/orchestrator/backend/app/routes/eda.py", line 31, in _safe_load
    if not path.is_file():
           ^^^^^^^^^^^^^^
  File "/usr/lib/python3.12/pathlib.py", line 894, in is_file
    return S_ISREG(self.stat().st_mode)
                   ^^^^^^^^^^^
  File "/usr/lib/python3.12/pathlib.py", line 842, in stat
    return os.stat(self, follow_symlinks=follow_symlinks)
           ^^^^^^^^^^^^^^^^^^^^^^^^^^^^^^^^^^^^^^^^^^^^^^
PermissionError: [Errno 13] Permission denied: '/home/kumar1/orchestrator/corpus_store/5f8d7f5d-626c-4618-9139-5bf39954299f/graph_validation.json'
INFO:     127.0.0.1:47490 - "GET /api/v1/data/corpora HTTP/1.1" 200 OK
INFO:     127.0.0.1:47506 - "GET /api/v1/eda/observatory/64c7463d-a1a6-476e-9a02-7ef6548437d4 HTTP/1.1" 500 Internal Server Error
ERROR:    Exception in ASGI application
Traceback (most recent call last):
  File "/home/neelam/orchestrator/backend/venv/lib/python3.12/site-packages/uvicorn/protocols/http/h11_impl.py", line 415, in run_asgi
    result = await app(  # type: ignore[func-returns-value]
             ^^^^^^^^^^^^^^^^^^^^^^^^^^^^^^^^^^^^^^^^^^^^^^
  File "/home/neelam/orchestrator/backend/venv/lib/python3.12/site-packages/uvicorn/middleware/proxy_headers.py", line 63, in __call__
    return await self.app(scope, receive, send)
           ^^^^^^^^^^^^^^^^^^^^^^^^^^^^^^^^^^^^
  File "/home/neelam/orchestrator/backend/venv/lib/python3.12/site-packages/fastapi/applications.py", line 1159, in __call__
    await super().__call__(scope, receive, send)
  File "/home/neelam/orchestrator/backend/venv/lib/python3.12/site-packages/starlette/applications.py", line 90, in __call__
    await self.middleware_stack(scope, receive, send)
  File "/home/neelam/orchestrator/backend/venv/lib/python3.12/site-packages/starlette/middleware/errors.py", line 186, in __call__
    raise exc
  File "/home/neelam/orchestrator/backend/venv/lib/python3.12/site-packages/starlette/middleware/errors.py", line 164, in __call__
    await self.app(scope, receive, _send)
  File "/home/neelam/orchestrator/backend/venv/lib/python3.12/site-packages/starlette/middleware/cors.py", line 88, in __call__
    await self.app(scope, receive, send)
  File "/home/neelam/orchestrator/backend/venv/lib/python3.12/site-packages/starlette/middleware/exceptions.py", line 63, in __call__
    await wrap_app_handling_exceptions(self.app, conn)(scope, receive, send)
  File "/home/neelam/orchestrator/backend/venv/lib/python3.12/site-packages/starlette/_exception_handler.py", line 53, in wrapped_app
    raise exc
  File "/home/neelam/orchestrator/backend/venv/lib/python3.12/site-packages/starlette/_exception_handler.py", line 42, in wrapped_app
    await app(scope, receive, sender)
  File "/home/neelam/orchestrator/backend/venv/lib/python3.12/site-packages/fastapi/middleware/asyncexitstack.py", line 18, in __call__
    await self.app(scope, receive, send)
  File "/home/neelam/orchestrator/backend/venv/lib/python3.12/site-packages/starlette/routing.py", line 660, in __call__
    await self.middleware_stack(scope, receive, send)
  File "/home/neelam/orchestrator/backend/venv/lib/python3.12/site-packages/starlette/routing.py", line 680, in app
    await route.handle(scope, receive, send)
  File "/home/neelam/orchestrator/backend/venv/lib/python3.12/site-packages/starlette/routing.py", line 276, in handle
    await self.app(scope, receive, send)
  File "/home/neelam/orchestrator/backend/venv/lib/python3.12/site-packages/fastapi/routing.py", line 134, in app
    await wrap_app_handling_exceptions(app, request)(scope, receive, send)
  File "/home/neelam/orchestrator/backend/venv/lib/python3.12/site-packages/starlette/_exception_handler.py", line 53, in wrapped_app
    raise exc
  File "/home/neelam/orchestrator/backend/venv/lib/python3.12/site-packages/starlette/_exception_handler.py", line 42, in wrapped_app
    await app(scope, receive, sender)
  File "/home/neelam/orchestrator/backend/venv/lib/python3.12/site-packages/fastapi/routing.py", line 120, in app
    response = await f(request)
               ^^^^^^^^^^^^^^^^
  File "/home/neelam/orchestrator/backend/venv/lib/python3.12/site-packages/fastapi/routing.py", line 674, in app
    raw_response = await run_endpoint_function(
                   ^^^^^^^^^^^^^^^^^^^^^^^^^^^^
  File "/home/neelam/orchestrator/backend/venv/lib/python3.12/site-packages/fastapi/routing.py", line 328, in run_endpoint_function
    return await dependant.call(**values)
           ^^^^^^^^^^^^^^^^^^^^^^^^^^^^^^
  File "/home/neelam/orchestrator/backend/app/routes/eda.py", line 706, in observatory
    domain_runs = await _domain_runs(job_id, db)
                  ^^^^^^^^^^^^^^^^^^^^^^^^^^^^^^
  File "/home/neelam/orchestrator/backend/app/routes/eda.py", line 568, in _domain_runs
    gv = _safe_load(corpus_dir / "graph_validation.json") or {}
         ^^^^^^^^^^^^^^^^^^^^^^^^^^^^^^^^^^^^^^^^^^^^^^^^
  File "/home/neelam/orchestrator/backend/app/routes/eda.py", line 31, in _safe_load
    if not path.is_file():
           ^^^^^^^^^^^^^^
  File "/usr/lib/python3.12/pathlib.py", line 894, in is_file
    return S_ISREG(self.stat().st_mode)
                   ^^^^^^^^^^^
  File "/usr/lib/python3.12/pathlib.py", line 842, in stat
    return os.stat(self, follow_symlinks=follow_symlinks)
           ^^^^^^^^^^^^^^^^^^^^^^^^^^^^^^^^^^^^^^^^^^^^^^
PermissionError: [Errno 13] Permission denied: '/home/kumar1/orchestrator/corpus_store/5f8d7f5d-626c-4618-9139-5bf39954299f/graph_validation.json'
INFO:     127.0.0.1:47520 - "GET /api/v1/eda/observatory/a561dfc6-3159-4891-9f4a-0c8c919312fe HTTP/1.1" 500 Internal Server Error
ERROR:    Exception in ASGI application
Traceback (most recent call last):
  File "/home/neelam/orchestrator/backend/venv/lib/python3.12/site-packages/uvicorn/protocols/http/h11_impl.py", line 415, in run_asgi
    result = await app(  # type: ignore[func-returns-value]
             ^^^^^^^^^^^^^^^^^^^^^^^^^^^^^^^^^^^^^^^^^^^^^^
  File "/home/neelam/orchestrator/backend/venv/lib/python3.12/site-packages/uvicorn/middleware/proxy_headers.py", line 63, in __call__
    return await self.app(scope, receive, send)
           ^^^^^^^^^^^^^^^^^^^^^^^^^^^^^^^^^^^^
  File "/home/neelam/orchestrator/backend/venv/lib/python3.12/site-packages/fastapi/applications.py", line 1159, in __call__
    await super().__call__(scope, receive, send)
  File "/home/neelam/orchestrator/backend/venv/lib/python3.12/site-packages/starlette/applications.py", line 90, in __call__
    await self.middleware_stack(scope, receive, send)
  File "/home/neelam/orchestrator/backend/venv/lib/python3.12/site-packages/starlette/middleware/errors.py", line 186, in __call__
    raise exc
  File "/home/neelam/orchestrator/backend/venv/lib/python3.12/site-packages/starlette/middleware/errors.py", line 164, in __call__
    await self.app(scope, receive, _send)
  File "/home/neelam/orchestrator/backend/venv/lib/python3.12/site-packages/starlette/middleware/cors.py", line 88, in __call__
    await self.app(scope, receive, send)
  File "/home/neelam/orchestrator/backend/venv/lib/python3.12/site-packages/starlette/middleware/exceptions.py", line 63, in __call__
    await wrap_app_handling_exceptions(self.app, conn)(scope, receive, send)
  File "/home/neelam/orchestrator/backend/venv/lib/python3.12/site-packages/starlette/_exception_handler.py", line 53, in wrapped_app
    raise exc
  File "/home/neelam/orchestrator/backend/venv/lib/python3.12/site-packages/starlette/_exception_handler.py", line 42, in wrapped_app
    await app(scope, receive, sender)
  File "/home/neelam/orchestrator/backend/venv/lib/python3.12/site-packages/fastapi/middleware/asyncexitstack.py", line 18, in __call__
    await self.app(scope, receive, send)
  File "/home/neelam/orchestrator/backend/venv/lib/python3.12/site-packages/starlette/routing.py", line 660, in __call__
    await self.middleware_stack(scope, receive, send)
  File "/home/neelam/orchestrator/backend/venv/lib/python3.12/site-packages/starlette/routing.py", line 680, in app
    await route.handle(scope, receive, send)
  File "/home/neelam/orchestrator/backend/venv/lib/python3.12/site-packages/starlette/routing.py", line 276, in handle
    await self.app(scope, receive, send)
  File "/home/neelam/orchestrator/backend/venv/lib/python3.12/site-packages/fastapi/routing.py", line 134, in app
    await wrap_app_handling_exceptions(app, request)(scope, receive, send)
  File "/home/neelam/orchestrator/backend/venv/lib/python3.12/site-packages/starlette/_exception_handler.py", line 53, in wrapped_app
    raise exc
  File "/home/neelam/orchestrator/backend/venv/lib/python3.12/site-packages/starlette/_exception_handler.py", line 42, in wrapped_app
    await app(scope, receive, sender)
  File "/home/neelam/orchestrator/backend/venv/lib/python3.12/site-packages/fastapi/routing.py", line 120, in app
    response = await f(request)
               ^^^^^^^^^^^^^^^^
  File "/home/neelam/orchestrator/backend/venv/lib/python3.12/site-packages/fastapi/routing.py", line 674, in app
    raw_response = await run_endpoint_function(
                   ^^^^^^^^^^^^^^^^^^^^^^^^^^^^
  File "/home/neelam/orchestrator/backend/venv/lib/python3.12/site-packages/fastapi/routing.py", line 328, in run_endpoint_function
    return await dependant.call(**values)
           ^^^^^^^^^^^^^^^^^^^^^^^^^^^^^^
  File "/home/neelam/orchestrator/backend/app/routes/eda.py", line 706, in observatory
    domain_runs = await _domain_runs(job_id, db)
                  ^^^^^^^^^^^^^^^^^^^^^^^^^^^^^^
  File "/home/neelam/orchestrator/backend/app/routes/eda.py", line 568, in _domain_runs
    gv = _safe_load(corpus_dir / "graph_validation.json") or {}
         ^^^^^^^^^^^^^^^^^^^^^^^^^^^^^^^^^^^^^^^^^^^^^^^^
  File "/home/neelam/orchestrator/backend/app/routes/eda.py", line 31, in _safe_load
    if not path.is_file():
           ^^^^^^^^^^^^^^
  File "/usr/lib/python3.12/pathlib.py", line 894, in is_file
    return S_ISREG(self.stat().st_mode)
                   ^^^^^^^^^^^
  File "/usr/lib/python3.12/pathlib.py", line 842, in stat
    return os.stat(self, follow_symlinks=follow_symlinks)
           ^^^^^^^^^^^^^^^^^^^^^^^^^^^^^^^^^^^^^^^^^^^^^^
PermissionError: [Errno 13] Permission denied: '/home/kumar1/orchestrator/corpus_store/5f8d7f5d-626c-4618-9139-5bf39954299f/graph_validation.json'
INFO:     127.0.0.1:54840 - "GET /api/v1/data/corpora HTTP/1.1" 200 OK
INFO:     127.0.0.1:54844 - "GET /api/v1/eda/observatory/64c7463d-a1a6-476e-9a02-7ef6548437d4 HTTP/1.1" 500 Internal Server Error
ERROR:    Exception in ASGI application
Traceback (most recent call last):
  File "/home/neelam/orchestrator/backend/venv/lib/python3.12/site-packages/uvicorn/protocols/http/h11_impl.py", line 415, in run_asgi
    result = await app(  # type: ignore[func-returns-value]
             ^^^^^^^^^^^^^^^^^^^^^^^^^^^^^^^^^^^^^^^^^^^^^^
  File "/home/neelam/orchestrator/backend/venv/lib/python3.12/site-packages/uvicorn/middleware/proxy_headers.py", line 63, in __call__
    return await self.app(scope, receive, send)
           ^^^^^^^^^^^^^^^^^^^^^^^^^^^^^^^^^^^^
  File "/home/neelam/orchestrator/backend/venv/lib/python3.12/site-packages/fastapi/applications.py", line 1159, in __call__
    await super().__call__(scope, receive, send)
  File "/home/neelam/orchestrator/backend/venv/lib/python3.12/site-packages/starlette/applications.py", line 90, in __call__
    await self.middleware_stack(scope, receive, send)
  File "/home/neelam/orchestrator/backend/venv/lib/python3.12/site-packages/starlette/middleware/errors.py", line 186, in __call__
    raise exc
  File "/home/neelam/orchestrator/backend/venv/lib/python3.12/site-packages/starlette/middleware/errors.py", line 164, in __call__
    await self.app(scope, receive, _send)
  File "/home/neelam/orchestrator/backend/venv/lib/python3.12/site-packages/starlette/middleware/cors.py", line 88, in __call__
    await self.app(scope, receive, send)
  File "/home/neelam/orchestrator/backend/venv/lib/python3.12/site-packages/starlette/middleware/exceptions.py", line 63, in __call__
    await wrap_app_handling_exceptions(self.app, conn)(scope, receive, send)
  File "/home/neelam/orchestrator/backend/venv/lib/python3.12/site-packages/starlette/_exception_handler.py", line 53, in wrapped_app
    raise exc
  File "/home/neelam/orchestrator/backend/venv/lib/python3.12/site-packages/starlette/_exception_handler.py", line 42, in wrapped_app
    await app(scope, receive, sender)
  File "/home/neelam/orchestrator/backend/venv/lib/python3.12/site-packages/fastapi/middleware/asyncexitstack.py", line 18, in __call__
    await self.app(scope, receive, send)
  File "/home/neelam/orchestrator/backend/venv/lib/python3.12/site-packages/starlette/routing.py", line 660, in __call__
    await self.middleware_stack(scope, receive, send)
  File "/home/neelam/orchestrator/backend/venv/lib/python3.12/site-packages/starlette/routing.py", line 680, in app
    await route.handle(scope, receive, send)
  File "/home/neelam/orchestrator/backend/venv/lib/python3.12/site-packages/starlette/routing.py", line 276, in handle
    await self.app(scope, receive, send)
  File "/home/neelam/orchestrator/backend/venv/lib/python3.12/site-packages/fastapi/routing.py", line 134, in app
    await wrap_app_handling_exceptions(app, request)(scope, receive, send)
  File "/home/neelam/orchestrator/backend/venv/lib/python3.12/site-packages/starlette/_exception_handler.py", line 53, in wrapped_app
    raise exc
  File "/home/neelam/orchestrator/backend/venv/lib/python3.12/site-packages/starlette/_exception_handler.py", line 42, in wrapped_app
    await app(scope, receive, sender)
  File "/home/neelam/orchestrator/backend/venv/lib/python3.12/site-packages/fastapi/routing.py", line 120, in app
    response = await f(request)
               ^^^^^^^^^^^^^^^^
  File "/home/neelam/orchestrator/backend/venv/lib/python3.12/site-packages/fastapi/routing.py", line 674, in app
    raw_response = await run_endpoint_function(
                   ^^^^^^^^^^^^^^^^^^^^^^^^^^^^
  File "/home/neelam/orchestrator/backend/venv/lib/python3.12/site-packages/fastapi/routing.py", line 328, in run_endpoint_function
    return await dependant.call(**values)
           ^^^^^^^^^^^^^^^^^^^^^^^^^^^^^^
  File "/home/neelam/orchestrator/backend/app/routes/eda.py", line 706, in observatory
    domain_runs = await _domain_runs(job_id, db)
                  ^^^^^^^^^^^^^^^^^^^^^^^^^^^^^^
  File "/home/neelam/orchestrator/backend/app/routes/eda.py", line 568, in _domain_runs
    gv = _safe_load(corpus_dir / "graph_validation.json") or {}
         ^^^^^^^^^^^^^^^^^^^^^^^^^^^^^^^^^^^^^^^^^^^^^^^^
  File "/home/neelam/orchestrator/backend/app/routes/eda.py", line 31, in _safe_load
    if not path.is_file():
           ^^^^^^^^^^^^^^
  File "/usr/lib/python3.12/pathlib.py", line 894, in is_file
    return S_ISREG(self.stat().st_mode)
                   ^^^^^^^^^^^
  File "/usr/lib/python3.12/pathlib.py", line 842, in stat
    return os.stat(self, follow_symlinks=follow_symlinks)
           ^^^^^^^^^^^^^^^^^^^^^^^^^^^^^^^^^^^^^^^^^^^^^^
PermissionError: [Errno 13] Permission denied: '/home/kumar1/orchestrator/corpus_store/5f8d7f5d-626c-4618-9139-5bf39954299f/graph_validation.json'
INFO:     127.0.0.1:54856 - "GET /api/v1/eda/observatory/a561dfc6-3159-4891-9f4a-0c8c919312fe HTTP/1.1" 500 Internal Server Error
ERROR:    Exception in ASGI application
Traceback (most recent call last):
  File "/home/neelam/orchestrator/backend/venv/lib/python3.12/site-packages/uvicorn/protocols/http/h11_impl.py", line 415, in run_asgi
    result = await app(  # type: ignore[func-returns-value]
             ^^^^^^^^^^^^^^^^^^^^^^^^^^^^^^^^^^^^^^^^^^^^^^
  File "/home/neelam/orchestrator/backend/venv/lib/python3.12/site-packages/uvicorn/middleware/proxy_headers.py", line 63, in __call__
    return await self.app(scope, receive, send)
           ^^^^^^^^^^^^^^^^^^^^^^^^^^^^^^^^^^^^
  File "/home/neelam/orchestrator/backend/venv/lib/python3.12/site-packages/fastapi/applications.py", line 1159, in __call__
    await super().__call__(scope, receive, send)
  File "/home/neelam/orchestrator/backend/venv/lib/python3.12/site-packages/starlette/applications.py", line 90, in __call__
    await self.middleware_stack(scope, receive, send)
  File "/home/neelam/orchestrator/backend/venv/lib/python3.12/site-packages/starlette/middleware/errors.py", line 186, in __call__
    raise exc
  File "/home/neelam/orchestrator/backend/venv/lib/python3.12/site-packages/starlette/middleware/errors.py", line 164, in __call__
    await self.app(scope, receive, _send)
  File "/home/neelam/orchestrator/backend/venv/lib/python3.12/site-packages/starlette/middleware/cors.py", line 88, in __call__
    await self.app(scope, receive, send)
  File "/home/neelam/orchestrator/backend/venv/lib/python3.12/site-packages/starlette/middleware/exceptions.py", line 63, in __call__
    await wrap_app_handling_exceptions(self.app, conn)(scope, receive, send)
  File "/home/neelam/orchestrator/backend/venv/lib/python3.12/site-packages/starlette/_exception_handler.py", line 53, in wrapped_app
    raise exc
  File "/home/neelam/orchestrator/backend/venv/lib/python3.12/site-packages/starlette/_exception_handler.py", line 42, in wrapped_app
    await app(scope, receive, sender)
  File "/home/neelam/orchestrator/backend/venv/lib/python3.12/site-packages/fastapi/middleware/asyncexitstack.py", line 18, in __call__
    await self.app(scope, receive, send)
  File "/home/neelam/orchestrator/backend/venv/lib/python3.12/site-packages/starlette/routing.py", line 660, in __call__
    await self.middleware_stack(scope, receive, send)
  File "/home/neelam/orchestrator/backend/venv/lib/python3.12/site-packages/starlette/routing.py", line 680, in app
    await route.handle(scope, receive, send)
  File "/home/neelam/orchestrator/backend/venv/lib/python3.12/site-packages/starlette/routing.py", line 276, in handle
    await self.app(scope, receive, send)
  File "/home/neelam/orchestrator/backend/venv/lib/python3.12/site-packages/fastapi/routing.py", line 134, in app
    await wrap_app_handling_exceptions(app, request)(scope, receive, send)
  File "/home/neelam/orchestrator/backend/venv/lib/python3.12/site-packages/starlette/_exception_handler.py", line 53, in wrapped_app
    raise exc
  File "/home/neelam/orchestrator/backend/venv/lib/python3.12/site-packages/starlette/_exception_handler.py", line 42, in wrapped_app
    await app(scope, receive, sender)
  File "/home/neelam/orchestrator/backend/venv/lib/python3.12/site-packages/fastapi/routing.py", line 120, in app
    response = await f(request)
               ^^^^^^^^^^^^^^^^
  File "/home/neelam/orchestrator/backend/venv/lib/python3.12/site-packages/fastapi/routing.py", line 674, in app
    raw_response = await run_endpoint_function(
                   ^^^^^^^^^^^^^^^^^^^^^^^^^^^^
  File "/home/neelam/orchestrator/backend/venv/lib/python3.12/site-packages/fastapi/routing.py", line 328, in run_endpoint_function
    return await dependant.call(**values)
           ^^^^^^^^^^^^^^^^^^^^^^^^^^^^^^
  File "/home/neelam/orchestrator/backend/app/routes/eda.py", line 706, in observatory
    domain_runs = await _domain_runs(job_id, db)
                  ^^^^^^^^^^^^^^^^^^^^^^^^^^^^^^
  File "/home/neelam/orchestrator/backend/app/routes/eda.py", line 568, in _domain_runs
    gv = _safe_load(corpus_dir / "graph_validation.json") or {}
         ^^^^^^^^^^^^^^^^^^^^^^^^^^^^^^^^^^^^^^^^^^^^^^^^
  File "/home/neelam/orchestrator/backend/app/routes/eda.py", line 31, in _safe_load
    if not path.is_file():
           ^^^^^^^^^^^^^^
  File "/usr/lib/python3.12/pathlib.py", line 894, in is_file
    return S_ISREG(self.stat().st_mode)
                   ^^^^^^^^^^^
  File "/usr/lib/python3.12/pathlib.py", line 842, in stat
    return os.stat(self, follow_symlinks=follow_symlinks)
           ^^^^^^^^^^^^^^^^^^^^^^^^^^^^^^^^^^^^^^^^^^^^^^
PermissionError: [Errno 13] Permission denied: '/home/kumar1/orchestrator/corpus_store/5f8d7f5d-626c-4618-9139-5bf39954299f/graph_validation.json'
INFO:     127.0.0.1:54868 - "GET /api/v1/data/corpora HTTP/1.1" 200 OK
INFO:     127.0.0.1:54874 - "GET /api/v1/eda/observatory/64c7463d-a1a6-476e-9a02-7ef6548437d4 HTTP/1.1" 500 Internal Server Error
ERROR:    Exception in ASGI application
Traceback (most recent call last):
  File "/home/neelam/orchestrator/backend/venv/lib/python3.12/site-packages/uvicorn/protocols/http/h11_impl.py", line 415, in run_asgi
    result = await app(  # type: ignore[func-returns-value]
             ^^^^^^^^^^^^^^^^^^^^^^^^^^^^^^^^^^^^^^^^^^^^^^
  File "/home/neelam/orchestrator/backend/venv/lib/python3.12/site-packages/uvicorn/middleware/proxy_headers.py", line 63, in __call__
    return await self.app(scope, receive, send)
           ^^^^^^^^^^^^^^^^^^^^^^^^^^^^^^^^^^^^
  File "/home/neelam/orchestrator/backend/venv/lib/python3.12/site-packages/fastapi/applications.py", line 1159, in __call__
    await super().__call__(scope, receive, send)
  File "/home/neelam/orchestrator/backend/venv/lib/python3.12/site-packages/starlette/applications.py", line 90, in __call__
    await self.middleware_stack(scope, receive, send)
  File "/home/neelam/orchestrator/backend/venv/lib/python3.12/site-packages/starlette/middleware/errors.py", line 186, in __call__
    raise exc
  File "/home/neelam/orchestrator/backend/venv/lib/python3.12/site-packages/starlette/middleware/errors.py", line 164, in __call__
    await self.app(scope, receive, _send)
  File "/home/neelam/orchestrator/backend/venv/lib/python3.12/site-packages/starlette/middleware/cors.py", line 88, in __call__
    await self.app(scope, receive, send)
  File "/home/neelam/orchestrator/backend/venv/lib/python3.12/site-packages/starlette/middleware/exceptions.py", line 63, in __call__
    await wrap_app_handling_exceptions(self.app, conn)(scope, receive, send)
  File "/home/neelam/orchestrator/backend/venv/lib/python3.12/site-packages/starlette/_exception_handler.py", line 53, in wrapped_app
    raise exc
  File "/home/neelam/orchestrator/backend/venv/lib/python3.12/site-packages/starlette/_exception_handler.py", line 42, in wrapped_app
    await app(scope, receive, sender)
  File "/home/neelam/orchestrator/backend/venv/lib/python3.12/site-packages/fastapi/middleware/asyncexitstack.py", line 18, in __call__
    await self.app(scope, receive, send)
  File "/home/neelam/orchestrator/backend/venv/lib/python3.12/site-packages/starlette/routing.py", line 660, in __call__
    await self.middleware_stack(scope, receive, send)
  File "/home/neelam/orchestrator/backend/venv/lib/python3.12/site-packages/starlette/routing.py", line 680, in app
    await route.handle(scope, receive, send)
  File "/home/neelam/orchestrator/backend/venv/lib/python3.12/site-packages/starlette/routing.py", line 276, in handle
    await self.app(scope, receive, send)
  File "/home/neelam/orchestrator/backend/venv/lib/python3.12/site-packages/fastapi/routing.py", line 134, in app
    await wrap_app_handling_exceptions(app, request)(scope, receive, send)
  File "/home/neelam/orchestrator/backend/venv/lib/python3.12/site-packages/starlette/_exception_handler.py", line 53, in wrapped_app
    raise exc
  File "/home/neelam/orchestrator/backend/venv/lib/python3.12/site-packages/starlette/_exception_handler.py", line 42, in wrapped_app
    await app(scope, receive, sender)
  File "/home/neelam/orchestrator/backend/venv/lib/python3.12/site-packages/fastapi/routing.py", line 120, in app
    response = await f(request)
               ^^^^^^^^^^^^^^^^
  File "/home/neelam/orchestrator/backend/venv/lib/python3.12/site-packages/fastapi/routing.py", line 674, in app
    raw_response = await run_endpoint_function(
                   ^^^^^^^^^^^^^^^^^^^^^^^^^^^^
  File "/home/neelam/orchestrator/backend/venv/lib/python3.12/site-packages/fastapi/routing.py", line 328, in run_endpoint_function
    return await dependant.call(**values)
           ^^^^^^^^^^^^^^^^^^^^^^^^^^^^^^
  File "/home/neelam/orchestrator/backend/app/routes/eda.py", line 706, in observatory
    domain_runs = await _domain_runs(job_id, db)
                  ^^^^^^^^^^^^^^^^^^^^^^^^^^^^^^
  File "/home/neelam/orchestrator/backend/app/routes/eda.py", line 568, in _domain_runs
    gv = _safe_load(corpus_dir / "graph_validation.json") or {}
         ^^^^^^^^^^^^^^^^^^^^^^^^^^^^^^^^^^^^^^^^^^^^^^^^
  File "/home/neelam/orchestrator/backend/app/routes/eda.py", line 31, in _safe_load
    if not path.is_file():
           ^^^^^^^^^^^^^^
  File "/usr/lib/python3.12/pathlib.py", line 894, in is_file
    return S_ISREG(self.stat().st_mode)
                   ^^^^^^^^^^^
  File "/usr/lib/python3.12/pathlib.py", line 842, in stat
    return os.stat(self, follow_symlinks=follow_symlinks)
           ^^^^^^^^^^^^^^^^^^^^^^^^^^^^^^^^^^^^^^^^^^^^^^
PermissionError: [Errno 13] Permission denied: '/home/kumar1/orchestrator/corpus_store/5f8d7f5d-626c-4618-9139-5bf39954299f/graph_validation.json'
INFO:     127.0.0.1:54876 - "GET /api/v1/eda/observatory/a561dfc6-3159-4891-9f4a-0c8c919312fe HTTP/1.1" 500 Internal Server Error
ERROR:    Exception in ASGI application
Traceback (most recent call last):
  File "/home/neelam/orchestrator/backend/venv/lib/python3.12/site-packages/uvicorn/protocols/http/h11_impl.py", line 415, in run_asgi
    result = await app(  # type: ignore[func-returns-value]
             ^^^^^^^^^^^^^^^^^^^^^^^^^^^^^^^^^^^^^^^^^^^^^^
  File "/home/neelam/orchestrator/backend/venv/lib/python3.12/site-packages/uvicorn/middleware/proxy_headers.py", line 63, in __call__
    return await self.app(scope, receive, send)
           ^^^^^^^^^^^^^^^^^^^^^^^^^^^^^^^^^^^^
  File "/home/neelam/orchestrator/backend/venv/lib/python3.12/site-packages/fastapi/applications.py", line 1159, in __call__
    await super().__call__(scope, receive, send)
  File "/home/neelam/orchestrator/backend/venv/lib/python3.12/site-packages/starlette/applications.py", line 90, in __call__
    await self.middleware_stack(scope, receive, send)
  File "/home/neelam/orchestrator/backend/venv/lib/python3.12/site-packages/starlette/middleware/errors.py", line 186, in __call__
    raise exc
  File "/home/neelam/orchestrator/backend/venv/lib/python3.12/site-packages/starlette/middleware/errors.py", line 164, in __call__
    await self.app(scope, receive, _send)
  File "/home/neelam/orchestrator/backend/venv/lib/python3.12/site-packages/starlette/middleware/cors.py", line 88, in __call__
    await self.app(scope, receive, send)
  File "/home/neelam/orchestrator/backend/venv/lib/python3.12/site-packages/starlette/middleware/exceptions.py", line 63, in __call__
    await wrap_app_handling_exceptions(self.app, conn)(scope, receive, send)
  File "/home/neelam/orchestrator/backend/venv/lib/python3.12/site-packages/starlette/_exception_handler.py", line 53, in wrapped_app
    raise exc
  File "/home/neelam/orchestrator/backend/venv/lib/python3.12/site-packages/starlette/_exception_handler.py", line 42, in wrapped_app
    await app(scope, receive, sender)
  File "/home/neelam/orchestrator/backend/venv/lib/python3.12/site-packages/fastapi/middleware/asyncexitstack.py", line 18, in __call__
    await self.app(scope, receive, send)
  File "/home/neelam/orchestrator/backend/venv/lib/python3.12/site-packages/starlette/routing.py", line 660, in __call__
    await self.middleware_stack(scope, receive, send)
  File "/home/neelam/orchestrator/backend/venv/lib/python3.12/site-packages/starlette/routing.py", line 680, in app
    await route.handle(scope, receive, send)
  File "/home/neelam/orchestrator/backend/venv/lib/python3.12/site-packages/starlette/routing.py", line 276, in handle
    await self.app(scope, receive, send)
  File "/home/neelam/orchestrator/backend/venv/lib/python3.12/site-packages/fastapi/routing.py", line 134, in app
    await wrap_app_handling_exceptions(app, request)(scope, receive, send)
  File "/home/neelam/orchestrator/backend/venv/lib/python3.12/site-packages/starlette/_exception_handler.py", line 53, in wrapped_app
    raise exc
  File "/home/neelam/orchestrator/backend/venv/lib/python3.12/site-packages/starlette/_exception_handler.py", line 42, in wrapped_app
    await app(scope, receive, sender)
  File "/home/neelam/orchestrator/backend/venv/lib/python3.12/site-packages/fastapi/routing.py", line 120, in app
    response = await f(request)
               ^^^^^^^^^^^^^^^^
  File "/home/neelam/orchestrator/backend/venv/lib/python3.12/site-packages/fastapi/routing.py", line 674, in app
    raw_response = await run_endpoint_function(
                   ^^^^^^^^^^^^^^^^^^^^^^^^^^^^
  File "/home/neelam/orchestrator/backend/venv/lib/python3.12/site-packages/fastapi/routing.py", line 328, in run_endpoint_function
    return await dependant.call(**values)
           ^^^^^^^^^^^^^^^^^^^^^^^^^^^^^^
  File "/home/neelam/orchestrator/backend/app/routes/eda.py", line 706, in observatory
    domain_runs = await _domain_runs(job_id, db)
                  ^^^^^^^^^^^^^^^^^^^^^^^^^^^^^^
  File "/home/neelam/orchestrator/backend/app/routes/eda.py", line 568, in _domain_runs
    gv = _safe_load(corpus_dir / "graph_validation.json") or {}
         ^^^^^^^^^^^^^^^^^^^^^^^^^^^^^^^^^^^^^^^^^^^^^^^^
  File "/home/neelam/orchestrator/backend/app/routes/eda.py", line 31, in _safe_load
    if not path.is_file():
           ^^^^^^^^^^^^^^
  File "/usr/lib/python3.12/pathlib.py", line 894, in is_file
    return S_ISREG(self.stat().st_mode)
                   ^^^^^^^^^^^
  File "/usr/lib/python3.12/pathlib.py", line 842, in stat
    return os.stat(self, follow_symlinks=follow_symlinks)
           ^^^^^^^^^^^^^^^^^^^^^^^^^^^^^^^^^^^^^^^^^^^^^^
PermissionError: [Errno 13] Permission denied: '/home/kumar1/orchestrator/corpus_store/5f8d7f5d-626c-4618-9139-5bf39954299f/graph_validation.json'
INFO:     127.0.0.1:56198 - "GET /api/v1/data/corpora HTTP/1.1" 200 OK
INFO:     127.0.0.1:56210 - "GET /api/v1/eda/observatory/64c7463d-a1a6-476e-9a02-7ef6548437d4 HTTP/1.1" 500 Internal Server Error
ERROR:    Exception in ASGI application
Traceback (most recent call last):
  File "/home/neelam/orchestrator/backend/venv/lib/python3.12/site-packages/uvicorn/protocols/http/h11_impl.py", line 415, in run_asgi
    result = await app(  # type: ignore[func-returns-value]
             ^^^^^^^^^^^^^^^^^^^^^^^^^^^^^^^^^^^^^^^^^^^^^^
  File "/home/neelam/orchestrator/backend/venv/lib/python3.12/site-packages/uvicorn/middleware/proxy_headers.py", line 63, in __call__
    return await self.app(scope, receive, send)
           ^^^^^^^^^^^^^^^^^^^^^^^^^^^^^^^^^^^^
  File "/home/neelam/orchestrator/backend/venv/lib/python3.12/site-packages/fastapi/applications.py", line 1159, in __call__
    await super().__call__(scope, receive, send)
  File "/home/neelam/orchestrator/backend/venv/lib/python3.12/site-packages/starlette/applications.py", line 90, in __call__
    await self.middleware_stack(scope, receive, send)
  File "/home/neelam/orchestrator/backend/venv/lib/python3.12/site-packages/starlette/middleware/errors.py", line 186, in __call__
    raise exc
  File "/home/neelam/orchestrator/backend/venv/lib/python3.12/site-packages/starlette/middleware/errors.py", line 164, in __call__
    await self.app(scope, receive, _send)
  File "/home/neelam/orchestrator/backend/venv/lib/python3.12/site-packages/starlette/middleware/cors.py", line 88, in __call__
    await self.app(scope, receive, send)
  File "/home/neelam/orchestrator/backend/venv/lib/python3.12/site-packages/starlette/middleware/exceptions.py", line 63, in __call__
    await wrap_app_handling_exceptions(self.app, conn)(scope, receive, send)
  File "/home/neelam/orchestrator/backend/venv/lib/python3.12/site-packages/starlette/_exception_handler.py", line 53, in wrapped_app
    raise exc
  File "/home/neelam/orchestrator/backend/venv/lib/python3.12/site-packages/starlette/_exception_handler.py", line 42, in wrapped_app
    await app(scope, receive, sender)
  File "/home/neelam/orchestrator/backend/venv/lib/python3.12/site-packages/fastapi/middleware/asyncexitstack.py", line 18, in __call__
    await self.app(scope, receive, send)
  File "/home/neelam/orchestrator/backend/venv/lib/python3.12/site-packages/starlette/routing.py", line 660, in __call__
    await self.middleware_stack(scope, receive, send)
  File "/home/neelam/orchestrator/backend/venv/lib/python3.12/site-packages/starlette/routing.py", line 680, in app
    await route.handle(scope, receive, send)
  File "/home/neelam/orchestrator/backend/venv/lib/python3.12/site-packages/starlette/routing.py", line 276, in handle
    await self.app(scope, receive, send)
  File "/home/neelam/orchestrator/backend/venv/lib/python3.12/site-packages/fastapi/routing.py", line 134, in app
    await wrap_app_handling_exceptions(app, request)(scope, receive, send)
  File "/home/neelam/orchestrator/backend/venv/lib/python3.12/site-packages/starlette/_exception_handler.py", line 53, in wrapped_app
    raise exc
  File "/home/neelam/orchestrator/backend/venv/lib/python3.12/site-packages/starlette/_exception_handler.py", line 42, in wrapped_app
    await app(scope, receive, sender)
  File "/home/neelam/orchestrator/backend/venv/lib/python3.12/site-packages/fastapi/routing.py", line 120, in app
    response = await f(request)
               ^^^^^^^^^^^^^^^^
  File "/home/neelam/orchestrator/backend/venv/lib/python3.12/site-packages/fastapi/routing.py", line 674, in app
    raw_response = await run_endpoint_function(
                   ^^^^^^^^^^^^^^^^^^^^^^^^^^^^
  File "/home/neelam/orchestrator/backend/venv/lib/python3.12/site-packages/fastapi/routing.py", line 328, in run_endpoint_function
    return await dependant.call(**values)
           ^^^^^^^^^^^^^^^^^^^^^^^^^^^^^^
  File "/home/neelam/orchestrator/backend/app/routes/eda.py", line 706, in observatory
    domain_runs = await _domain_runs(job_id, db)
                  ^^^^^^^^^^^^^^^^^^^^^^^^^^^^^^
  File "/home/neelam/orchestrator/backend/app/routes/eda.py", line 568, in _domain_runs
    gv = _safe_load(corpus_dir / "graph_validation.json") or {}
         ^^^^^^^^^^^^^^^^^^^^^^^^^^^^^^^^^^^^^^^^^^^^^^^^
  File "/home/neelam/orchestrator/backend/app/routes/eda.py", line 31, in _safe_load
    if not path.is_file():
           ^^^^^^^^^^^^^^
  File "/usr/lib/python3.12/pathlib.py", line 894, in is_file
    return S_ISREG(self.stat().st_mode)
                   ^^^^^^^^^^^
  File "/usr/lib/python3.12/pathlib.py", line 842, in stat
    return os.stat(self, follow_symlinks=follow_symlinks)
           ^^^^^^^^^^^^^^^^^^^^^^^^^^^^^^^^^^^^^^^^^^^^^^
PermissionError: [Errno 13] Permission denied: '/home/kumar1/orchestrator/corpus_store/5f8d7f5d-626c-4618-9139-5bf39954299f/graph_validation.json'
INFO:     127.0.0.1:56222 - "GET /api/v1/eda/observatory/a561dfc6-3159-4891-9f4a-0c8c919312fe HTTP/1.1" 500 Internal Server Error
ERROR:    Exception in ASGI application
Traceback (most recent call last):
  File "/home/neelam/orchestrator/backend/venv/lib/python3.12/site-packages/uvicorn/protocols/http/h11_impl.py", line 415, in run_asgi
    result = await app(  # type: ignore[func-returns-value]
             ^^^^^^^^^^^^^^^^^^^^^^^^^^^^^^^^^^^^^^^^^^^^^^
  File "/home/neelam/orchestrator/backend/venv/lib/python3.12/site-packages/uvicorn/middleware/proxy_headers.py", line 63, in __call__
    return await self.app(scope, receive, send)
           ^^^^^^^^^^^^^^^^^^^^^^^^^^^^^^^^^^^^
  File "/home/neelam/orchestrator/backend/venv/lib/python3.12/site-packages/fastapi/applications.py", line 1159, in __call__
    await super().__call__(scope, receive, send)
  File "/home/neelam/orchestrator/backend/venv/lib/python3.12/site-packages/starlette/applications.py", line 90, in __call__
    await self.middleware_stack(scope, receive, send)
  File "/home/neelam/orchestrator/backend/venv/lib/python3.12/site-packages/starlette/middleware/errors.py", line 186, in __call__
    raise exc
  File "/home/neelam/orchestrator/backend/venv/lib/python3.12/site-packages/starlette/middleware/errors.py", line 164, in __call__
    await self.app(scope, receive, _send)
  File "/home/neelam/orchestrator/backend/venv/lib/python3.12/site-packages/starlette/middleware/cors.py", line 88, in __call__
    await self.app(scope, receive, send)
  File "/home/neelam/orchestrator/backend/venv/lib/python3.12/site-packages/starlette/middleware/exceptions.py", line 63, in __call__
    await wrap_app_handling_exceptions(self.app, conn)(scope, receive, send)
  File "/home/neelam/orchestrator/backend/venv/lib/python3.12/site-packages/starlette/_exception_handler.py", line 53, in wrapped_app
    raise exc
  File "/home/neelam/orchestrator/backend/venv/lib/python3.12/site-packages/starlette/_exception_handler.py", line 42, in wrapped_app
    await app(scope, receive, sender)
  File "/home/neelam/orchestrator/backend/venv/lib/python3.12/site-packages/fastapi/middleware/asyncexitstack.py", line 18, in __call__
    await self.app(scope, receive, send)
  File "/home/neelam/orchestrator/backend/venv/lib/python3.12/site-packages/starlette/routing.py", line 660, in __call__
    await self.middleware_stack(scope, receive, send)
  File "/home/neelam/orchestrator/backend/venv/lib/python3.12/site-packages/starlette/routing.py", line 680, in app
    await route.handle(scope, receive, send)
  File "/home/neelam/orchestrator/backend/venv/lib/python3.12/site-packages/starlette/routing.py", line 276, in handle
    await self.app(scope, receive, send)
  File "/home/neelam/orchestrator/backend/venv/lib/python3.12/site-packages/fastapi/routing.py", line 134, in app
    await wrap_app_handling_exceptions(app, request)(scope, receive, send)
  File "/home/neelam/orchestrator/backend/venv/lib/python3.12/site-packages/starlette/_exception_handler.py", line 53, in wrapped_app
    raise exc
  File "/home/neelam/orchestrator/backend/venv/lib/python3.12/site-packages/starlette/_exception_handler.py", line 42, in wrapped_app
    await app(scope, receive, sender)
  File "/home/neelam/orchestrator/backend/venv/lib/python3.12/site-packages/fastapi/routing.py", line 120, in app
    response = await f(request)
               ^^^^^^^^^^^^^^^^
  File "/home/neelam/orchestrator/backend/venv/lib/python3.12/site-packages/fastapi/routing.py", line 674, in app
    raw_response = await run_endpoint_function(
                   ^^^^^^^^^^^^^^^^^^^^^^^^^^^^
  File "/home/neelam/orchestrator/backend/venv/lib/python3.12/site-packages/fastapi/routing.py", line 328, in run_endpoint_function
    return await dependant.call(**values)
           ^^^^^^^^^^^^^^^^^^^^^^^^^^^^^^
  File "/home/neelam/orchestrator/backend/app/routes/eda.py", line 706, in observatory
    domain_runs = await _domain_runs(job_id, db)
                  ^^^^^^^^^^^^^^^^^^^^^^^^^^^^^^
  File "/home/neelam/orchestrator/backend/app/routes/eda.py", line 568, in _domain_runs
    gv = _safe_load(corpus_dir / "graph_validation.json") or {}
         ^^^^^^^^^^^^^^^^^^^^^^^^^^^^^^^^^^^^^^^^^^^^^^^^
  File "/home/neelam/orchestrator/backend/app/routes/eda.py", line 31, in _safe_load
    if not path.is_file():
           ^^^^^^^^^^^^^^
  File "/usr/lib/python3.12/pathlib.py", line 894, in is_file
    return S_ISREG(self.stat().st_mode)
                   ^^^^^^^^^^^
  File "/usr/lib/python3.12/pathlib.py", line 842, in stat
    return os.stat(self, follow_symlinks=follow_symlinks)
           ^^^^^^^^^^^^^^^^^^^^^^^^^^^^^^^^^^^^^^^^^^^^^^
PermissionError: [Errno 13] Permission denied: '/home/kumar1/orchestrator/corpus_store/5f8d7f5d-626c-4618-9139-5bf39954299f/graph_validation.json'
INFO:     127.0.0.1:56232 - "GET /api/v1/data/corpora HTTP/1.1" 200 OK
INFO:     127.0.0.1:56238 - "GET /api/v1/eda/observatory/64c7463d-a1a6-476e-9a02-7ef6548437d4 HTTP/1.1" 500 Internal Server Error
ERROR:    Exception in ASGI application
Traceback (most recent call last):
  File "/home/neelam/orchestrator/backend/venv/lib/python3.12/site-packages/uvicorn/protocols/http/h11_impl.py", line 415, in run_asgi
    result = await app(  # type: ignore[func-returns-value]
             ^^^^^^^^^^^^^^^^^^^^^^^^^^^^^^^^^^^^^^^^^^^^^^
  File "/home/neelam/orchestrator/backend/venv/lib/python3.12/site-packages/uvicorn/middleware/proxy_headers.py", line 63, in __call__
    return await self.app(scope, receive, send)
           ^^^^^^^^^^^^^^^^^^^^^^^^^^^^^^^^^^^^
  File "/home/neelam/orchestrator/backend/venv/lib/python3.12/site-packages/fastapi/applications.py", line 1159, in __call__
    await super().__call__(scope, receive, send)
  File "/home/neelam/orchestrator/backend/venv/lib/python3.12/site-packages/starlette/applications.py", line 90, in __call__
    await self.middleware_stack(scope, receive, send)
  File "/home/neelam/orchestrator/backend/venv/lib/python3.12/site-packages/starlette/middleware/errors.py", line 186, in __call__
    raise exc
  File "/home/neelam/orchestrator/backend/venv/lib/python3.12/site-packages/starlette/middleware/errors.py", line 164, in __call__
    await self.app(scope, receive, _send)
  File "/home/neelam/orchestrator/backend/venv/lib/python3.12/site-packages/starlette/middleware/cors.py", line 88, in __call__
    await self.app(scope, receive, send)
  File "/home/neelam/orchestrator/backend/venv/lib/python3.12/site-packages/starlette/middleware/exceptions.py", line 63, in __call__
    await wrap_app_handling_exceptions(self.app, conn)(scope, receive, send)
  File "/home/neelam/orchestrator/backend/venv/lib/python3.12/site-packages/starlette/_exception_handler.py", line 53, in wrapped_app
    raise exc
  File "/home/neelam/orchestrator/backend/venv/lib/python3.12/site-packages/starlette/_exception_handler.py", line 42, in wrapped_app
    await app(scope, receive, sender)
  File "/home/neelam/orchestrator/backend/venv/lib/python3.12/site-packages/fastapi/middleware/asyncexitstack.py", line 18, in __call__
    await self.app(scope, receive, send)
  File "/home/neelam/orchestrator/backend/venv/lib/python3.12/site-packages/starlette/routing.py", line 660, in __call__
    await self.middleware_stack(scope, receive, send)
  File "/home/neelam/orchestrator/backend/venv/lib/python3.12/site-packages/starlette/routing.py", line 680, in app
    await route.handle(scope, receive, send)
  File "/home/neelam/orchestrator/backend/venv/lib/python3.12/site-packages/starlette/routing.py", line 276, in handle
    await self.app(scope, receive, send)
  File "/home/neelam/orchestrator/backend/venv/lib/python3.12/site-packages/fastapi/routing.py", line 134, in app
    await wrap_app_handling_exceptions(app, request)(scope, receive, send)
  File "/home/neelam/orchestrator/backend/venv/lib/python3.12/site-packages/starlette/_exception_handler.py", line 53, in wrapped_app
    raise exc
  File "/home/neelam/orchestrator/backend/venv/lib/python3.12/site-packages/starlette/_exception_handler.py", line 42, in wrapped_app
    await app(scope, receive, sender)
  File "/home/neelam/orchestrator/backend/venv/lib/python3.12/site-packages/fastapi/routing.py", line 120, in app
    response = await f(request)
               ^^^^^^^^^^^^^^^^
  File "/home/neelam/orchestrator/backend/venv/lib/python3.12/site-packages/fastapi/routing.py", line 674, in app
    raw_response = await run_endpoint_function(
                   ^^^^^^^^^^^^^^^^^^^^^^^^^^^^
  File "/home/neelam/orchestrator/backend/venv/lib/python3.12/site-packages/fastapi/routing.py", line 328, in run_endpoint_function
    return await dependant.call(**values)
           ^^^^^^^^^^^^^^^^^^^^^^^^^^^^^^
  File "/home/neelam/orchestrator/backend/app/routes/eda.py", line 706, in observatory
    domain_runs = await _domain_runs(job_id, db)
                  ^^^^^^^^^^^^^^^^^^^^^^^^^^^^^^
  File "/home/neelam/orchestrator/backend/app/routes/eda.py", line 568, in _domain_runs
    gv = _safe_load(corpus_dir / "graph_validation.json") or {}
         ^^^^^^^^^^^^^^^^^^^^^^^^^^^^^^^^^^^^^^^^^^^^^^^^
  File "/home/neelam/orchestrator/backend/app/routes/eda.py", line 31, in _safe_load
    if not path.is_file():
           ^^^^^^^^^^^^^^
  File "/usr/lib/python3.12/pathlib.py", line 894, in is_file
    return S_ISREG(self.stat().st_mode)
                   ^^^^^^^^^^^
  File "/usr/lib/python3.12/pathlib.py", line 842, in stat
    return os.stat(self, follow_symlinks=follow_symlinks)
           ^^^^^^^^^^^^^^^^^^^^^^^^^^^^^^^^^^^^^^^^^^^^^^
PermissionError: [Errno 13] Permission denied: '/home/kumar1/orchestrator/corpus_store/5f8d7f5d-626c-4618-9139-5bf39954299f/graph_validation.json'
INFO:     127.0.0.1:56252 - "GET /api/v1/eda/observatory/a561dfc6-3159-4891-9f4a-0c8c919312fe HTTP/1.1" 500 Internal Server Error
ERROR:    Exception in ASGI application
Traceback (most recent call last):
  File "/home/neelam/orchestrator/backend/venv/lib/python3.12/site-packages/uvicorn/protocols/http/h11_impl.py", line 415, in run_asgi
    result = await app(  # type: ignore[func-returns-value]
             ^^^^^^^^^^^^^^^^^^^^^^^^^^^^^^^^^^^^^^^^^^^^^^
  File "/home/neelam/orchestrator/backend/venv/lib/python3.12/site-packages/uvicorn/middleware/proxy_headers.py", line 63, in __call__
    return await self.app(scope, receive, send)
           ^^^^^^^^^^^^^^^^^^^^^^^^^^^^^^^^^^^^
  File "/home/neelam/orchestrator/backend/venv/lib/python3.12/site-packages/fastapi/applications.py", line 1159, in __call__
    await super().__call__(scope, receive, send)
  File "/home/neelam/orchestrator/backend/venv/lib/python3.12/site-packages/starlette/applications.py", line 90, in __call__
    await self.middleware_stack(scope, receive, send)
  File "/home/neelam/orchestrator/backend/venv/lib/python3.12/site-packages/starlette/middleware/errors.py", line 186, in __call__
    raise exc
  File "/home/neelam/orchestrator/backend/venv/lib/python3.12/site-packages/starlette/middleware/errors.py", line 164, in __call__
    await self.app(scope, receive, _send)
  File "/home/neelam/orchestrator/backend/venv/lib/python3.12/site-packages/starlette/middleware/cors.py", line 88, in __call__
    await self.app(scope, receive, send)
  File "/home/neelam/orchestrator/backend/venv/lib/python3.12/site-packages/starlette/middleware/exceptions.py", line 63, in __call__
    await wrap_app_handling_exceptions(self.app, conn)(scope, receive, send)
  File "/home/neelam/orchestrator/backend/venv/lib/python3.12/site-packages/starlette/_exception_handler.py", line 53, in wrapped_app
    raise exc
  File "/home/neelam/orchestrator/backend/venv/lib/python3.12/site-packages/starlette/_exception_handler.py", line 42, in wrapped_app
    await app(scope, receive, sender)
  File "/home/neelam/orchestrator/backend/venv/lib/python3.12/site-packages/fastapi/middleware/asyncexitstack.py", line 18, in __call__
    await self.app(scope, receive, send)
  File "/home/neelam/orchestrator/backend/venv/lib/python3.12/site-packages/starlette/routing.py", line 660, in __call__
    await self.middleware_stack(scope, receive, send)
  File "/home/neelam/orchestrator/backend/venv/lib/python3.12/site-packages/starlette/routing.py", line 680, in app
    await route.handle(scope, receive, send)
  File "/home/neelam/orchestrator/backend/venv/lib/python3.12/site-packages/starlette/routing.py", line 276, in handle
    await self.app(scope, receive, send)
  File "/home/neelam/orchestrator/backend/venv/lib/python3.12/site-packages/fastapi/routing.py", line 134, in app
    await wrap_app_handling_exceptions(app, request)(scope, receive, send)
  File "/home/neelam/orchestrator/backend/venv/lib/python3.12/site-packages/starlette/_exception_handler.py", line 53, in wrapped_app
    raise exc
  File "/home/neelam/orchestrator/backend/venv/lib/python3.12/site-packages/starlette/_exception_handler.py", line 42, in wrapped_app
    await app(scope, receive, sender)
  File "/home/neelam/orchestrator/backend/venv/lib/python3.12/site-packages/fastapi/routing.py", line 120, in app
    response = await f(request)
               ^^^^^^^^^^^^^^^^
  File "/home/neelam/orchestrator/backend/venv/lib/python3.12/site-packages/fastapi/routing.py", line 674, in app
    raw_response = await run_endpoint_function(
                   ^^^^^^^^^^^^^^^^^^^^^^^^^^^^
  File "/home/neelam/orchestrator/backend/venv/lib/python3.12/site-packages/fastapi/routing.py", line 328, in run_endpoint_function
    return await dependant.call(**values)
           ^^^^^^^^^^^^^^^^^^^^^^^^^^^^^^
  File "/home/neelam/orchestrator/backend/app/routes/eda.py", line 706, in observatory
    domain_runs = await _domain_runs(job_id, db)
                  ^^^^^^^^^^^^^^^^^^^^^^^^^^^^^^
  File "/home/neelam/orchestrator/backend/app/routes/eda.py", line 568, in _domain_runs
    gv = _safe_load(corpus_dir / "graph_validation.json") or {}
         ^^^^^^^^^^^^^^^^^^^^^^^^^^^^^^^^^^^^^^^^^^^^^^^^
  File "/home/neelam/orchestrator/backend/app/routes/eda.py", line 31, in _safe_load
    if not path.is_file():
           ^^^^^^^^^^^^^^
  File "/usr/lib/python3.12/pathlib.py", line 894, in is_file
    return S_ISREG(self.stat().st_mode)
                   ^^^^^^^^^^^
  File "/usr/lib/python3.12/pathlib.py", line 842, in stat
    return os.stat(self, follow_symlinks=follow_symlinks)
           ^^^^^^^^^^^^^^^^^^^^^^^^^^^^^^^^^^^^^^^^^^^^^^
PermissionError: [Errno 13] Permission denied: '/home/kumar1/orchestrator/corpus_store/5f8d7f5d-626c-4618-9139-5bf39954299f/graph_validation.json'
INFO:     127.0.0.1:37250 - "GET /api/v1/data/corpora HTTP/1.1" 200 OK
INFO:     127.0.0.1:37258 - "GET /api/v1/eda/observatory/64c7463d-a1a6-476e-9a02-7ef6548437d4 HTTP/1.1" 500 Internal Server Error
ERROR:    Exception in ASGI application
Traceback (most recent call last):
  File "/home/neelam/orchestrator/backend/venv/lib/python3.12/site-packages/uvicorn/protocols/http/h11_impl.py", line 415, in run_asgi
    result = await app(  # type: ignore[func-returns-value]
             ^^^^^^^^^^^^^^^^^^^^^^^^^^^^^^^^^^^^^^^^^^^^^^
  File "/home/neelam/orchestrator/backend/venv/lib/python3.12/site-packages/uvicorn/middleware/proxy_headers.py", line 63, in __call__
    return await self.app(scope, receive, send)
           ^^^^^^^^^^^^^^^^^^^^^^^^^^^^^^^^^^^^
  File "/home/neelam/orchestrator/backend/venv/lib/python3.12/site-packages/fastapi/applications.py", line 1159, in __call__
    await super().__call__(scope, receive, send)
  File "/home/neelam/orchestrator/backend/venv/lib/python3.12/site-packages/starlette/applications.py", line 90, in __call__
    await self.middleware_stack(scope, receive, send)
  File "/home/neelam/orchestrator/backend/venv/lib/python3.12/site-packages/starlette/middleware/errors.py", line 186, in __call__
    raise exc
  File "/home/neelam/orchestrator/backend/venv/lib/python3.12/site-packages/starlette/middleware/errors.py", line 164, in __call__
    await self.app(scope, receive, _send)
  File "/home/neelam/orchestrator/backend/venv/lib/python3.12/site-packages/starlette/middleware/cors.py", line 88, in __call__
    await self.app(scope, receive, send)
  File "/home/neelam/orchestrator/backend/venv/lib/python3.12/site-packages/starlette/middleware/exceptions.py", line 63, in __call__
    await wrap_app_handling_exceptions(self.app, conn)(scope, receive, send)
  File "/home/neelam/orchestrator/backend/venv/lib/python3.12/site-packages/starlette/_exception_handler.py", line 53, in wrapped_app
    raise exc
  File "/home/neelam/orchestrator/backend/venv/lib/python3.12/site-packages/starlette/_exception_handler.py", line 42, in wrapped_app
    await app(scope, receive, sender)
  File "/home/neelam/orchestrator/backend/venv/lib/python3.12/site-packages/fastapi/middleware/asyncexitstack.py", line 18, in __call__
    await self.app(scope, receive, send)
  File "/home/neelam/orchestrator/backend/venv/lib/python3.12/site-packages/starlette/routing.py", line 660, in __call__
    await self.middleware_stack(scope, receive, send)
  File "/home/neelam/orchestrator/backend/venv/lib/python3.12/site-packages/starlette/routing.py", line 680, in app
    await route.handle(scope, receive, send)
  File "/home/neelam/orchestrator/backend/venv/lib/python3.12/site-packages/starlette/routing.py", line 276, in handle
    await self.app(scope, receive, send)
  File "/home/neelam/orchestrator/backend/venv/lib/python3.12/site-packages/fastapi/routing.py", line 134, in app
    await wrap_app_handling_exceptions(app, request)(scope, receive, send)
  File "/home/neelam/orchestrator/backend/venv/lib/python3.12/site-packages/starlette/_exception_handler.py", line 53, in wrapped_app
    raise exc
  File "/home/neelam/orchestrator/backend/venv/lib/python3.12/site-packages/starlette/_exception_handler.py", line 42, in wrapped_app
    await app(scope, receive, sender)
  File "/home/neelam/orchestrator/backend/venv/lib/python3.12/site-packages/fastapi/routing.py", line 120, in app
    response = await f(request)
               ^^^^^^^^^^^^^^^^
  File "/home/neelam/orchestrator/backend/venv/lib/python3.12/site-packages/fastapi/routing.py", line 674, in app
    raw_response = await run_endpoint_function(
                   ^^^^^^^^^^^^^^^^^^^^^^^^^^^^
  File "/home/neelam/orchestrator/backend/venv/lib/python3.12/site-packages/fastapi/routing.py", line 328, in run_endpoint_function
    return await dependant.call(**values)
           ^^^^^^^^^^^^^^^^^^^^^^^^^^^^^^
  File "/home/neelam/orchestrator/backend/app/routes/eda.py", line 706, in observatory
    domain_runs = await _domain_runs(job_id, db)
                  ^^^^^^^^^^^^^^^^^^^^^^^^^^^^^^
  File "/home/neelam/orchestrator/backend/app/routes/eda.py", line 568, in _domain_runs
    gv = _safe_load(corpus_dir / "graph_validation.json") or {}
         ^^^^^^^^^^^^^^^^^^^^^^^^^^^^^^^^^^^^^^^^^^^^^^^^
  File "/home/neelam/orchestrator/backend/app/routes/eda.py", line 31, in _safe_load
    if not path.is_file():
           ^^^^^^^^^^^^^^
  File "/usr/lib/python3.12/pathlib.py", line 894, in is_file
    return S_ISREG(self.stat().st_mode)
                   ^^^^^^^^^^^
  File "/usr/lib/python3.12/pathlib.py", line 842, in stat
    return os.stat(self, follow_symlinks=follow_symlinks)
           ^^^^^^^^^^^^^^^^^^^^^^^^^^^^^^^^^^^^^^^^^^^^^^
PermissionError: [Errno 13] Permission denied: '/home/kumar1/orchestrator/corpus_store/5f8d7f5d-626c-4618-9139-5bf39954299f/graph_validation.json'
INFO:     127.0.0.1:37274 - "GET /api/v1/eda/observatory/a561dfc6-3159-4891-9f4a-0c8c919312fe HTTP/1.1" 500 Internal Server Error
ERROR:    Exception in ASGI application
Traceback (most recent call last):
  File "/home/neelam/orchestrator/backend/venv/lib/python3.12/site-packages/uvicorn/protocols/http/h11_impl.py", line 415, in run_asgi
    result = await app(  # type: ignore[func-returns-value]
             ^^^^^^^^^^^^^^^^^^^^^^^^^^^^^^^^^^^^^^^^^^^^^^
  File "/home/neelam/orchestrator/backend/venv/lib/python3.12/site-packages/uvicorn/middleware/proxy_headers.py", line 63, in __call__
    return await self.app(scope, receive, send)
           ^^^^^^^^^^^^^^^^^^^^^^^^^^^^^^^^^^^^
  File "/home/neelam/orchestrator/backend/venv/lib/python3.12/site-packages/fastapi/applications.py", line 1159, in __call__
    await super().__call__(scope, receive, send)
  File "/home/neelam/orchestrator/backend/venv/lib/python3.12/site-packages/starlette/applications.py", line 90, in __call__
    await self.middleware_stack(scope, receive, send)
  File "/home/neelam/orchestrator/backend/venv/lib/python3.12/site-packages/starlette/middleware/errors.py", line 186, in __call__
    raise exc
  File "/home/neelam/orchestrator/backend/venv/lib/python3.12/site-packages/starlette/middleware/errors.py", line 164, in __call__
    await self.app(scope, receive, _send)
  File "/home/neelam/orchestrator/backend/venv/lib/python3.12/site-packages/starlette/middleware/cors.py", line 88, in __call__
    await self.app(scope, receive, send)
  File "/home/neelam/orchestrator/backend/venv/lib/python3.12/site-packages/starlette/middleware/exceptions.py", line 63, in __call__
    await wrap_app_handling_exceptions(self.app, conn)(scope, receive, send)
  File "/home/neelam/orchestrator/backend/venv/lib/python3.12/site-packages/starlette/_exception_handler.py", line 53, in wrapped_app
    raise exc
  File "/home/neelam/orchestrator/backend/venv/lib/python3.12/site-packages/starlette/_exception_handler.py", line 42, in wrapped_app
    await app(scope, receive, sender)
  File "/home/neelam/orchestrator/backend/venv/lib/python3.12/site-packages/fastapi/middleware/asyncexitstack.py", line 18, in __call__
    await self.app(scope, receive, send)
  File "/home/neelam/orchestrator/backend/venv/lib/python3.12/site-packages/starlette/routing.py", line 660, in __call__
    await self.middleware_stack(scope, receive, send)
  File "/home/neelam/orchestrator/backend/venv/lib/python3.12/site-packages/starlette/routing.py", line 680, in app
    await route.handle(scope, receive, send)
  File "/home/neelam/orchestrator/backend/venv/lib/python3.12/site-packages/starlette/routing.py", line 276, in handle
    await self.app(scope, receive, send)
  File "/home/neelam/orchestrator/backend/venv/lib/python3.12/site-packages/fastapi/routing.py", line 134, in app
    await wrap_app_handling_exceptions(app, request)(scope, receive, send)
  File "/home/neelam/orchestrator/backend/venv/lib/python3.12/site-packages/starlette/_exception_handler.py", line 53, in wrapped_app
    raise exc
  File "/home/neelam/orchestrator/backend/venv/lib/python3.12/site-packages/starlette/_exception_handler.py", line 42, in wrapped_app
    await app(scope, receive, sender)
  File "/home/neelam/orchestrator/backend/venv/lib/python3.12/site-packages/fastapi/routing.py", line 120, in app
    response = await f(request)
               ^^^^^^^^^^^^^^^^
  File "/home/neelam/orchestrator/backend/venv/lib/python3.12/site-packages/fastapi/routing.py", line 674, in app
    raw_response = await run_endpoint_function(
                   ^^^^^^^^^^^^^^^^^^^^^^^^^^^^
  File "/home/neelam/orchestrator/backend/venv/lib/python3.12/site-packages/fastapi/routing.py", line 328, in run_endpoint_function
    return await dependant.call(**values)
           ^^^^^^^^^^^^^^^^^^^^^^^^^^^^^^
  File "/home/neelam/orchestrator/backend/app/routes/eda.py", line 706, in observatory
    domain_runs = await _domain_runs(job_id, db)
                  ^^^^^^^^^^^^^^^^^^^^^^^^^^^^^^
  File "/home/neelam/orchestrator/backend/app/routes/eda.py", line 568, in _domain_runs
    gv = _safe_load(corpus_dir / "graph_validation.json") or {}
         ^^^^^^^^^^^^^^^^^^^^^^^^^^^^^^^^^^^^^^^^^^^^^^^^
  File "/home/neelam/orchestrator/backend/app/routes/eda.py", line 31, in _safe_load
    if not path.is_file():
           ^^^^^^^^^^^^^^
  File "/usr/lib/python3.12/pathlib.py", line 894, in is_file
    return S_ISREG(self.stat().st_mode)
                   ^^^^^^^^^^^
  File "/usr/lib/python3.12/pathlib.py", line 842, in stat
    return os.stat(self, follow_symlinks=follow_symlinks)
           ^^^^^^^^^^^^^^^^^^^^^^^^^^^^^^^^^^^^^^^^^^^^^^
PermissionError: [Errno 13] Permission denied: '/home/kumar1/orchestrator/corpus_store/5f8d7f5d-626c-4618-9139-5bf39954299f/graph_validation.json'
INFO:     127.0.0.1:37290 - "GET /api/v1/data/corpora HTTP/1.1" 200 OK
INFO:     127.0.0.1:37292 - "GET /api/v1/eda/observatory/64c7463d-a1a6-476e-9a02-7ef6548437d4 HTTP/1.1" 500 Internal Server Error
ERROR:    Exception in ASGI application
Traceback (most recent call last):
  File "/home/neelam/orchestrator/backend/venv/lib/python3.12/site-packages/uvicorn/protocols/http/h11_impl.py", line 415, in run_asgi
    result = await app(  # type: ignore[func-returns-value]
             ^^^^^^^^^^^^^^^^^^^^^^^^^^^^^^^^^^^^^^^^^^^^^^
  File "/home/neelam/orchestrator/backend/venv/lib/python3.12/site-packages/uvicorn/middleware/proxy_headers.py", line 63, in __call__
    return await self.app(scope, receive, send)
           ^^^^^^^^^^^^^^^^^^^^^^^^^^^^^^^^^^^^
  File "/home/neelam/orchestrator/backend/venv/lib/python3.12/site-packages/fastapi/applications.py", line 1159, in __call__
    await super().__call__(scope, receive, send)
  File "/home/neelam/orchestrator/backend/venv/lib/python3.12/site-packages/starlette/applications.py", line 90, in __call__
    await self.middleware_stack(scope, receive, send)
  File "/home/neelam/orchestrator/backend/venv/lib/python3.12/site-packages/starlette/middleware/errors.py", line 186, in __call__
    raise exc
  File "/home/neelam/orchestrator/backend/venv/lib/python3.12/site-packages/starlette/middleware/errors.py", line 164, in __call__
    await self.app(scope, receive, _send)
  File "/home/neelam/orchestrator/backend/venv/lib/python3.12/site-packages/starlette/middleware/cors.py", line 88, in __call__
    await self.app(scope, receive, send)
  File "/home/neelam/orchestrator/backend/venv/lib/python3.12/site-packages/starlette/middleware/exceptions.py", line 63, in __call__
    await wrap_app_handling_exceptions(self.app, conn)(scope, receive, send)
  File "/home/neelam/orchestrator/backend/venv/lib/python3.12/site-packages/starlette/_exception_handler.py", line 53, in wrapped_app
    raise exc
  File "/home/neelam/orchestrator/backend/venv/lib/python3.12/site-packages/starlette/_exception_handler.py", line 42, in wrapped_app
    await app(scope, receive, sender)
  File "/home/neelam/orchestrator/backend/venv/lib/python3.12/site-packages/fastapi/middleware/asyncexitstack.py", line 18, in __call__
    await self.app(scope, receive, send)
  File "/home/neelam/orchestrator/backend/venv/lib/python3.12/site-packages/starlette/routing.py", line 660, in __call__
    await self.middleware_stack(scope, receive, send)
  File "/home/neelam/orchestrator/backend/venv/lib/python3.12/site-packages/starlette/routing.py", line 680, in app
    await route.handle(scope, receive, send)
  File "/home/neelam/orchestrator/backend/venv/lib/python3.12/site-packages/starlette/routing.py", line 276, in handle
    await self.app(scope, receive, send)
  File "/home/neelam/orchestrator/backend/venv/lib/python3.12/site-packages/fastapi/routing.py", line 134, in app
    await wrap_app_handling_exceptions(app, request)(scope, receive, send)
  File "/home/neelam/orchestrator/backend/venv/lib/python3.12/site-packages/starlette/_exception_handler.py", line 53, in wrapped_app
    raise exc
  File "/home/neelam/orchestrator/backend/venv/lib/python3.12/site-packages/starlette/_exception_handler.py", line 42, in wrapped_app
    await app(scope, receive, sender)
  File "/home/neelam/orchestrator/backend/venv/lib/python3.12/site-packages/fastapi/routing.py", line 120, in app
    response = await f(request)
               ^^^^^^^^^^^^^^^^
  File "/home/neelam/orchestrator/backend/venv/lib/python3.12/site-packages/fastapi/routing.py", line 674, in app
    raw_response = await run_endpoint_function(
                   ^^^^^^^^^^^^^^^^^^^^^^^^^^^^
  File "/home/neelam/orchestrator/backend/venv/lib/python3.12/site-packages/fastapi/routing.py", line 328, in run_endpoint_function
    return await dependant.call(**values)
           ^^^^^^^^^^^^^^^^^^^^^^^^^^^^^^
  File "/home/neelam/orchestrator/backend/app/routes/eda.py", line 706, in observatory
    domain_runs = await _domain_runs(job_id, db)
                  ^^^^^^^^^^^^^^^^^^^^^^^^^^^^^^
  File "/home/neelam/orchestrator/backend/app/routes/eda.py", line 568, in _domain_runs
    gv = _safe_load(corpus_dir / "graph_validation.json") or {}
         ^^^^^^^^^^^^^^^^^^^^^^^^^^^^^^^^^^^^^^^^^^^^^^^^
  File "/home/neelam/orchestrator/backend/app/routes/eda.py", line 31, in _safe_load
    if not path.is_file():
           ^^^^^^^^^^^^^^
  File "/usr/lib/python3.12/pathlib.py", line 894, in is_file
    return S_ISREG(self.stat().st_mode)
                   ^^^^^^^^^^^
  File "/usr/lib/python3.12/pathlib.py", line 842, in stat
    return os.stat(self, follow_symlinks=follow_symlinks)
           ^^^^^^^^^^^^^^^^^^^^^^^^^^^^^^^^^^^^^^^^^^^^^^
PermissionError: [Errno 13] Permission denied: '/home/kumar1/orchestrator/corpus_store/5f8d7f5d-626c-4618-9139-5bf39954299f/graph_validation.json'
INFO:     127.0.0.1:37302 - "GET /api/v1/eda/observatory/a561dfc6-3159-4891-9f4a-0c8c919312fe HTTP/1.1" 500 Internal Server Error
ERROR:    Exception in ASGI application
Traceback (most recent call last):
  File "/home/neelam/orchestrator/backend/venv/lib/python3.12/site-packages/uvicorn/protocols/http/h11_impl.py", line 415, in run_asgi
    result = await app(  # type: ignore[func-returns-value]
             ^^^^^^^^^^^^^^^^^^^^^^^^^^^^^^^^^^^^^^^^^^^^^^
  File "/home/neelam/orchestrator/backend/venv/lib/python3.12/site-packages/uvicorn/middleware/proxy_headers.py", line 63, in __call__
    return await self.app(scope, receive, send)
           ^^^^^^^^^^^^^^^^^^^^^^^^^^^^^^^^^^^^
  File "/home/neelam/orchestrator/backend/venv/lib/python3.12/site-packages/fastapi/applications.py", line 1159, in __call__
    await super().__call__(scope, receive, send)
  File "/home/neelam/orchestrator/backend/venv/lib/python3.12/site-packages/starlette/applications.py", line 90, in __call__
    await self.middleware_stack(scope, receive, send)
  File "/home/neelam/orchestrator/backend/venv/lib/python3.12/site-packages/starlette/middleware/errors.py", line 186, in __call__
    raise exc
  File "/home/neelam/orchestrator/backend/venv/lib/python3.12/site-packages/starlette/middleware/errors.py", line 164, in __call__
    await self.app(scope, receive, _send)
  File "/home/neelam/orchestrator/backend/venv/lib/python3.12/site-packages/starlette/middleware/cors.py", line 88, in __call__
    await self.app(scope, receive, send)
  File "/home/neelam/orchestrator/backend/venv/lib/python3.12/site-packages/starlette/middleware/exceptions.py", line 63, in __call__
    await wrap_app_handling_exceptions(self.app, conn)(scope, receive, send)
  File "/home/neelam/orchestrator/backend/venv/lib/python3.12/site-packages/starlette/_exception_handler.py", line 53, in wrapped_app
    raise exc
  File "/home/neelam/orchestrator/backend/venv/lib/python3.12/site-packages/starlette/_exception_handler.py", line 42, in wrapped_app
    await app(scope, receive, sender)
  File "/home/neelam/orchestrator/backend/venv/lib/python3.12/site-packages/fastapi/middleware/asyncexitstack.py", line 18, in __call__
    await self.app(scope, receive, send)
  File "/home/neelam/orchestrator/backend/venv/lib/python3.12/site-packages/starlette/routing.py", line 660, in __call__
    await self.middleware_stack(scope, receive, send)
  File "/home/neelam/orchestrator/backend/venv/lib/python3.12/site-packages/starlette/routing.py", line 680, in app
    await route.handle(scope, receive, send)
  File "/home/neelam/orchestrator/backend/venv/lib/python3.12/site-packages/starlette/routing.py", line 276, in handle
    await self.app(scope, receive, send)
  File "/home/neelam/orchestrator/backend/venv/lib/python3.12/site-packages/fastapi/routing.py", line 134, in app
    await wrap_app_handling_exceptions(app, request)(scope, receive, send)
  File "/home/neelam/orchestrator/backend/venv/lib/python3.12/site-packages/starlette/_exception_handler.py", line 53, in wrapped_app
    raise exc
  File "/home/neelam/orchestrator/backend/venv/lib/python3.12/site-packages/starlette/_exception_handler.py", line 42, in wrapped_app
    await app(scope, receive, sender)
  File "/home/neelam/orchestrator/backend/venv/lib/python3.12/site-packages/fastapi/routing.py", line 120, in app
    response = await f(request)
               ^^^^^^^^^^^^^^^^
  File "/home/neelam/orchestrator/backend/venv/lib/python3.12/site-packages/fastapi/routing.py", line 674, in app
    raw_response = await run_endpoint_function(
                   ^^^^^^^^^^^^^^^^^^^^^^^^^^^^
  File "/home/neelam/orchestrator/backend/venv/lib/python3.12/site-packages/fastapi/routing.py", line 328, in run_endpoint_function
    return await dependant.call(**values)
           ^^^^^^^^^^^^^^^^^^^^^^^^^^^^^^
  File "/home/neelam/orchestrator/backend/app/routes/eda.py", line 706, in observatory
    domain_runs = await _domain_runs(job_id, db)
                  ^^^^^^^^^^^^^^^^^^^^^^^^^^^^^^
  File "/home/neelam/orchestrator/backend/app/routes/eda.py", line 568, in _domain_runs
    gv = _safe_load(corpus_dir / "graph_validation.json") or {}
         ^^^^^^^^^^^^^^^^^^^^^^^^^^^^^^^^^^^^^^^^^^^^^^^^
  File "/home/neelam/orchestrator/backend/app/routes/eda.py", line 31, in _safe_load
    if not path.is_file():
           ^^^^^^^^^^^^^^
  File "/usr/lib/python3.12/pathlib.py", line 894, in is_file
    return S_ISREG(self.stat().st_mode)
                   ^^^^^^^^^^^
  File "/usr/lib/python3.12/pathlib.py", line 842, in stat
    return os.stat(self, follow_symlinks=follow_symlinks)
           ^^^^^^^^^^^^^^^^^^^^^^^^^^^^^^^^^^^^^^^^^^^^^^
PermissionError: [Errno 13] Permission denied: '/home/kumar1/orchestrator/corpus_store/5f8d7f5d-626c-4618-9139-5bf39954299f/graph_validation.json'
INFO:     127.0.0.1:34068 - "GET /api/v1/data/corpora HTTP/1.1" 200 OK
INFO:     127.0.0.1:34080 - "GET /api/v1/eda/observatory/64c7463d-a1a6-476e-9a02-7ef6548437d4 HTTP/1.1" 500 Internal Server Error
ERROR:    Exception in ASGI application
Traceback (most recent call last):
  File "/home/neelam/orchestrator/backend/venv/lib/python3.12/site-packages/uvicorn/protocols/http/h11_impl.py", line 415, in run_asgi
    result = await app(  # type: ignore[func-returns-value]
             ^^^^^^^^^^^^^^^^^^^^^^^^^^^^^^^^^^^^^^^^^^^^^^
  File "/home/neelam/orchestrator/backend/venv/lib/python3.12/site-packages/uvicorn/middleware/proxy_headers.py", line 63, in __call__
    return await self.app(scope, receive, send)
           ^^^^^^^^^^^^^^^^^^^^^^^^^^^^^^^^^^^^
  File "/home/neelam/orchestrator/backend/venv/lib/python3.12/site-packages/fastapi/applications.py", line 1159, in __call__
    await super().__call__(scope, receive, send)
  File "/home/neelam/orchestrator/backend/venv/lib/python3.12/site-packages/starlette/applications.py", line 90, in __call__
    await self.middleware_stack(scope, receive, send)
  File "/home/neelam/orchestrator/backend/venv/lib/python3.12/site-packages/starlette/middleware/errors.py", line 186, in __call__
    raise exc
  File "/home/neelam/orchestrator/backend/venv/lib/python3.12/site-packages/starlette/middleware/errors.py", line 164, in __call__
    await self.app(scope, receive, _send)
  File "/home/neelam/orchestrator/backend/venv/lib/python3.12/site-packages/starlette/middleware/cors.py", line 88, in __call__
    await self.app(scope, receive, send)
  File "/home/neelam/orchestrator/backend/venv/lib/python3.12/site-packages/starlette/middleware/exceptions.py", line 63, in __call__
    await wrap_app_handling_exceptions(self.app, conn)(scope, receive, send)
  File "/home/neelam/orchestrator/backend/venv/lib/python3.12/site-packages/starlette/_exception_handler.py", line 53, in wrapped_app
    raise exc
  File "/home/neelam/orchestrator/backend/venv/lib/python3.12/site-packages/starlette/_exception_handler.py", line 42, in wrapped_app
    await app(scope, receive, sender)
  File "/home/neelam/orchestrator/backend/venv/lib/python3.12/site-packages/fastapi/middleware/asyncexitstack.py", line 18, in __call__
    await self.app(scope, receive, send)
  File "/home/neelam/orchestrator/backend/venv/lib/python3.12/site-packages/starlette/routing.py", line 660, in __call__
    await self.middleware_stack(scope, receive, send)
  File "/home/neelam/orchestrator/backend/venv/lib/python3.12/site-packages/starlette/routing.py", line 680, in app
    await route.handle(scope, receive, send)
  File "/home/neelam/orchestrator/backend/venv/lib/python3.12/site-packages/starlette/routing.py", line 276, in handle
    await self.app(scope, receive, send)
  File "/home/neelam/orchestrator/backend/venv/lib/python3.12/site-packages/fastapi/routing.py", line 134, in app
    await wrap_app_handling_exceptions(app, request)(scope, receive, send)
  File "/home/neelam/orchestrator/backend/venv/lib/python3.12/site-packages/starlette/_exception_handler.py", line 53, in wrapped_app
    raise exc
  File "/home/neelam/orchestrator/backend/venv/lib/python3.12/site-packages/starlette/_exception_handler.py", line 42, in wrapped_app
    await app(scope, receive, sender)
  File "/home/neelam/orchestrator/backend/venv/lib/python3.12/site-packages/fastapi/routing.py", line 120, in app
    response = await f(request)
               ^^^^^^^^^^^^^^^^
  File "/home/neelam/orchestrator/backend/venv/lib/python3.12/site-packages/fastapi/routing.py", line 674, in app
    raw_response = await run_endpoint_function(
                   ^^^^^^^^^^^^^^^^^^^^^^^^^^^^
  File "/home/neelam/orchestrator/backend/venv/lib/python3.12/site-packages/fastapi/routing.py", line 328, in run_endpoint_function
    return await dependant.call(**values)
           ^^^^^^^^^^^^^^^^^^^^^^^^^^^^^^
  File "/home/neelam/orchestrator/backend/app/routes/eda.py", line 706, in observatory
    domain_runs = await _domain_runs(job_id, db)
                  ^^^^^^^^^^^^^^^^^^^^^^^^^^^^^^
  File "/home/neelam/orchestrator/backend/app/routes/eda.py", line 568, in _domain_runs
    gv = _safe_load(corpus_dir / "graph_validation.json") or {}
         ^^^^^^^^^^^^^^^^^^^^^^^^^^^^^^^^^^^^^^^^^^^^^^^^
  File "/home/neelam/orchestrator/backend/app/routes/eda.py", line 31, in _safe_load
    if not path.is_file():
           ^^^^^^^^^^^^^^
  File "/usr/lib/python3.12/pathlib.py", line 894, in is_file
    return S_ISREG(self.stat().st_mode)
                   ^^^^^^^^^^^
  File "/usr/lib/python3.12/pathlib.py", line 842, in stat
    return os.stat(self, follow_symlinks=follow_symlinks)
           ^^^^^^^^^^^^^^^^^^^^^^^^^^^^^^^^^^^^^^^^^^^^^^
PermissionError: [Errno 13] Permission denied: '/home/kumar1/orchestrator/corpus_store/5f8d7f5d-626c-4618-9139-5bf39954299f/graph_validation.json'
INFO:     127.0.0.1:34092 - "GET /api/v1/eda/observatory/a561dfc6-3159-4891-9f4a-0c8c919312fe HTTP/1.1" 500 Internal Server Error
ERROR:    Exception in ASGI application
Traceback (most recent call last):
  File "/home/neelam/orchestrator/backend/venv/lib/python3.12/site-packages/uvicorn/protocols/http/h11_impl.py", line 415, in run_asgi
    result = await app(  # type: ignore[func-returns-value]
             ^^^^^^^^^^^^^^^^^^^^^^^^^^^^^^^^^^^^^^^^^^^^^^
  File "/home/neelam/orchestrator/backend/venv/lib/python3.12/site-packages/uvicorn/middleware/proxy_headers.py", line 63, in __call__
    return await self.app(scope, receive, send)
           ^^^^^^^^^^^^^^^^^^^^^^^^^^^^^^^^^^^^
  File "/home/neelam/orchestrator/backend/venv/lib/python3.12/site-packages/fastapi/applications.py", line 1159, in __call__
    await super().__call__(scope, receive, send)
  File "/home/neelam/orchestrator/backend/venv/lib/python3.12/site-packages/starlette/applications.py", line 90, in __call__
    await self.middleware_stack(scope, receive, send)
  File "/home/neelam/orchestrator/backend/venv/lib/python3.12/site-packages/starlette/middleware/errors.py", line 186, in __call__
    raise exc
  File "/home/neelam/orchestrator/backend/venv/lib/python3.12/site-packages/starlette/middleware/errors.py", line 164, in __call__
    await self.app(scope, receive, _send)
  File "/home/neelam/orchestrator/backend/venv/lib/python3.12/site-packages/starlette/middleware/cors.py", line 88, in __call__
    await self.app(scope, receive, send)
  File "/home/neelam/orchestrator/backend/venv/lib/python3.12/site-packages/starlette/middleware/exceptions.py", line 63, in __call__
    await wrap_app_handling_exceptions(self.app, conn)(scope, receive, send)
  File "/home/neelam/orchestrator/backend/venv/lib/python3.12/site-packages/starlette/_exception_handler.py", line 53, in wrapped_app
    raise exc
  File "/home/neelam/orchestrator/backend/venv/lib/python3.12/site-packages/starlette/_exception_handler.py", line 42, in wrapped_app
    await app(scope, receive, sender)
  File "/home/neelam/orchestrator/backend/venv/lib/python3.12/site-packages/fastapi/middleware/asyncexitstack.py", line 18, in __call__
    await self.app(scope, receive, send)
  File "/home/neelam/orchestrator/backend/venv/lib/python3.12/site-packages/starlette/routing.py", line 660, in __call__
    await self.middleware_stack(scope, receive, send)
  File "/home/neelam/orchestrator/backend/venv/lib/python3.12/site-packages/starlette/routing.py", line 680, in app
    await route.handle(scope, receive, send)
  File "/home/neelam/orchestrator/backend/venv/lib/python3.12/site-packages/starlette/routing.py", line 276, in handle
    await self.app(scope, receive, send)
  File "/home/neelam/orchestrator/backend/venv/lib/python3.12/site-packages/fastapi/routing.py", line 134, in app
    await wrap_app_handling_exceptions(app, request)(scope, receive, send)
  File "/home/neelam/orchestrator/backend/venv/lib/python3.12/site-packages/starlette/_exception_handler.py", line 53, in wrapped_app
    raise exc
  File "/home/neelam/orchestrator/backend/venv/lib/python3.12/site-packages/starlette/_exception_handler.py", line 42, in wrapped_app
    await app(scope, receive, sender)
  File "/home/neelam/orchestrator/backend/venv/lib/python3.12/site-packages/fastapi/routing.py", line 120, in app
    response = await f(request)
               ^^^^^^^^^^^^^^^^
  File "/home/neelam/orchestrator/backend/venv/lib/python3.12/site-packages/fastapi/routing.py", line 674, in app
    raw_response = await run_endpoint_function(
                   ^^^^^^^^^^^^^^^^^^^^^^^^^^^^
  File "/home/neelam/orchestrator/backend/venv/lib/python3.12/site-packages/fastapi/routing.py", line 328, in run_endpoint_function
    return await dependant.call(**values)
           ^^^^^^^^^^^^^^^^^^^^^^^^^^^^^^
  File "/home/neelam/orchestrator/backend/app/routes/eda.py", line 706, in observatory
    domain_runs = await _domain_runs(job_id, db)
                  ^^^^^^^^^^^^^^^^^^^^^^^^^^^^^^
  File "/home/neelam/orchestrator/backend/app/routes/eda.py", line 568, in _domain_runs
    gv = _safe_load(corpus_dir / "graph_validation.json") or {}
         ^^^^^^^^^^^^^^^^^^^^^^^^^^^^^^^^^^^^^^^^^^^^^^^^
  File "/home/neelam/orchestrator/backend/app/routes/eda.py", line 31, in _safe_load
    if not path.is_file():
           ^^^^^^^^^^^^^^
  File "/usr/lib/python3.12/pathlib.py", line 894, in is_file
    return S_ISREG(self.stat().st_mode)
                   ^^^^^^^^^^^
  File "/usr/lib/python3.12/pathlib.py", line 842, in stat
    return os.stat(self, follow_symlinks=follow_symlinks)
           ^^^^^^^^^^^^^^^^^^^^^^^^^^^^^^^^^^^^^^^^^^^^^^
PermissionError: [Errno 13] Permission denied: '/home/kumar1/orchestrator/corpus_store/5f8d7f5d-626c-4618-9139-5bf39954299f/graph_validation.json'
INFO:     127.0.0.1:34108 - "GET /api/v1/data/corpora HTTP/1.1" 200 OK
INFO:     127.0.0.1:34110 - "GET /api/v1/eda/observatory/64c7463d-a1a6-476e-9a02-7ef6548437d4 HTTP/1.1" 500 Internal Server Error
ERROR:    Exception in ASGI application
Traceback (most recent call last):
  File "/home/neelam/orchestrator/backend/venv/lib/python3.12/site-packages/uvicorn/protocols/http/h11_impl.py", line 415, in run_asgi
    result = await app(  # type: ignore[func-returns-value]
             ^^^^^^^^^^^^^^^^^^^^^^^^^^^^^^^^^^^^^^^^^^^^^^
  File "/home/neelam/orchestrator/backend/venv/lib/python3.12/site-packages/uvicorn/middleware/proxy_headers.py", line 63, in __call__
    return await self.app(scope, receive, send)
           ^^^^^^^^^^^^^^^^^^^^^^^^^^^^^^^^^^^^
  File "/home/neelam/orchestrator/backend/venv/lib/python3.12/site-packages/fastapi/applications.py", line 1159, in __call__
    await super().__call__(scope, receive, send)
  File "/home/neelam/orchestrator/backend/venv/lib/python3.12/site-packages/starlette/applications.py", line 90, in __call__
    await self.middleware_stack(scope, receive, send)
  File "/home/neelam/orchestrator/backend/venv/lib/python3.12/site-packages/starlette/middleware/errors.py", line 186, in __call__
    raise exc
  File "/home/neelam/orchestrator/backend/venv/lib/python3.12/site-packages/starlette/middleware/errors.py", line 164, in __call__
    await self.app(scope, receive, _send)
  File "/home/neelam/orchestrator/backend/venv/lib/python3.12/site-packages/starlette/middleware/cors.py", line 88, in __call__
    await self.app(scope, receive, send)
  File "/home/neelam/orchestrator/backend/venv/lib/python3.12/site-packages/starlette/middleware/exceptions.py", line 63, in __call__
    await wrap_app_handling_exceptions(self.app, conn)(scope, receive, send)
  File "/home/neelam/orchestrator/backend/venv/lib/python3.12/site-packages/starlette/_exception_handler.py", line 53, in wrapped_app
    raise exc
  File "/home/neelam/orchestrator/backend/venv/lib/python3.12/site-packages/starlette/_exception_handler.py", line 42, in wrapped_app
    await app(scope, receive, sender)
  File "/home/neelam/orchestrator/backend/venv/lib/python3.12/site-packages/fastapi/middleware/asyncexitstack.py", line 18, in __call__
    await self.app(scope, receive, send)
  File "/home/neelam/orchestrator/backend/venv/lib/python3.12/site-packages/starlette/routing.py", line 660, in __call__
    await self.middleware_stack(scope, receive, send)
  File "/home/neelam/orchestrator/backend/venv/lib/python3.12/site-packages/starlette/routing.py", line 680, in app
    await route.handle(scope, receive, send)
  File "/home/neelam/orchestrator/backend/venv/lib/python3.12/site-packages/starlette/routing.py", line 276, in handle
    await self.app(scope, receive, send)
  File "/home/neelam/orchestrator/backend/venv/lib/python3.12/site-packages/fastapi/routing.py", line 134, in app
    await wrap_app_handling_exceptions(app, request)(scope, receive, send)
  File "/home/neelam/orchestrator/backend/venv/lib/python3.12/site-packages/starlette/_exception_handler.py", line 53, in wrapped_app
    raise exc
  File "/home/neelam/orchestrator/backend/venv/lib/python3.12/site-packages/starlette/_exception_handler.py", line 42, in wrapped_app
    await app(scope, receive, sender)
  File "/home/neelam/orchestrator/backend/venv/lib/python3.12/site-packages/fastapi/routing.py", line 120, in app
    response = await f(request)
               ^^^^^^^^^^^^^^^^
  File "/home/neelam/orchestrator/backend/venv/lib/python3.12/site-packages/fastapi/routing.py", line 674, in app
    raw_response = await run_endpoint_function(
                   ^^^^^^^^^^^^^^^^^^^^^^^^^^^^
  File "/home/neelam/orchestrator/backend/venv/lib/python3.12/site-packages/fastapi/routing.py", line 328, in run_endpoint_function
    return await dependant.call(**values)
           ^^^^^^^^^^^^^^^^^^^^^^^^^^^^^^
  File "/home/neelam/orchestrator/backend/app/routes/eda.py", line 706, in observatory
    domain_runs = await _domain_runs(job_id, db)
                  ^^^^^^^^^^^^^^^^^^^^^^^^^^^^^^
  File "/home/neelam/orchestrator/backend/app/routes/eda.py", line 568, in _domain_runs
    gv = _safe_load(corpus_dir / "graph_validation.json") or {}
         ^^^^^^^^^^^^^^^^^^^^^^^^^^^^^^^^^^^^^^^^^^^^^^^^
  File "/home/neelam/orchestrator/backend/app/routes/eda.py", line 31, in _safe_load
    if not path.is_file():
           ^^^^^^^^^^^^^^
  File "/usr/lib/python3.12/pathlib.py", line 894, in is_file
    return S_ISREG(self.stat().st_mode)
                   ^^^^^^^^^^^
  File "/usr/lib/python3.12/pathlib.py", line 842, in stat
    return os.stat(self, follow_symlinks=follow_symlinks)
           ^^^^^^^^^^^^^^^^^^^^^^^^^^^^^^^^^^^^^^^^^^^^^^
PermissionError: [Errno 13] Permission denied: '/home/kumar1/orchestrator/corpus_store/5f8d7f5d-626c-4618-9139-5bf39954299f/graph_validation.json'
INFO:     127.0.0.1:34126 - "GET /api/v1/eda/observatory/a561dfc6-3159-4891-9f4a-0c8c919312fe HTTP/1.1" 500 Internal Server Error
ERROR:    Exception in ASGI application
Traceback (most recent call last):
  File "/home/neelam/orchestrator/backend/venv/lib/python3.12/site-packages/uvicorn/protocols/http/h11_impl.py", line 415, in run_asgi
    result = await app(  # type: ignore[func-returns-value]
             ^^^^^^^^^^^^^^^^^^^^^^^^^^^^^^^^^^^^^^^^^^^^^^
  File "/home/neelam/orchestrator/backend/venv/lib/python3.12/site-packages/uvicorn/middleware/proxy_headers.py", line 63, in __call__
    return await self.app(scope, receive, send)
           ^^^^^^^^^^^^^^^^^^^^^^^^^^^^^^^^^^^^
  File "/home/neelam/orchestrator/backend/venv/lib/python3.12/site-packages/fastapi/applications.py", line 1159, in __call__
    await super().__call__(scope, receive, send)
  File "/home/neelam/orchestrator/backend/venv/lib/python3.12/site-packages/starlette/applications.py", line 90, in __call__
    await self.middleware_stack(scope, receive, send)
  File "/home/neelam/orchestrator/backend/venv/lib/python3.12/site-packages/starlette/middleware/errors.py", line 186, in __call__
    raise exc
  File "/home/neelam/orchestrator/backend/venv/lib/python3.12/site-packages/starlette/middleware/errors.py", line 164, in __call__
    await self.app(scope, receive, _send)
  File "/home/neelam/orchestrator/backend/venv/lib/python3.12/site-packages/starlette/middleware/cors.py", line 88, in __call__
    await self.app(scope, receive, send)
  File "/home/neelam/orchestrator/backend/venv/lib/python3.12/site-packages/starlette/middleware/exceptions.py", line 63, in __call__
    await wrap_app_handling_exceptions(self.app, conn)(scope, receive, send)
  File "/home/neelam/orchestrator/backend/venv/lib/python3.12/site-packages/starlette/_exception_handler.py", line 53, in wrapped_app
    raise exc
  File "/home/neelam/orchestrator/backend/venv/lib/python3.12/site-packages/starlette/_exception_handler.py", line 42, in wrapped_app
    await app(scope, receive, sender)
  File "/home/neelam/orchestrator/backend/venv/lib/python3.12/site-packages/fastapi/middleware/asyncexitstack.py", line 18, in __call__
    await self.app(scope, receive, send)
  File "/home/neelam/orchestrator/backend/venv/lib/python3.12/site-packages/starlette/routing.py", line 660, in __call__
    await self.middleware_stack(scope, receive, send)
  File "/home/neelam/orchestrator/backend/venv/lib/python3.12/site-packages/starlette/routing.py", line 680, in app
    await route.handle(scope, receive, send)
  File "/home/neelam/orchestrator/backend/venv/lib/python3.12/site-packages/starlette/routing.py", line 276, in handle
    await self.app(scope, receive, send)
  File "/home/neelam/orchestrator/backend/venv/lib/python3.12/site-packages/fastapi/routing.py", line 134, in app
    await wrap_app_handling_exceptions(app, request)(scope, receive, send)
  File "/home/neelam/orchestrator/backend/venv/lib/python3.12/site-packages/starlette/_exception_handler.py", line 53, in wrapped_app
    raise exc
  File "/home/neelam/orchestrator/backend/venv/lib/python3.12/site-packages/starlette/_exception_handler.py", line 42, in wrapped_app
    await app(scope, receive, sender)
  File "/home/neelam/orchestrator/backend/venv/lib/python3.12/site-packages/fastapi/routing.py", line 120, in app
    response = await f(request)
               ^^^^^^^^^^^^^^^^
  File "/home/neelam/orchestrator/backend/venv/lib/python3.12/site-packages/fastapi/routing.py", line 674, in app
    raw_response = await run_endpoint_function(
                   ^^^^^^^^^^^^^^^^^^^^^^^^^^^^
  File "/home/neelam/orchestrator/backend/venv/lib/python3.12/site-packages/fastapi/routing.py", line 328, in run_endpoint_function
    return await dependant.call(**values)
           ^^^^^^^^^^^^^^^^^^^^^^^^^^^^^^
  File "/home/neelam/orchestrator/backend/app/routes/eda.py", line 706, in observatory
    domain_runs = await _domain_runs(job_id, db)
                  ^^^^^^^^^^^^^^^^^^^^^^^^^^^^^^
  File "/home/neelam/orchestrator/backend/app/routes/eda.py", line 568, in _domain_runs
    gv = _safe_load(corpus_dir / "graph_validation.json") or {}
         ^^^^^^^^^^^^^^^^^^^^^^^^^^^^^^^^^^^^^^^^^^^^^^^^
  File "/home/neelam/orchestrator/backend/app/routes/eda.py", line 31, in _safe_load
    if not path.is_file():
           ^^^^^^^^^^^^^^
  File "/usr/lib/python3.12/pathlib.py", line 894, in is_file
    return S_ISREG(self.stat().st_mode)
                   ^^^^^^^^^^^
  File "/usr/lib/python3.12/pathlib.py", line 842, in stat
    return os.stat(self, follow_symlinks=follow_symlinks)
           ^^^^^^^^^^^^^^^^^^^^^^^^^^^^^^^^^^^^^^^^^^^^^^
PermissionError: [Errno 13] Permission denied: '/home/kumar1/orchestrator/corpus_store/5f8d7f5d-626c-4618-9139-5bf39954299f/graph_validation.json'
INFO:     127.0.0.1:56630 - "GET /api/v1/data/corpora HTTP/1.1" 200 OK
INFO:     127.0.0.1:56646 - "GET /api/v1/eda/observatory/64c7463d-a1a6-476e-9a02-7ef6548437d4 HTTP/1.1" 500 Internal Server Error
ERROR:    Exception in ASGI application
Traceback (most recent call last):
  File "/home/neelam/orchestrator/backend/venv/lib/python3.12/site-packages/uvicorn/protocols/http/h11_impl.py", line 415, in run_asgi
    result = await app(  # type: ignore[func-returns-value]
             ^^^^^^^^^^^^^^^^^^^^^^^^^^^^^^^^^^^^^^^^^^^^^^
  File "/home/neelam/orchestrator/backend/venv/lib/python3.12/site-packages/uvicorn/middleware/proxy_headers.py", line 63, in __call__
    return await self.app(scope, receive, send)
           ^^^^^^^^^^^^^^^^^^^^^^^^^^^^^^^^^^^^
  File "/home/neelam/orchestrator/backend/venv/lib/python3.12/site-packages/fastapi/applications.py", line 1159, in __call__
    await super().__call__(scope, receive, send)
  File "/home/neelam/orchestrator/backend/venv/lib/python3.12/site-packages/starlette/applications.py", line 90, in __call__
    await self.middleware_stack(scope, receive, send)
  File "/home/neelam/orchestrator/backend/venv/lib/python3.12/site-packages/starlette/middleware/errors.py", line 186, in __call__
    raise exc
  File "/home/neelam/orchestrator/backend/venv/lib/python3.12/site-packages/starlette/middleware/errors.py", line 164, in __call__
    await self.app(scope, receive, _send)
  File "/home/neelam/orchestrator/backend/venv/lib/python3.12/site-packages/starlette/middleware/cors.py", line 88, in __call__
    await self.app(scope, receive, send)
  File "/home/neelam/orchestrator/backend/venv/lib/python3.12/site-packages/starlette/middleware/exceptions.py", line 63, in __call__
    await wrap_app_handling_exceptions(self.app, conn)(scope, receive, send)
  File "/home/neelam/orchestrator/backend/venv/lib/python3.12/site-packages/starlette/_exception_handler.py", line 53, in wrapped_app
    raise exc
  File "/home/neelam/orchestrator/backend/venv/lib/python3.12/site-packages/starlette/_exception_handler.py", line 42, in wrapped_app
    await app(scope, receive, sender)
  File "/home/neelam/orchestrator/backend/venv/lib/python3.12/site-packages/fastapi/middleware/asyncexitstack.py", line 18, in __call__
    await self.app(scope, receive, send)
  File "/home/neelam/orchestrator/backend/venv/lib/python3.12/site-packages/starlette/routing.py", line 660, in __call__
    await self.middleware_stack(scope, receive, send)
  File "/home/neelam/orchestrator/backend/venv/lib/python3.12/site-packages/starlette/routing.py", line 680, in app
    await route.handle(scope, receive, send)
  File "/home/neelam/orchestrator/backend/venv/lib/python3.12/site-packages/starlette/routing.py", line 276, in handle
    await self.app(scope, receive, send)
  File "/home/neelam/orchestrator/backend/venv/lib/python3.12/site-packages/fastapi/routing.py", line 134, in app
    await wrap_app_handling_exceptions(app, request)(scope, receive, send)
  File "/home/neelam/orchestrator/backend/venv/lib/python3.12/site-packages/starlette/_exception_handler.py", line 53, in wrapped_app
    raise exc
  File "/home/neelam/orchestrator/backend/venv/lib/python3.12/site-packages/starlette/_exception_handler.py", line 42, in wrapped_app
    await app(scope, receive, sender)
  File "/home/neelam/orchestrator/backend/venv/lib/python3.12/site-packages/fastapi/routing.py", line 120, in app
    response = await f(request)
               ^^^^^^^^^^^^^^^^
  File "/home/neelam/orchestrator/backend/venv/lib/python3.12/site-packages/fastapi/routing.py", line 674, in app
    raw_response = await run_endpoint_function(
                   ^^^^^^^^^^^^^^^^^^^^^^^^^^^^
  File "/home/neelam/orchestrator/backend/venv/lib/python3.12/site-packages/fastapi/routing.py", line 328, in run_endpoint_function
    return await dependant.call(**values)
           ^^^^^^^^^^^^^^^^^^^^^^^^^^^^^^
  File "/home/neelam/orchestrator/backend/app/routes/eda.py", line 706, in observatory
    domain_runs = await _domain_runs(job_id, db)
                  ^^^^^^^^^^^^^^^^^^^^^^^^^^^^^^
  File "/home/neelam/orchestrator/backend/app/routes/eda.py", line 568, in _domain_runs
    gv = _safe_load(corpus_dir / "graph_validation.json") or {}
         ^^^^^^^^^^^^^^^^^^^^^^^^^^^^^^^^^^^^^^^^^^^^^^^^
  File "/home/neelam/orchestrator/backend/app/routes/eda.py", line 31, in _safe_load
    if not path.is_file():
           ^^^^^^^^^^^^^^
  File "/usr/lib/python3.12/pathlib.py", line 894, in is_file
    return S_ISREG(self.stat().st_mode)
                   ^^^^^^^^^^^
  File "/usr/lib/python3.12/pathlib.py", line 842, in stat
    return os.stat(self, follow_symlinks=follow_symlinks)
           ^^^^^^^^^^^^^^^^^^^^^^^^^^^^^^^^^^^^^^^^^^^^^^
PermissionError: [Errno 13] Permission denied: '/home/kumar1/orchestrator/corpus_store/5f8d7f5d-626c-4618-9139-5bf39954299f/graph_validation.json'
INFO:     127.0.0.1:56654 - "GET /api/v1/eda/observatory/a561dfc6-3159-4891-9f4a-0c8c919312fe HTTP/1.1" 500 Internal Server Error
ERROR:    Exception in ASGI application
Traceback (most recent call last):
  File "/home/neelam/orchestrator/backend/venv/lib/python3.12/site-packages/uvicorn/protocols/http/h11_impl.py", line 415, in run_asgi
    result = await app(  # type: ignore[func-returns-value]
             ^^^^^^^^^^^^^^^^^^^^^^^^^^^^^^^^^^^^^^^^^^^^^^
  File "/home/neelam/orchestrator/backend/venv/lib/python3.12/site-packages/uvicorn/middleware/proxy_headers.py", line 63, in __call__
    return await self.app(scope, receive, send)
           ^^^^^^^^^^^^^^^^^^^^^^^^^^^^^^^^^^^^
  File "/home/neelam/orchestrator/backend/venv/lib/python3.12/site-packages/fastapi/applications.py", line 1159, in __call__
    await super().__call__(scope, receive, send)
  File "/home/neelam/orchestrator/backend/venv/lib/python3.12/site-packages/starlette/applications.py", line 90, in __call__
    await self.middleware_stack(scope, receive, send)
  File "/home/neelam/orchestrator/backend/venv/lib/python3.12/site-packages/starlette/middleware/errors.py", line 186, in __call__
    raise exc
  File "/home/neelam/orchestrator/backend/venv/lib/python3.12/site-packages/starlette/middleware/errors.py", line 164, in __call__
    await self.app(scope, receive, _send)
  File "/home/neelam/orchestrator/backend/venv/lib/python3.12/site-packages/starlette/middleware/cors.py", line 88, in __call__
    await self.app(scope, receive, send)
  File "/home/neelam/orchestrator/backend/venv/lib/python3.12/site-packages/starlette/middleware/exceptions.py", line 63, in __call__
    await wrap_app_handling_exceptions(self.app, conn)(scope, receive, send)
  File "/home/neelam/orchestrator/backend/venv/lib/python3.12/site-packages/starlette/_exception_handler.py", line 53, in wrapped_app
    raise exc
  File "/home/neelam/orchestrator/backend/venv/lib/python3.12/site-packages/starlette/_exception_handler.py", line 42, in wrapped_app
    await app(scope, receive, sender)
  File "/home/neelam/orchestrator/backend/venv/lib/python3.12/site-packages/fastapi/middleware/asyncexitstack.py", line 18, in __call__
    await self.app(scope, receive, send)
  File "/home/neelam/orchestrator/backend/venv/lib/python3.12/site-packages/starlette/routing.py", line 660, in __call__
    await self.middleware_stack(scope, receive, send)
  File "/home/neelam/orchestrator/backend/venv/lib/python3.12/site-packages/starlette/routing.py", line 680, in app
    await route.handle(scope, receive, send)
  File "/home/neelam/orchestrator/backend/venv/lib/python3.12/site-packages/starlette/routing.py", line 276, in handle
    await self.app(scope, receive, send)
  File "/home/neelam/orchestrator/backend/venv/lib/python3.12/site-packages/fastapi/routing.py", line 134, in app
    await wrap_app_handling_exceptions(app, request)(scope, receive, send)
  File "/home/neelam/orchestrator/backend/venv/lib/python3.12/site-packages/starlette/_exception_handler.py", line 53, in wrapped_app
    raise exc
  File "/home/neelam/orchestrator/backend/venv/lib/python3.12/site-packages/starlette/_exception_handler.py", line 42, in wrapped_app
    await app(scope, receive, sender)
  File "/home/neelam/orchestrator/backend/venv/lib/python3.12/site-packages/fastapi/routing.py", line 120, in app
    response = await f(request)
               ^^^^^^^^^^^^^^^^
  File "/home/neelam/orchestrator/backend/venv/lib/python3.12/site-packages/fastapi/routing.py", line 674, in app
    raw_response = await run_endpoint_function(
                   ^^^^^^^^^^^^^^^^^^^^^^^^^^^^
  File "/home/neelam/orchestrator/backend/venv/lib/python3.12/site-packages/fastapi/routing.py", line 328, in run_endpoint_function
    return await dependant.call(**values)
           ^^^^^^^^^^^^^^^^^^^^^^^^^^^^^^
  File "/home/neelam/orchestrator/backend/app/routes/eda.py", line 706, in observatory
    domain_runs = await _domain_runs(job_id, db)
                  ^^^^^^^^^^^^^^^^^^^^^^^^^^^^^^
  File "/home/neelam/orchestrator/backend/app/routes/eda.py", line 568, in _domain_runs
    gv = _safe_load(corpus_dir / "graph_validation.json") or {}
         ^^^^^^^^^^^^^^^^^^^^^^^^^^^^^^^^^^^^^^^^^^^^^^^^
  File "/home/neelam/orchestrator/backend/app/routes/eda.py", line 31, in _safe_load
    if not path.is_file():
           ^^^^^^^^^^^^^^
  File "/usr/lib/python3.12/pathlib.py", line 894, in is_file
    return S_ISREG(self.stat().st_mode)
                   ^^^^^^^^^^^
  File "/usr/lib/python3.12/pathlib.py", line 842, in stat
    return os.stat(self, follow_symlinks=follow_symlinks)
           ^^^^^^^^^^^^^^^^^^^^^^^^^^^^^^^^^^^^^^^^^^^^^^
PermissionError: [Errno 13] Permission denied: '/home/kumar1/orchestrator/corpus_store/5f8d7f5d-626c-4618-9139-5bf39954299f/graph_validation.json'
INFO:     127.0.0.1:56658 - "GET /api/v1/data/corpora HTTP/1.1" 200 OK
INFO:     127.0.0.1:56662 - "GET /api/v1/eda/observatory/64c7463d-a1a6-476e-9a02-7ef6548437d4 HTTP/1.1" 500 Internal Server Error
ERROR:    Exception in ASGI application
Traceback (most recent call last):
  File "/home/neelam/orchestrator/backend/venv/lib/python3.12/site-packages/uvicorn/protocols/http/h11_impl.py", line 415, in run_asgi
    result = await app(  # type: ignore[func-returns-value]
             ^^^^^^^^^^^^^^^^^^^^^^^^^^^^^^^^^^^^^^^^^^^^^^
  File "/home/neelam/orchestrator/backend/venv/lib/python3.12/site-packages/uvicorn/middleware/proxy_headers.py", line 63, in __call__
    return await self.app(scope, receive, send)
           ^^^^^^^^^^^^^^^^^^^^^^^^^^^^^^^^^^^^
  File "/home/neelam/orchestrator/backend/venv/lib/python3.12/site-packages/fastapi/applications.py", line 1159, in __call__
    await super().__call__(scope, receive, send)
  File "/home/neelam/orchestrator/backend/venv/lib/python3.12/site-packages/starlette/applications.py", line 90, in __call__
    await self.middleware_stack(scope, receive, send)
  File "/home/neelam/orchestrator/backend/venv/lib/python3.12/site-packages/starlette/middleware/errors.py", line 186, in __call__
    raise exc
  File "/home/neelam/orchestrator/backend/venv/lib/python3.12/site-packages/starlette/middleware/errors.py", line 164, in __call__
    await self.app(scope, receive, _send)
  File "/home/neelam/orchestrator/backend/venv/lib/python3.12/site-packages/starlette/middleware/cors.py", line 88, in __call__
    await self.app(scope, receive, send)
  File "/home/neelam/orchestrator/backend/venv/lib/python3.12/site-packages/starlette/middleware/exceptions.py", line 63, in __call__
    await wrap_app_handling_exceptions(self.app, conn)(scope, receive, send)
  File "/home/neelam/orchestrator/backend/venv/lib/python3.12/site-packages/starlette/_exception_handler.py", line 53, in wrapped_app
    raise exc
  File "/home/neelam/orchestrator/backend/venv/lib/python3.12/site-packages/starlette/_exception_handler.py", line 42, in wrapped_app
    await app(scope, receive, sender)
  File "/home/neelam/orchestrator/backend/venv/lib/python3.12/site-packages/fastapi/middleware/asyncexitstack.py", line 18, in __call__
    await self.app(scope, receive, send)
  File "/home/neelam/orchestrator/backend/venv/lib/python3.12/site-packages/starlette/routing.py", line 660, in __call__
    await self.middleware_stack(scope, receive, send)
  File "/home/neelam/orchestrator/backend/venv/lib/python3.12/site-packages/starlette/routing.py", line 680, in app
    await route.handle(scope, receive, send)
  File "/home/neelam/orchestrator/backend/venv/lib/python3.12/site-packages/starlette/routing.py", line 276, in handle
    await self.app(scope, receive, send)
  File "/home/neelam/orchestrator/backend/venv/lib/python3.12/site-packages/fastapi/routing.py", line 134, in app
    await wrap_app_handling_exceptions(app, request)(scope, receive, send)
  File "/home/neelam/orchestrator/backend/venv/lib/python3.12/site-packages/starlette/_exception_handler.py", line 53, in wrapped_app
    raise exc
  File "/home/neelam/orchestrator/backend/venv/lib/python3.12/site-packages/starlette/_exception_handler.py", line 42, in wrapped_app
    await app(scope, receive, sender)
  File "/home/neelam/orchestrator/backend/venv/lib/python3.12/site-packages/fastapi/routing.py", line 120, in app
    response = await f(request)
               ^^^^^^^^^^^^^^^^
  File "/home/neelam/orchestrator/backend/venv/lib/python3.12/site-packages/fastapi/routing.py", line 674, in app
    raw_response = await run_endpoint_function(
                   ^^^^^^^^^^^^^^^^^^^^^^^^^^^^
  File "/home/neelam/orchestrator/backend/venv/lib/python3.12/site-packages/fastapi/routing.py", line 328, in run_endpoint_function
    return await dependant.call(**values)
           ^^^^^^^^^^^^^^^^^^^^^^^^^^^^^^
  File "/home/neelam/orchestrator/backend/app/routes/eda.py", line 706, in observatory
    domain_runs = await _domain_runs(job_id, db)
                  ^^^^^^^^^^^^^^^^^^^^^^^^^^^^^^
  File "/home/neelam/orchestrator/backend/app/routes/eda.py", line 568, in _domain_runs
    gv = _safe_load(corpus_dir / "graph_validation.json") or {}
         ^^^^^^^^^^^^^^^^^^^^^^^^^^^^^^^^^^^^^^^^^^^^^^^^
  File "/home/neelam/orchestrator/backend/app/routes/eda.py", line 31, in _safe_load
    if not path.is_file():
           ^^^^^^^^^^^^^^
  File "/usr/lib/python3.12/pathlib.py", line 894, in is_file
    return S_ISREG(self.stat().st_mode)
                   ^^^^^^^^^^^
  File "/usr/lib/python3.12/pathlib.py", line 842, in stat
    return os.stat(self, follow_symlinks=follow_symlinks)
           ^^^^^^^^^^^^^^^^^^^^^^^^^^^^^^^^^^^^^^^^^^^^^^
PermissionError: [Errno 13] Permission denied: '/home/kumar1/orchestrator/corpus_store/5f8d7f5d-626c-4618-9139-5bf39954299f/graph_validation.json'
INFO:     127.0.0.1:56670 - "GET /api/v1/eda/observatory/a561dfc6-3159-4891-9f4a-0c8c919312fe HTTP/1.1" 500 Internal Server Error
ERROR:    Exception in ASGI application
Traceback (most recent call last):
  File "/home/neelam/orchestrator/backend/venv/lib/python3.12/site-packages/uvicorn/protocols/http/h11_impl.py", line 415, in run_asgi
    result = await app(  # type: ignore[func-returns-value]
             ^^^^^^^^^^^^^^^^^^^^^^^^^^^^^^^^^^^^^^^^^^^^^^
  File "/home/neelam/orchestrator/backend/venv/lib/python3.12/site-packages/uvicorn/middleware/proxy_headers.py", line 63, in __call__
    return await self.app(scope, receive, send)
           ^^^^^^^^^^^^^^^^^^^^^^^^^^^^^^^^^^^^
  File "/home/neelam/orchestrator/backend/venv/lib/python3.12/site-packages/fastapi/applications.py", line 1159, in __call__
    await super().__call__(scope, receive, send)
  File "/home/neelam/orchestrator/backend/venv/lib/python3.12/site-packages/starlette/applications.py", line 90, in __call__
    await self.middleware_stack(scope, receive, send)
  File "/home/neelam/orchestrator/backend/venv/lib/python3.12/site-packages/starlette/middleware/errors.py", line 186, in __call__
    raise exc
  File "/home/neelam/orchestrator/backend/venv/lib/python3.12/site-packages/starlette/middleware/errors.py", line 164, in __call__
    await self.app(scope, receive, _send)
  File "/home/neelam/orchestrator/backend/venv/lib/python3.12/site-packages/starlette/middleware/cors.py", line 88, in __call__
    await self.app(scope, receive, send)
  File "/home/neelam/orchestrator/backend/venv/lib/python3.12/site-packages/starlette/middleware/exceptions.py", line 63, in __call__
    await wrap_app_handling_exceptions(self.app, conn)(scope, receive, send)
  File "/home/neelam/orchestrator/backend/venv/lib/python3.12/site-packages/starlette/_exception_handler.py", line 53, in wrapped_app
    raise exc
  File "/home/neelam/orchestrator/backend/venv/lib/python3.12/site-packages/starlette/_exception_handler.py", line 42, in wrapped_app
    await app(scope, receive, sender)
  File "/home/neelam/orchestrator/backend/venv/lib/python3.12/site-packages/fastapi/middleware/asyncexitstack.py", line 18, in __call__
    await self.app(scope, receive, send)
  File "/home/neelam/orchestrator/backend/venv/lib/python3.12/site-packages/starlette/routing.py", line 660, in __call__
    await self.middleware_stack(scope, receive, send)
  File "/home/neelam/orchestrator/backend/venv/lib/python3.12/site-packages/starlette/routing.py", line 680, in app
    await route.handle(scope, receive, send)
  File "/home/neelam/orchestrator/backend/venv/lib/python3.12/site-packages/starlette/routing.py", line 276, in handle
    await self.app(scope, receive, send)
  File "/home/neelam/orchestrator/backend/venv/lib/python3.12/site-packages/fastapi/routing.py", line 134, in app
    await wrap_app_handling_exceptions(app, request)(scope, receive, send)
  File "/home/neelam/orchestrator/backend/venv/lib/python3.12/site-packages/starlette/_exception_handler.py", line 53, in wrapped_app
    raise exc
  File "/home/neelam/orchestrator/backend/venv/lib/python3.12/site-packages/starlette/_exception_handler.py", line 42, in wrapped_app
    await app(scope, receive, sender)
  File "/home/neelam/orchestrator/backend/venv/lib/python3.12/site-packages/fastapi/routing.py", line 120, in app
    response = await f(request)
               ^^^^^^^^^^^^^^^^
  File "/home/neelam/orchestrator/backend/venv/lib/python3.12/site-packages/fastapi/routing.py", line 674, in app
    raw_response = await run_endpoint_function(
                   ^^^^^^^^^^^^^^^^^^^^^^^^^^^^
  File "/home/neelam/orchestrator/backend/venv/lib/python3.12/site-packages/fastapi/routing.py", line 328, in run_endpoint_function
    return await dependant.call(**values)
           ^^^^^^^^^^^^^^^^^^^^^^^^^^^^^^
  File "/home/neelam/orchestrator/backend/app/routes/eda.py", line 706, in observatory
    domain_runs = await _domain_runs(job_id, db)
                  ^^^^^^^^^^^^^^^^^^^^^^^^^^^^^^
  File "/home/neelam/orchestrator/backend/app/routes/eda.py", line 568, in _domain_runs
    gv = _safe_load(corpus_dir / "graph_validation.json") or {}
         ^^^^^^^^^^^^^^^^^^^^^^^^^^^^^^^^^^^^^^^^^^^^^^^^
  File "/home/neelam/orchestrator/backend/app/routes/eda.py", line 31, in _safe_load
    if not path.is_file():
           ^^^^^^^^^^^^^^
  File "/usr/lib/python3.12/pathlib.py", line 894, in is_file
    return S_ISREG(self.stat().st_mode)
                   ^^^^^^^^^^^
  File "/usr/lib/python3.12/pathlib.py", line 842, in stat
    return os.stat(self, follow_symlinks=follow_symlinks)
           ^^^^^^^^^^^^^^^^^^^^^^^^^^^^^^^^^^^^^^^^^^^^^^
PermissionError: [Errno 13] Permission denied: '/home/kumar1/orchestrator/corpus_store/5f8d7f5d-626c-4618-9139-5bf39954299f/graph_validation.json'
INFO:     127.0.0.1:56680 - "GET /api/v1/data/corpora HTTP/1.1" 200 OK
INFO:     127.0.0.1:56694 - "GET /api/v1/eda/observatory/64c7463d-a1a6-476e-9a02-7ef6548437d4 HTTP/1.1" 500 Internal Server Error
ERROR:    Exception in ASGI application
Traceback (most recent call last):
  File "/home/neelam/orchestrator/backend/venv/lib/python3.12/site-packages/uvicorn/protocols/http/h11_impl.py", line 415, in run_asgi
    result = await app(  # type: ignore[func-returns-value]
             ^^^^^^^^^^^^^^^^^^^^^^^^^^^^^^^^^^^^^^^^^^^^^^
  File "/home/neelam/orchestrator/backend/venv/lib/python3.12/site-packages/uvicorn/middleware/proxy_headers.py", line 63, in __call__
    return await self.app(scope, receive, send)
           ^^^^^^^^^^^^^^^^^^^^^^^^^^^^^^^^^^^^
  File "/home/neelam/orchestrator/backend/venv/lib/python3.12/site-packages/fastapi/applications.py", line 1159, in __call__
    await super().__call__(scope, receive, send)
  File "/home/neelam/orchestrator/backend/venv/lib/python3.12/site-packages/starlette/applications.py", line 90, in __call__
    await self.middleware_stack(scope, receive, send)
  File "/home/neelam/orchestrator/backend/venv/lib/python3.12/site-packages/starlette/middleware/errors.py", line 186, in __call__
    raise exc
  File "/home/neelam/orchestrator/backend/venv/lib/python3.12/site-packages/starlette/middleware/errors.py", line 164, in __call__
    await self.app(scope, receive, _send)
  File "/home/neelam/orchestrator/backend/venv/lib/python3.12/site-packages/starlette/middleware/cors.py", line 88, in __call__
    await self.app(scope, receive, send)
  File "/home/neelam/orchestrator/backend/venv/lib/python3.12/site-packages/starlette/middleware/exceptions.py", line 63, in __call__
    await wrap_app_handling_exceptions(self.app, conn)(scope, receive, send)
  File "/home/neelam/orchestrator/backend/venv/lib/python3.12/site-packages/starlette/_exception_handler.py", line 53, in wrapped_app
    raise exc
  File "/home/neelam/orchestrator/backend/venv/lib/python3.12/site-packages/starlette/_exception_handler.py", line 42, in wrapped_app
    await app(scope, receive, sender)
  File "/home/neelam/orchestrator/backend/venv/lib/python3.12/site-packages/fastapi/middleware/asyncexitstack.py", line 18, in __call__
    await self.app(scope, receive, send)
  File "/home/neelam/orchestrator/backend/venv/lib/python3.12/site-packages/starlette/routing.py", line 660, in __call__
    await self.middleware_stack(scope, receive, send)
  File "/home/neelam/orchestrator/backend/venv/lib/python3.12/site-packages/starlette/routing.py", line 680, in app
    await route.handle(scope, receive, send)
  File "/home/neelam/orchestrator/backend/venv/lib/python3.12/site-packages/starlette/routing.py", line 276, in handle
    await self.app(scope, receive, send)
  File "/home/neelam/orchestrator/backend/venv/lib/python3.12/site-packages/fastapi/routing.py", line 134, in app
    await wrap_app_handling_exceptions(app, request)(scope, receive, send)
  File "/home/neelam/orchestrator/backend/venv/lib/python3.12/site-packages/starlette/_exception_handler.py", line 53, in wrapped_app
    raise exc
  File "/home/neelam/orchestrator/backend/venv/lib/python3.12/site-packages/starlette/_exception_handler.py", line 42, in wrapped_app
    await app(scope, receive, sender)
  File "/home/neelam/orchestrator/backend/venv/lib/python3.12/site-packages/fastapi/routing.py", line 120, in app
    response = await f(request)
               ^^^^^^^^^^^^^^^^
  File "/home/neelam/orchestrator/backend/venv/lib/python3.12/site-packages/fastapi/routing.py", line 674, in app
    raw_response = await run_endpoint_function(
                   ^^^^^^^^^^^^^^^^^^^^^^^^^^^^
  File "/home/neelam/orchestrator/backend/venv/lib/python3.12/site-packages/fastapi/routing.py", line 328, in run_endpoint_function
    return await dependant.call(**values)
           ^^^^^^^^^^^^^^^^^^^^^^^^^^^^^^
  File "/home/neelam/orchestrator/backend/app/routes/eda.py", line 706, in observatory
    domain_runs = await _domain_runs(job_id, db)
                  ^^^^^^^^^^^^^^^^^^^^^^^^^^^^^^
  File "/home/neelam/orchestrator/backend/app/routes/eda.py", line 568, in _domain_runs
    gv = _safe_load(corpus_dir / "graph_validation.json") or {}
         ^^^^^^^^^^^^^^^^^^^^^^^^^^^^^^^^^^^^^^^^^^^^^^^^
  File "/home/neelam/orchestrator/backend/app/routes/eda.py", line 31, in _safe_load
    if not path.is_file():
           ^^^^^^^^^^^^^^
  File "/usr/lib/python3.12/pathlib.py", line 894, in is_file
    return S_ISREG(self.stat().st_mode)
                   ^^^^^^^^^^^
  File "/usr/lib/python3.12/pathlib.py", line 842, in stat
    return os.stat(self, follow_symlinks=follow_symlinks)
           ^^^^^^^^^^^^^^^^^^^^^^^^^^^^^^^^^^^^^^^^^^^^^^
PermissionError: [Errno 13] Permission denied: '/home/kumar1/orchestrator/corpus_store/5f8d7f5d-626c-4618-9139-5bf39954299f/graph_validation.json'
INFO:     127.0.0.1:44450 - "GET /api/v1/eda/observatory/a561dfc6-3159-4891-9f4a-0c8c919312fe HTTP/1.1" 500 Internal Server Error
ERROR:    Exception in ASGI application
Traceback (most recent call last):
  File "/home/neelam/orchestrator/backend/venv/lib/python3.12/site-packages/uvicorn/protocols/http/h11_impl.py", line 415, in run_asgi
    result = await app(  # type: ignore[func-returns-value]
             ^^^^^^^^^^^^^^^^^^^^^^^^^^^^^^^^^^^^^^^^^^^^^^
  File "/home/neelam/orchestrator/backend/venv/lib/python3.12/site-packages/uvicorn/middleware/proxy_headers.py", line 63, in __call__
    return await self.app(scope, receive, send)
           ^^^^^^^^^^^^^^^^^^^^^^^^^^^^^^^^^^^^
  File "/home/neelam/orchestrator/backend/venv/lib/python3.12/site-packages/fastapi/applications.py", line 1159, in __call__
    await super().__call__(scope, receive, send)
  File "/home/neelam/orchestrator/backend/venv/lib/python3.12/site-packages/starlette/applications.py", line 90, in __call__
    await self.middleware_stack(scope, receive, send)
  File "/home/neelam/orchestrator/backend/venv/lib/python3.12/site-packages/starlette/middleware/errors.py", line 186, in __call__
    raise exc
  File "/home/neelam/orchestrator/backend/venv/lib/python3.12/site-packages/starlette/middleware/errors.py", line 164, in __call__
    await self.app(scope, receive, _send)
  File "/home/neelam/orchestrator/backend/venv/lib/python3.12/site-packages/starlette/middleware/cors.py", line 88, in __call__
    await self.app(scope, receive, send)
  File "/home/neelam/orchestrator/backend/venv/lib/python3.12/site-packages/starlette/middleware/exceptions.py", line 63, in __call__
    await wrap_app_handling_exceptions(self.app, conn)(scope, receive, send)
  File "/home/neelam/orchestrator/backend/venv/lib/python3.12/site-packages/starlette/_exception_handler.py", line 53, in wrapped_app
    raise exc
  File "/home/neelam/orchestrator/backend/venv/lib/python3.12/site-packages/starlette/_exception_handler.py", line 42, in wrapped_app
    await app(scope, receive, sender)
  File "/home/neelam/orchestrator/backend/venv/lib/python3.12/site-packages/fastapi/middleware/asyncexitstack.py", line 18, in __call__
    await self.app(scope, receive, send)
  File "/home/neelam/orchestrator/backend/venv/lib/python3.12/site-packages/starlette/routing.py", line 660, in __call__
    await self.middleware_stack(scope, receive, send)
  File "/home/neelam/orchestrator/backend/venv/lib/python3.12/site-packages/starlette/routing.py", line 680, in app
    await route.handle(scope, receive, send)
  File "/home/neelam/orchestrator/backend/venv/lib/python3.12/site-packages/starlette/routing.py", line 276, in handle
    await self.app(scope, receive, send)
  File "/home/neelam/orchestrator/backend/venv/lib/python3.12/site-packages/fastapi/routing.py", line 134, in app
    await wrap_app_handling_exceptions(app, request)(scope, receive, send)
  File "/home/neelam/orchestrator/backend/venv/lib/python3.12/site-packages/starlette/_exception_handler.py", line 53, in wrapped_app
    raise exc
  File "/home/neelam/orchestrator/backend/venv/lib/python3.12/site-packages/starlette/_exception_handler.py", line 42, in wrapped_app
    await app(scope, receive, sender)
  File "/home/neelam/orchestrator/backend/venv/lib/python3.12/site-packages/fastapi/routing.py", line 120, in app
    response = await f(request)
               ^^^^^^^^^^^^^^^^
  File "/home/neelam/orchestrator/backend/venv/lib/python3.12/site-packages/fastapi/routing.py", line 674, in app
    raw_response = await run_endpoint_function(
                   ^^^^^^^^^^^^^^^^^^^^^^^^^^^^
  File "/home/neelam/orchestrator/backend/venv/lib/python3.12/site-packages/fastapi/routing.py", line 328, in run_endpoint_function
    return await dependant.call(**values)
           ^^^^^^^^^^^^^^^^^^^^^^^^^^^^^^
  File "/home/neelam/orchestrator/backend/app/routes/eda.py", line 706, in observatory
    domain_runs = await _domain_runs(job_id, db)
                  ^^^^^^^^^^^^^^^^^^^^^^^^^^^^^^
  File "/home/neelam/orchestrator/backend/app/routes/eda.py", line 568, in _domain_runs
    gv = _safe_load(corpus_dir / "graph_validation.json") or {}
         ^^^^^^^^^^^^^^^^^^^^^^^^^^^^^^^^^^^^^^^^^^^^^^^^
  File "/home/neelam/orchestrator/backend/app/routes/eda.py", line 31, in _safe_load
    if not path.is_file():
           ^^^^^^^^^^^^^^
  File "/usr/lib/python3.12/pathlib.py", line 894, in is_file
    return S_ISREG(self.stat().st_mode)
                   ^^^^^^^^^^^
  File "/usr/lib/python3.12/pathlib.py", line 842, in stat
    return os.stat(self, follow_symlinks=follow_symlinks)
           ^^^^^^^^^^^^^^^^^^^^^^^^^^^^^^^^^^^^^^^^^^^^^^
PermissionError: [Errno 13] Permission denied: '/home/kumar1/orchestrator/corpus_store/5f8d7f5d-626c-4618-9139-5bf39954299f/graph_validation.json'
INFO:     127.0.0.1:44454 - "GET /api/v1/data/corpora HTTP/1.1" 200 OK
INFO:     127.0.0.1:44456 - "GET /api/v1/eda/observatory/64c7463d-a1a6-476e-9a02-7ef6548437d4 HTTP/1.1" 500 Internal Server Error
ERROR:    Exception in ASGI application
Traceback (most recent call last):
  File "/home/neelam/orchestrator/backend/venv/lib/python3.12/site-packages/uvicorn/protocols/http/h11_impl.py", line 415, in run_asgi
    result = await app(  # type: ignore[func-returns-value]
             ^^^^^^^^^^^^^^^^^^^^^^^^^^^^^^^^^^^^^^^^^^^^^^
  File "/home/neelam/orchestrator/backend/venv/lib/python3.12/site-packages/uvicorn/middleware/proxy_headers.py", line 63, in __call__
    return await self.app(scope, receive, send)
           ^^^^^^^^^^^^^^^^^^^^^^^^^^^^^^^^^^^^
  File "/home/neelam/orchestrator/backend/venv/lib/python3.12/site-packages/fastapi/applications.py", line 1159, in __call__
    await super().__call__(scope, receive, send)
  File "/home/neelam/orchestrator/backend/venv/lib/python3.12/site-packages/starlette/applications.py", line 90, in __call__
    await self.middleware_stack(scope, receive, send)
  File "/home/neelam/orchestrator/backend/venv/lib/python3.12/site-packages/starlette/middleware/errors.py", line 186, in __call__
    raise exc
  File "/home/neelam/orchestrator/backend/venv/lib/python3.12/site-packages/starlette/middleware/errors.py", line 164, in __call__
    await self.app(scope, receive, _send)
  File "/home/neelam/orchestrator/backend/venv/lib/python3.12/site-packages/starlette/middleware/cors.py", line 88, in __call__
    await self.app(scope, receive, send)
  File "/home/neelam/orchestrator/backend/venv/lib/python3.12/site-packages/starlette/middleware/exceptions.py", line 63, in __call__
    await wrap_app_handling_exceptions(self.app, conn)(scope, receive, send)
  File "/home/neelam/orchestrator/backend/venv/lib/python3.12/site-packages/starlette/_exception_handler.py", line 53, in wrapped_app
    raise exc
  File "/home/neelam/orchestrator/backend/venv/lib/python3.12/site-packages/starlette/_exception_handler.py", line 42, in wrapped_app
    await app(scope, receive, sender)
  File "/home/neelam/orchestrator/backend/venv/lib/python3.12/site-packages/fastapi/middleware/asyncexitstack.py", line 18, in __call__
    await self.app(scope, receive, send)
  File "/home/neelam/orchestrator/backend/venv/lib/python3.12/site-packages/starlette/routing.py", line 660, in __call__
    await self.middleware_stack(scope, receive, send)
  File "/home/neelam/orchestrator/backend/venv/lib/python3.12/site-packages/starlette/routing.py", line 680, in app
    await route.handle(scope, receive, send)
  File "/home/neelam/orchestrator/backend/venv/lib/python3.12/site-packages/starlette/routing.py", line 276, in handle
    await self.app(scope, receive, send)
  File "/home/neelam/orchestrator/backend/venv/lib/python3.12/site-packages/fastapi/routing.py", line 134, in app
    await wrap_app_handling_exceptions(app, request)(scope, receive, send)
  File "/home/neelam/orchestrator/backend/venv/lib/python3.12/site-packages/starlette/_exception_handler.py", line 53, in wrapped_app
    raise exc
  File "/home/neelam/orchestrator/backend/venv/lib/python3.12/site-packages/starlette/_exception_handler.py", line 42, in wrapped_app
    await app(scope, receive, sender)
  File "/home/neelam/orchestrator/backend/venv/lib/python3.12/site-packages/fastapi/routing.py", line 120, in app
    response = await f(request)
               ^^^^^^^^^^^^^^^^
  File "/home/neelam/orchestrator/backend/venv/lib/python3.12/site-packages/fastapi/routing.py", line 674, in app
    raw_response = await run_endpoint_function(
                   ^^^^^^^^^^^^^^^^^^^^^^^^^^^^
  File "/home/neelam/orchestrator/backend/venv/lib/python3.12/site-packages/fastapi/routing.py", line 328, in run_endpoint_function
    return await dependant.call(**values)
           ^^^^^^^^^^^^^^^^^^^^^^^^^^^^^^
  File "/home/neelam/orchestrator/backend/app/routes/eda.py", line 706, in observatory
    domain_runs = await _domain_runs(job_id, db)
                  ^^^^^^^^^^^^^^^^^^^^^^^^^^^^^^
  File "/home/neelam/orchestrator/backend/app/routes/eda.py", line 568, in _domain_runs
    gv = _safe_load(corpus_dir / "graph_validation.json") or {}
         ^^^^^^^^^^^^^^^^^^^^^^^^^^^^^^^^^^^^^^^^^^^^^^^^
  File "/home/neelam/orchestrator/backend/app/routes/eda.py", line 31, in _safe_load
    if not path.is_file():
           ^^^^^^^^^^^^^^
  File "/usr/lib/python3.12/pathlib.py", line 894, in is_file
    return S_ISREG(self.stat().st_mode)
                   ^^^^^^^^^^^
  File "/usr/lib/python3.12/pathlib.py", line 842, in stat
    return os.stat(self, follow_symlinks=follow_symlinks)
           ^^^^^^^^^^^^^^^^^^^^^^^^^^^^^^^^^^^^^^^^^^^^^^
PermissionError: [Errno 13] Permission denied: '/home/kumar1/orchestrator/corpus_store/5f8d7f5d-626c-4618-9139-5bf39954299f/graph_validation.json'
INFO:     127.0.0.1:44458 - "GET /api/v1/eda/observatory/a561dfc6-3159-4891-9f4a-0c8c919312fe HTTP/1.1" 500 Internal Server Error
ERROR:    Exception in ASGI application
Traceback (most recent call last):
  File "/home/neelam/orchestrator/backend/venv/lib/python3.12/site-packages/uvicorn/protocols/http/h11_impl.py", line 415, in run_asgi
    result = await app(  # type: ignore[func-returns-value]
             ^^^^^^^^^^^^^^^^^^^^^^^^^^^^^^^^^^^^^^^^^^^^^^
  File "/home/neelam/orchestrator/backend/venv/lib/python3.12/site-packages/uvicorn/middleware/proxy_headers.py", line 63, in __call__
    return await self.app(scope, receive, send)
           ^^^^^^^^^^^^^^^^^^^^^^^^^^^^^^^^^^^^
  File "/home/neelam/orchestrator/backend/venv/lib/python3.12/site-packages/fastapi/applications.py", line 1159, in __call__
    await super().__call__(scope, receive, send)
  File "/home/neelam/orchestrator/backend/venv/lib/python3.12/site-packages/starlette/applications.py", line 90, in __call__
    await self.middleware_stack(scope, receive, send)
  File "/home/neelam/orchestrator/backend/venv/lib/python3.12/site-packages/starlette/middleware/errors.py", line 186, in __call__
    raise exc
  File "/home/neelam/orchestrator/backend/venv/lib/python3.12/site-packages/starlette/middleware/errors.py", line 164, in __call__
    await self.app(scope, receive, _send)
  File "/home/neelam/orchestrator/backend/venv/lib/python3.12/site-packages/starlette/middleware/cors.py", line 88, in __call__
    await self.app(scope, receive, send)
  File "/home/neelam/orchestrator/backend/venv/lib/python3.12/site-packages/starlette/middleware/exceptions.py", line 63, in __call__
    await wrap_app_handling_exceptions(self.app, conn)(scope, receive, send)
  File "/home/neelam/orchestrator/backend/venv/lib/python3.12/site-packages/starlette/_exception_handler.py", line 53, in wrapped_app
    raise exc
  File "/home/neelam/orchestrator/backend/venv/lib/python3.12/site-packages/starlette/_exception_handler.py", line 42, in wrapped_app
    await app(scope, receive, sender)
  File "/home/neelam/orchestrator/backend/venv/lib/python3.12/site-packages/fastapi/middleware/asyncexitstack.py", line 18, in __call__
    await self.app(scope, receive, send)
  File "/home/neelam/orchestrator/backend/venv/lib/python3.12/site-packages/starlette/routing.py", line 660, in __call__
    await self.middleware_stack(scope, receive, send)
  File "/home/neelam/orchestrator/backend/venv/lib/python3.12/site-packages/starlette/routing.py", line 680, in app
    await route.handle(scope, receive, send)
  File "/home/neelam/orchestrator/backend/venv/lib/python3.12/site-packages/starlette/routing.py", line 276, in handle
    await self.app(scope, receive, send)
  File "/home/neelam/orchestrator/backend/venv/lib/python3.12/site-packages/fastapi/routing.py", line 134, in app
    await wrap_app_handling_exceptions(app, request)(scope, receive, send)
  File "/home/neelam/orchestrator/backend/venv/lib/python3.12/site-packages/starlette/_exception_handler.py", line 53, in wrapped_app
    raise exc
  File "/home/neelam/orchestrator/backend/venv/lib/python3.12/site-packages/starlette/_exception_handler.py", line 42, in wrapped_app
    await app(scope, receive, sender)
  File "/home/neelam/orchestrator/backend/venv/lib/python3.12/site-packages/fastapi/routing.py", line 120, in app
    response = await f(request)
               ^^^^^^^^^^^^^^^^
  File "/home/neelam/orchestrator/backend/venv/lib/python3.12/site-packages/fastapi/routing.py", line 674, in app
    raw_response = await run_endpoint_function(
                   ^^^^^^^^^^^^^^^^^^^^^^^^^^^^
  File "/home/neelam/orchestrator/backend/venv/lib/python3.12/site-packages/fastapi/routing.py", line 328, in run_endpoint_function
    return await dependant.call(**values)
           ^^^^^^^^^^^^^^^^^^^^^^^^^^^^^^
  File "/home/neelam/orchestrator/backend/app/routes/eda.py", line 706, in observatory
    domain_runs = await _domain_runs(job_id, db)
                  ^^^^^^^^^^^^^^^^^^^^^^^^^^^^^^
  File "/home/neelam/orchestrator/backend/app/routes/eda.py", line 568, in _domain_runs
    gv = _safe_load(corpus_dir / "graph_validation.json") or {}
         ^^^^^^^^^^^^^^^^^^^^^^^^^^^^^^^^^^^^^^^^^^^^^^^^
  File "/home/neelam/orchestrator/backend/app/routes/eda.py", line 31, in _safe_load
    if not path.is_file():
           ^^^^^^^^^^^^^^
  File "/usr/lib/python3.12/pathlib.py", line 894, in is_file
    return S_ISREG(self.stat().st_mode)
                   ^^^^^^^^^^^
  File "/usr/lib/python3.12/pathlib.py", line 842, in stat
    return os.stat(self, follow_symlinks=follow_symlinks)
           ^^^^^^^^^^^^^^^^^^^^^^^^^^^^^^^^^^^^^^^^^^^^^^
PermissionError: [Errno 13] Permission denied: '/home/kumar1/orchestrator/corpus_store/5f8d7f5d-626c-4618-9139-5bf39954299f/graph_validation.json'
INFO:     127.0.0.1:44464 - "GET /api/v1/data/corpora HTTP/1.1" 200 OK
INFO:     127.0.0.1:47026 - "GET /api/v1/eda/observatory/64c7463d-a1a6-476e-9a02-7ef6548437d4 HTTP/1.1" 500 Internal Server Error
ERROR:    Exception in ASGI application
Traceback (most recent call last):
  File "/home/neelam/orchestrator/backend/venv/lib/python3.12/site-packages/uvicorn/protocols/http/h11_impl.py", line 415, in run_asgi
    result = await app(  # type: ignore[func-returns-value]
             ^^^^^^^^^^^^^^^^^^^^^^^^^^^^^^^^^^^^^^^^^^^^^^
  File "/home/neelam/orchestrator/backend/venv/lib/python3.12/site-packages/uvicorn/middleware/proxy_headers.py", line 63, in __call__
    return await self.app(scope, receive, send)
           ^^^^^^^^^^^^^^^^^^^^^^^^^^^^^^^^^^^^
  File "/home/neelam/orchestrator/backend/venv/lib/python3.12/site-packages/fastapi/applications.py", line 1159, in __call__
    await super().__call__(scope, receive, send)
  File "/home/neelam/orchestrator/backend/venv/lib/python3.12/site-packages/starlette/applications.py", line 90, in __call__
    await self.middleware_stack(scope, receive, send)
  File "/home/neelam/orchestrator/backend/venv/lib/python3.12/site-packages/starlette/middleware/errors.py", line 186, in __call__
    raise exc
  File "/home/neelam/orchestrator/backend/venv/lib/python3.12/site-packages/starlette/middleware/errors.py", line 164, in __call__
    await self.app(scope, receive, _send)
  File "/home/neelam/orchestrator/backend/venv/lib/python3.12/site-packages/starlette/middleware/cors.py", line 88, in __call__
    await self.app(scope, receive, send)
  File "/home/neelam/orchestrator/backend/venv/lib/python3.12/site-packages/starlette/middleware/exceptions.py", line 63, in __call__
    await wrap_app_handling_exceptions(self.app, conn)(scope, receive, send)
  File "/home/neelam/orchestrator/backend/venv/lib/python3.12/site-packages/starlette/_exception_handler.py", line 53, in wrapped_app
    raise exc
  File "/home/neelam/orchestrator/backend/venv/lib/python3.12/site-packages/starlette/_exception_handler.py", line 42, in wrapped_app
    await app(scope, receive, sender)
  File "/home/neelam/orchestrator/backend/venv/lib/python3.12/site-packages/fastapi/middleware/asyncexitstack.py", line 18, in __call__
    await self.app(scope, receive, send)
  File "/home/neelam/orchestrator/backend/venv/lib/python3.12/site-packages/starlette/routing.py", line 660, in __call__
    await self.middleware_stack(scope, receive, send)
  File "/home/neelam/orchestrator/backend/venv/lib/python3.12/site-packages/starlette/routing.py", line 680, in app
    await route.handle(scope, receive, send)
  File "/home/neelam/orchestrator/backend/venv/lib/python3.12/site-packages/starlette/routing.py", line 276, in handle
    await self.app(scope, receive, send)
  File "/home/neelam/orchestrator/backend/venv/lib/python3.12/site-packages/fastapi/routing.py", line 134, in app
    await wrap_app_handling_exceptions(app, request)(scope, receive, send)
  File "/home/neelam/orchestrator/backend/venv/lib/python3.12/site-packages/starlette/_exception_handler.py", line 53, in wrapped_app
    raise exc
  File "/home/neelam/orchestrator/backend/venv/lib/python3.12/site-packages/starlette/_exception_handler.py", line 42, in wrapped_app
    await app(scope, receive, sender)
  File "/home/neelam/orchestrator/backend/venv/lib/python3.12/site-packages/fastapi/routing.py", line 120, in app
    response = await f(request)
               ^^^^^^^^^^^^^^^^
  File "/home/neelam/orchestrator/backend/venv/lib/python3.12/site-packages/fastapi/routing.py", line 674, in app
    raw_response = await run_endpoint_function(
                   ^^^^^^^^^^^^^^^^^^^^^^^^^^^^
  File "/home/neelam/orchestrator/backend/venv/lib/python3.12/site-packages/fastapi/routing.py", line 328, in run_endpoint_function
    return await dependant.call(**values)
           ^^^^^^^^^^^^^^^^^^^^^^^^^^^^^^
  File "/home/neelam/orchestrator/backend/app/routes/eda.py", line 706, in observatory
    domain_runs = await _domain_runs(job_id, db)
                  ^^^^^^^^^^^^^^^^^^^^^^^^^^^^^^
  File "/home/neelam/orchestrator/backend/app/routes/eda.py", line 568, in _domain_runs
    gv = _safe_load(corpus_dir / "graph_validation.json") or {}
         ^^^^^^^^^^^^^^^^^^^^^^^^^^^^^^^^^^^^^^^^^^^^^^^^
  File "/home/neelam/orchestrator/backend/app/routes/eda.py", line 31, in _safe_load
    if not path.is_file():
           ^^^^^^^^^^^^^^
  File "/usr/lib/python3.12/pathlib.py", line 894, in is_file
    return S_ISREG(self.stat().st_mode)
                   ^^^^^^^^^^^
  File "/usr/lib/python3.12/pathlib.py", line 842, in stat
    return os.stat(self, follow_symlinks=follow_symlinks)
           ^^^^^^^^^^^^^^^^^^^^^^^^^^^^^^^^^^^^^^^^^^^^^^
PermissionError: [Errno 13] Permission denied: '/home/kumar1/orchestrator/corpus_store/5f8d7f5d-626c-4618-9139-5bf39954299f/graph_validation.json'
INFO:     127.0.0.1:47040 - "GET /api/v1/eda/observatory/a561dfc6-3159-4891-9f4a-0c8c919312fe HTTP/1.1" 500 Internal Server Error
ERROR:    Exception in ASGI application
Traceback (most recent call last):
  File "/home/neelam/orchestrator/backend/venv/lib/python3.12/site-packages/uvicorn/protocols/http/h11_impl.py", line 415, in run_asgi
    result = await app(  # type: ignore[func-returns-value]
             ^^^^^^^^^^^^^^^^^^^^^^^^^^^^^^^^^^^^^^^^^^^^^^
  File "/home/neelam/orchestrator/backend/venv/lib/python3.12/site-packages/uvicorn/middleware/proxy_headers.py", line 63, in __call__
    return await self.app(scope, receive, send)
           ^^^^^^^^^^^^^^^^^^^^^^^^^^^^^^^^^^^^
  File "/home/neelam/orchestrator/backend/venv/lib/python3.12/site-packages/fastapi/applications.py", line 1159, in __call__
    await super().__call__(scope, receive, send)
  File "/home/neelam/orchestrator/backend/venv/lib/python3.12/site-packages/starlette/applications.py", line 90, in __call__
    await self.middleware_stack(scope, receive, send)
  File "/home/neelam/orchestrator/backend/venv/lib/python3.12/site-packages/starlette/middleware/errors.py", line 186, in __call__
    raise exc
  File "/home/neelam/orchestrator/backend/venv/lib/python3.12/site-packages/starlette/middleware/errors.py", line 164, in __call__
    await self.app(scope, receive, _send)
  File "/home/neelam/orchestrator/backend/venv/lib/python3.12/site-packages/starlette/middleware/cors.py", line 88, in __call__
    await self.app(scope, receive, send)
  File "/home/neelam/orchestrator/backend/venv/lib/python3.12/site-packages/starlette/middleware/exceptions.py", line 63, in __call__
    await wrap_app_handling_exceptions(self.app, conn)(scope, receive, send)
  File "/home/neelam/orchestrator/backend/venv/lib/python3.12/site-packages/starlette/_exception_handler.py", line 53, in wrapped_app
    raise exc
  File "/home/neelam/orchestrator/backend/venv/lib/python3.12/site-packages/starlette/_exception_handler.py", line 42, in wrapped_app
    await app(scope, receive, sender)
  File "/home/neelam/orchestrator/backend/venv/lib/python3.12/site-packages/fastapi/middleware/asyncexitstack.py", line 18, in __call__
    await self.app(scope, receive, send)
  File "/home/neelam/orchestrator/backend/venv/lib/python3.12/site-packages/starlette/routing.py", line 660, in __call__
    await self.middleware_stack(scope, receive, send)
  File "/home/neelam/orchestrator/backend/venv/lib/python3.12/site-packages/starlette/routing.py", line 680, in app
    await route.handle(scope, receive, send)
  File "/home/neelam/orchestrator/backend/venv/lib/python3.12/site-packages/starlette/routing.py", line 276, in handle
    await self.app(scope, receive, send)
  File "/home/neelam/orchestrator/backend/venv/lib/python3.12/site-packages/fastapi/routing.py", line 134, in app
    await wrap_app_handling_exceptions(app, request)(scope, receive, send)
  File "/home/neelam/orchestrator/backend/venv/lib/python3.12/site-packages/starlette/_exception_handler.py", line 53, in wrapped_app
    raise exc
  File "/home/neelam/orchestrator/backend/venv/lib/python3.12/site-packages/starlette/_exception_handler.py", line 42, in wrapped_app
    await app(scope, receive, sender)
  File "/home/neelam/orchestrator/backend/venv/lib/python3.12/site-packages/fastapi/routing.py", line 120, in app
    response = await f(request)
               ^^^^^^^^^^^^^^^^
  File "/home/neelam/orchestrator/backend/venv/lib/python3.12/site-packages/fastapi/routing.py", line 674, in app
    raw_response = await run_endpoint_function(
                   ^^^^^^^^^^^^^^^^^^^^^^^^^^^^
  File "/home/neelam/orchestrator/backend/venv/lib/python3.12/site-packages/fastapi/routing.py", line 328, in run_endpoint_function
    return await dependant.call(**values)
           ^^^^^^^^^^^^^^^^^^^^^^^^^^^^^^
  File "/home/neelam/orchestrator/backend/app/routes/eda.py", line 706, in observatory
    domain_runs = await _domain_runs(job_id, db)
                  ^^^^^^^^^^^^^^^^^^^^^^^^^^^^^^
  File "/home/neelam/orchestrator/backend/app/routes/eda.py", line 568, in _domain_runs
    gv = _safe_load(corpus_dir / "graph_validation.json") or {}
         ^^^^^^^^^^^^^^^^^^^^^^^^^^^^^^^^^^^^^^^^^^^^^^^^
  File "/home/neelam/orchestrator/backend/app/routes/eda.py", line 31, in _safe_load
    if not path.is_file():
           ^^^^^^^^^^^^^^
  File "/usr/lib/python3.12/pathlib.py", line 894, in is_file
    return S_ISREG(self.stat().st_mode)
                   ^^^^^^^^^^^
  File "/usr/lib/python3.12/pathlib.py", line 842, in stat
    return os.stat(self, follow_symlinks=follow_symlinks)
           ^^^^^^^^^^^^^^^^^^^^^^^^^^^^^^^^^^^^^^^^^^^^^^
PermissionError: [Errno 13] Permission denied: '/home/kumar1/orchestrator/corpus_store/5f8d7f5d-626c-4618-9139-5bf39954299f/graph_validation.json'
INFO:     127.0.0.1:47046 - "GET /api/v1/data/corpora HTTP/1.1" 200 OK
INFO:     127.0.0.1:47062 - "GET /api/v1/eda/observatory/64c7463d-a1a6-476e-9a02-7ef6548437d4 HTTP/1.1" 500 Internal Server Error
ERROR:    Exception in ASGI application
Traceback (most recent call last):
  File "/home/neelam/orchestrator/backend/venv/lib/python3.12/site-packages/uvicorn/protocols/http/h11_impl.py", line 415, in run_asgi
    result = await app(  # type: ignore[func-returns-value]
             ^^^^^^^^^^^^^^^^^^^^^^^^^^^^^^^^^^^^^^^^^^^^^^
  File "/home/neelam/orchestrator/backend/venv/lib/python3.12/site-packages/uvicorn/middleware/proxy_headers.py", line 63, in __call__
    return await self.app(scope, receive, send)
           ^^^^^^^^^^^^^^^^^^^^^^^^^^^^^^^^^^^^
  File "/home/neelam/orchestrator/backend/venv/lib/python3.12/site-packages/fastapi/applications.py", line 1159, in __call__
    await super().__call__(scope, receive, send)
  File "/home/neelam/orchestrator/backend/venv/lib/python3.12/site-packages/starlette/applications.py", line 90, in __call__
    await self.middleware_stack(scope, receive, send)
  File "/home/neelam/orchestrator/backend/venv/lib/python3.12/site-packages/starlette/middleware/errors.py", line 186, in __call__
    raise exc
  File "/home/neelam/orchestrator/backend/venv/lib/python3.12/site-packages/starlette/middleware/errors.py", line 164, in __call__
    await self.app(scope, receive, _send)
  File "/home/neelam/orchestrator/backend/venv/lib/python3.12/site-packages/starlette/middleware/cors.py", line 88, in __call__
    await self.app(scope, receive, send)
  File "/home/neelam/orchestrator/backend/venv/lib/python3.12/site-packages/starlette/middleware/exceptions.py", line 63, in __call__
    await wrap_app_handling_exceptions(self.app, conn)(scope, receive, send)
  File "/home/neelam/orchestrator/backend/venv/lib/python3.12/site-packages/starlette/_exception_handler.py", line 53, in wrapped_app
    raise exc
  File "/home/neelam/orchestrator/backend/venv/lib/python3.12/site-packages/starlette/_exception_handler.py", line 42, in wrapped_app
    await app(scope, receive, sender)
  File "/home/neelam/orchestrator/backend/venv/lib/python3.12/site-packages/fastapi/middleware/asyncexitstack.py", line 18, in __call__
    await self.app(scope, receive, send)
  File "/home/neelam/orchestrator/backend/venv/lib/python3.12/site-packages/starlette/routing.py", line 660, in __call__
    await self.middleware_stack(scope, receive, send)
  File "/home/neelam/orchestrator/backend/venv/lib/python3.12/site-packages/starlette/routing.py", line 680, in app
    await route.handle(scope, receive, send)
  File "/home/neelam/orchestrator/backend/venv/lib/python3.12/site-packages/starlette/routing.py", line 276, in handle
    await self.app(scope, receive, send)
  File "/home/neelam/orchestrator/backend/venv/lib/python3.12/site-packages/fastapi/routing.py", line 134, in app
    await wrap_app_handling_exceptions(app, request)(scope, receive, send)
  File "/home/neelam/orchestrator/backend/venv/lib/python3.12/site-packages/starlette/_exception_handler.py", line 53, in wrapped_app
    raise exc
  File "/home/neelam/orchestrator/backend/venv/lib/python3.12/site-packages/starlette/_exception_handler.py", line 42, in wrapped_app
    await app(scope, receive, sender)
  File "/home/neelam/orchestrator/backend/venv/lib/python3.12/site-packages/fastapi/routing.py", line 120, in app
    response = await f(request)
               ^^^^^^^^^^^^^^^^
  File "/home/neelam/orchestrator/backend/venv/lib/python3.12/site-packages/fastapi/routing.py", line 674, in app
    raw_response = await run_endpoint_function(
                   ^^^^^^^^^^^^^^^^^^^^^^^^^^^^
  File "/home/neelam/orchestrator/backend/venv/lib/python3.12/site-packages/fastapi/routing.py", line 328, in run_endpoint_function
    return await dependant.call(**values)
           ^^^^^^^^^^^^^^^^^^^^^^^^^^^^^^
  File "/home/neelam/orchestrator/backend/app/routes/eda.py", line 706, in observatory
    domain_runs = await _domain_runs(job_id, db)
                  ^^^^^^^^^^^^^^^^^^^^^^^^^^^^^^
  File "/home/neelam/orchestrator/backend/app/routes/eda.py", line 568, in _domain_runs
    gv = _safe_load(corpus_dir / "graph_validation.json") or {}
         ^^^^^^^^^^^^^^^^^^^^^^^^^^^^^^^^^^^^^^^^^^^^^^^^
  File "/home/neelam/orchestrator/backend/app/routes/eda.py", line 31, in _safe_load
    if not path.is_file():
           ^^^^^^^^^^^^^^
  File "/usr/lib/python3.12/pathlib.py", line 894, in is_file
    return S_ISREG(self.stat().st_mode)
                   ^^^^^^^^^^^
  File "/usr/lib/python3.12/pathlib.py", line 842, in stat
    return os.stat(self, follow_symlinks=follow_symlinks)
           ^^^^^^^^^^^^^^^^^^^^^^^^^^^^^^^^^^^^^^^^^^^^^^
PermissionError: [Errno 13] Permission denied: '/home/kumar1/orchestrator/corpus_store/5f8d7f5d-626c-4618-9139-5bf39954299f/graph_validation.json'
INFO:     127.0.0.1:47070 - "GET /api/v1/eda/observatory/a561dfc6-3159-4891-9f4a-0c8c919312fe HTTP/1.1" 500 Internal Server Error
ERROR:    Exception in ASGI application
Traceback (most recent call last):
  File "/home/neelam/orchestrator/backend/venv/lib/python3.12/site-packages/uvicorn/protocols/http/h11_impl.py", line 415, in run_asgi
    result = await app(  # type: ignore[func-returns-value]
             ^^^^^^^^^^^^^^^^^^^^^^^^^^^^^^^^^^^^^^^^^^^^^^
  File "/home/neelam/orchestrator/backend/venv/lib/python3.12/site-packages/uvicorn/middleware/proxy_headers.py", line 63, in __call__
    return await self.app(scope, receive, send)
           ^^^^^^^^^^^^^^^^^^^^^^^^^^^^^^^^^^^^
  File "/home/neelam/orchestrator/backend/venv/lib/python3.12/site-packages/fastapi/applications.py", line 1159, in __call__
    await super().__call__(scope, receive, send)
  File "/home/neelam/orchestrator/backend/venv/lib/python3.12/site-packages/starlette/applications.py", line 90, in __call__
    await self.middleware_stack(scope, receive, send)
  File "/home/neelam/orchestrator/backend/venv/lib/python3.12/site-packages/starlette/middleware/errors.py", line 186, in __call__
    raise exc
  File "/home/neelam/orchestrator/backend/venv/lib/python3.12/site-packages/starlette/middleware/errors.py", line 164, in __call__
    await self.app(scope, receive, _send)
  File "/home/neelam/orchestrator/backend/venv/lib/python3.12/site-packages/starlette/middleware/cors.py", line 88, in __call__
    await self.app(scope, receive, send)
  File "/home/neelam/orchestrator/backend/venv/lib/python3.12/site-packages/starlette/middleware/exceptions.py", line 63, in __call__
    await wrap_app_handling_exceptions(self.app, conn)(scope, receive, send)
  File "/home/neelam/orchestrator/backend/venv/lib/python3.12/site-packages/starlette/_exception_handler.py", line 53, in wrapped_app
    raise exc
  File "/home/neelam/orchestrator/backend/venv/lib/python3.12/site-packages/starlette/_exception_handler.py", line 42, in wrapped_app
    await app(scope, receive, sender)
  File "/home/neelam/orchestrator/backend/venv/lib/python3.12/site-packages/fastapi/middleware/asyncexitstack.py", line 18, in __call__
    await self.app(scope, receive, send)
  File "/home/neelam/orchestrator/backend/venv/lib/python3.12/site-packages/starlette/routing.py", line 660, in __call__
    await self.middleware_stack(scope, receive, send)
  File "/home/neelam/orchestrator/backend/venv/lib/python3.12/site-packages/starlette/routing.py", line 680, in app
    await route.handle(scope, receive, send)
  File "/home/neelam/orchestrator/backend/venv/lib/python3.12/site-packages/starlette/routing.py", line 276, in handle
    await self.app(scope, receive, send)
  File "/home/neelam/orchestrator/backend/venv/lib/python3.12/site-packages/fastapi/routing.py", line 134, in app
    await wrap_app_handling_exceptions(app, request)(scope, receive, send)
  File "/home/neelam/orchestrator/backend/venv/lib/python3.12/site-packages/starlette/_exception_handler.py", line 53, in wrapped_app
    raise exc
  File "/home/neelam/orchestrator/backend/venv/lib/python3.12/site-packages/starlette/_exception_handler.py", line 42, in wrapped_app
    await app(scope, receive, sender)
  File "/home/neelam/orchestrator/backend/venv/lib/python3.12/site-packages/fastapi/routing.py", line 120, in app
    response = await f(request)
               ^^^^^^^^^^^^^^^^
  File "/home/neelam/orchestrator/backend/venv/lib/python3.12/site-packages/fastapi/routing.py", line 674, in app
    raw_response = await run_endpoint_function(
                   ^^^^^^^^^^^^^^^^^^^^^^^^^^^^
  File "/home/neelam/orchestrator/backend/venv/lib/python3.12/site-packages/fastapi/routing.py", line 328, in run_endpoint_function
    return await dependant.call(**values)
           ^^^^^^^^^^^^^^^^^^^^^^^^^^^^^^
  File "/home/neelam/orchestrator/backend/app/routes/eda.py", line 706, in observatory
    domain_runs = await _domain_runs(job_id, db)
                  ^^^^^^^^^^^^^^^^^^^^^^^^^^^^^^
  File "/home/neelam/orchestrator/backend/app/routes/eda.py", line 568, in _domain_runs
    gv = _safe_load(corpus_dir / "graph_validation.json") or {}
         ^^^^^^^^^^^^^^^^^^^^^^^^^^^^^^^^^^^^^^^^^^^^^^^^
  File "/home/neelam/orchestrator/backend/app/routes/eda.py", line 31, in _safe_load
    if not path.is_file():
           ^^^^^^^^^^^^^^
  File "/usr/lib/python3.12/pathlib.py", line 894, in is_file
    return S_ISREG(self.stat().st_mode)
                   ^^^^^^^^^^^
  File "/usr/lib/python3.12/pathlib.py", line 842, in stat
    return os.stat(self, follow_symlinks=follow_symlinks)
           ^^^^^^^^^^^^^^^^^^^^^^^^^^^^^^^^^^^^^^^^^^^^^^
PermissionError: [Errno 13] Permission denied: '/home/kumar1/orchestrator/corpus_store/5f8d7f5d-626c-4618-9139-5bf39954299f/graph_validation.json'
INFO:     127.0.0.1:42006 - "GET /api/v1/data/intelligence/a561dfc6-3159-4891-9f4a-0c8c919312fe HTTP/1.1" 200 OK
INFO:     127.0.0.1:50746 - "GET /api/v1/data/corpora HTTP/1.1" 200 OK
INFO:     127.0.0.1:50750 - "GET /api/v1/eda/observatory/a561dfc6-3159-4891-9f4a-0c8c919312fe HTTP/1.1" 500 Internal Server Error
ERROR:    Exception in ASGI application
Traceback (most recent call last):
  File "/home/neelam/orchestrator/backend/venv/lib/python3.12/site-packages/uvicorn/protocols/http/h11_impl.py", line 415, in run_asgi
    result = await app(  # type: ignore[func-returns-value]
             ^^^^^^^^^^^^^^^^^^^^^^^^^^^^^^^^^^^^^^^^^^^^^^
  File "/home/neelam/orchestrator/backend/venv/lib/python3.12/site-packages/uvicorn/middleware/proxy_headers.py", line 63, in __call__
    return await self.app(scope, receive, send)
           ^^^^^^^^^^^^^^^^^^^^^^^^^^^^^^^^^^^^
  File "/home/neelam/orchestrator/backend/venv/lib/python3.12/site-packages/fastapi/applications.py", line 1159, in __call__
    await super().__call__(scope, receive, send)
  File "/home/neelam/orchestrator/backend/venv/lib/python3.12/site-packages/starlette/applications.py", line 90, in __call__
    await self.middleware_stack(scope, receive, send)
  File "/home/neelam/orchestrator/backend/venv/lib/python3.12/site-packages/starlette/middleware/errors.py", line 186, in __call__
    raise exc
  File "/home/neelam/orchestrator/backend/venv/lib/python3.12/site-packages/starlette/middleware/errors.py", line 164, in __call__
    await self.app(scope, receive, _send)
  File "/home/neelam/orchestrator/backend/venv/lib/python3.12/site-packages/starlette/middleware/cors.py", line 88, in __call__
    await self.app(scope, receive, send)
  File "/home/neelam/orchestrator/backend/venv/lib/python3.12/site-packages/starlette/middleware/exceptions.py", line 63, in __call__
    await wrap_app_handling_exceptions(self.app, conn)(scope, receive, send)
  File "/home/neelam/orchestrator/backend/venv/lib/python3.12/site-packages/starlette/_exception_handler.py", line 53, in wrapped_app
    raise exc
  File "/home/neelam/orchestrator/backend/venv/lib/python3.12/site-packages/starlette/_exception_handler.py", line 42, in wrapped_app
    await app(scope, receive, sender)
  File "/home/neelam/orchestrator/backend/venv/lib/python3.12/site-packages/fastapi/middleware/asyncexitstack.py", line 18, in __call__
    await self.app(scope, receive, send)
  File "/home/neelam/orchestrator/backend/venv/lib/python3.12/site-packages/starlette/routing.py", line 660, in __call__
    await self.middleware_stack(scope, receive, send)
  File "/home/neelam/orchestrator/backend/venv/lib/python3.12/site-packages/starlette/routing.py", line 680, in app
    await route.handle(scope, receive, send)
  File "/home/neelam/orchestrator/backend/venv/lib/python3.12/site-packages/starlette/routing.py", line 276, in handle
    await self.app(scope, receive, send)
  File "/home/neelam/orchestrator/backend/venv/lib/python3.12/site-packages/fastapi/routing.py", line 134, in app
    await wrap_app_handling_exceptions(app, request)(scope, receive, send)
  File "/home/neelam/orchestrator/backend/venv/lib/python3.12/site-packages/starlette/_exception_handler.py", line 53, in wrapped_app
    raise exc
  File "/home/neelam/orchestrator/backend/venv/lib/python3.12/site-packages/starlette/_exception_handler.py", line 42, in wrapped_app
    await app(scope, receive, sender)
  File "/home/neelam/orchestrator/backend/venv/lib/python3.12/site-packages/fastapi/routing.py", line 120, in app
    response = await f(request)
               ^^^^^^^^^^^^^^^^
  File "/home/neelam/orchestrator/backend/venv/lib/python3.12/site-packages/fastapi/routing.py", line 674, in app
    raw_response = await run_endpoint_function(
                   ^^^^^^^^^^^^^^^^^^^^^^^^^^^^
  File "/home/neelam/orchestrator/backend/venv/lib/python3.12/site-packages/fastapi/routing.py", line 328, in run_endpoint_function
    return await dependant.call(**values)
           ^^^^^^^^^^^^^^^^^^^^^^^^^^^^^^
  File "/home/neelam/orchestrator/backend/app/routes/eda.py", line 706, in observatory
    domain_runs = await _domain_runs(job_id, db)
                  ^^^^^^^^^^^^^^^^^^^^^^^^^^^^^^
  File "/home/neelam/orchestrator/backend/app/routes/eda.py", line 568, in _domain_runs
    gv = _safe_load(corpus_dir / "graph_validation.json") or {}
         ^^^^^^^^^^^^^^^^^^^^^^^^^^^^^^^^^^^^^^^^^^^^^^^^
  File "/home/neelam/orchestrator/backend/app/routes/eda.py", line 31, in _safe_load
    if not path.is_file():
           ^^^^^^^^^^^^^^
  File "/usr/lib/python3.12/pathlib.py", line 894, in is_file
    return S_ISREG(self.stat().st_mode)
                   ^^^^^^^^^^^
  File "/usr/lib/python3.12/pathlib.py", line 842, in stat
    return os.stat(self, follow_symlinks=follow_symlinks)
           ^^^^^^^^^^^^^^^^^^^^^^^^^^^^^^^^^^^^^^^^^^^^^^
PermissionError: [Errno 13] Permission denied: '/home/kumar1/orchestrator/corpus_store/5f8d7f5d-626c-4618-9139-5bf39954299f/graph_validation.json'
INFO:     127.0.0.1:50762 - "GET /api/v1/eda/observatory/a561dfc6-3159-4891-9f4a-0c8c919312fe HTTP/1.1" 500 Internal Server Error
ERROR:    Exception in ASGI application
Traceback (most recent call last):
  File "/home/neelam/orchestrator/backend/venv/lib/python3.12/site-packages/uvicorn/protocols/http/h11_impl.py", line 415, in run_asgi
    result = await app(  # type: ignore[func-returns-value]
             ^^^^^^^^^^^^^^^^^^^^^^^^^^^^^^^^^^^^^^^^^^^^^^
  File "/home/neelam/orchestrator/backend/venv/lib/python3.12/site-packages/uvicorn/middleware/proxy_headers.py", line 63, in __call__
    return await self.app(scope, receive, send)
           ^^^^^^^^^^^^^^^^^^^^^^^^^^^^^^^^^^^^
  File "/home/neelam/orchestrator/backend/venv/lib/python3.12/site-packages/fastapi/applications.py", line 1159, in __call__
    await super().__call__(scope, receive, send)
  File "/home/neelam/orchestrator/backend/venv/lib/python3.12/site-packages/starlette/applications.py", line 90, in __call__
    await self.middleware_stack(scope, receive, send)
  File "/home/neelam/orchestrator/backend/venv/lib/python3.12/site-packages/starlette/middleware/errors.py", line 186, in __call__
    raise exc
  File "/home/neelam/orchestrator/backend/venv/lib/python3.12/site-packages/starlette/middleware/errors.py", line 164, in __call__
    await self.app(scope, receive, _send)
  File "/home/neelam/orchestrator/backend/venv/lib/python3.12/site-packages/starlette/middleware/cors.py", line 88, in __call__
    await self.app(scope, receive, send)
  File "/home/neelam/orchestrator/backend/venv/lib/python3.12/site-packages/starlette/middleware/exceptions.py", line 63, in __call__
    await wrap_app_handling_exceptions(self.app, conn)(scope, receive, send)
  File "/home/neelam/orchestrator/backend/venv/lib/python3.12/site-packages/starlette/_exception_handler.py", line 53, in wrapped_app
    raise exc
  File "/home/neelam/orchestrator/backend/venv/lib/python3.12/site-packages/starlette/_exception_handler.py", line 42, in wrapped_app
    await app(scope, receive, sender)
  File "/home/neelam/orchestrator/backend/venv/lib/python3.12/site-packages/fastapi/middleware/asyncexitstack.py", line 18, in __call__
    await self.app(scope, receive, send)
  File "/home/neelam/orchestrator/backend/venv/lib/python3.12/site-packages/starlette/routing.py", line 660, in __call__
    await self.middleware_stack(scope, receive, send)
  File "/home/neelam/orchestrator/backend/venv/lib/python3.12/site-packages/starlette/routing.py", line 680, in app
    await route.handle(scope, receive, send)
  File "/home/neelam/orchestrator/backend/venv/lib/python3.12/site-packages/starlette/routing.py", line 276, in handle
    await self.app(scope, receive, send)
  File "/home/neelam/orchestrator/backend/venv/lib/python3.12/site-packages/fastapi/routing.py", line 134, in app
    await wrap_app_handling_exceptions(app, request)(scope, receive, send)
  File "/home/neelam/orchestrator/backend/venv/lib/python3.12/site-packages/starlette/_exception_handler.py", line 53, in wrapped_app
    raise exc
  File "/home/neelam/orchestrator/backend/venv/lib/python3.12/site-packages/starlette/_exception_handler.py", line 42, in wrapped_app
    await app(scope, receive, sender)
  File "/home/neelam/orchestrator/backend/venv/lib/python3.12/site-packages/fastapi/routing.py", line 120, in app
    response = await f(request)
               ^^^^^^^^^^^^^^^^
  File "/home/neelam/orchestrator/backend/venv/lib/python3.12/site-packages/fastapi/routing.py", line 674, in app
    raw_response = await run_endpoint_function(
                   ^^^^^^^^^^^^^^^^^^^^^^^^^^^^
  File "/home/neelam/orchestrator/backend/venv/lib/python3.12/site-packages/fastapi/routing.py", line 328, in run_endpoint_function
    return await dependant.call(**values)
           ^^^^^^^^^^^^^^^^^^^^^^^^^^^^^^
  File "/home/neelam/orchestrator/backend/app/routes/eda.py", line 706, in observatory
    domain_runs = await _domain_runs(job_id, db)
                  ^^^^^^^^^^^^^^^^^^^^^^^^^^^^^^
  File "/home/neelam/orchestrator/backend/app/routes/eda.py", line 568, in _domain_runs
    gv = _safe_load(corpus_dir / "graph_validation.json") or {}
         ^^^^^^^^^^^^^^^^^^^^^^^^^^^^^^^^^^^^^^^^^^^^^^^^
  File "/home/neelam/orchestrator/backend/app/routes/eda.py", line 31, in _safe_load
    if not path.is_file():
           ^^^^^^^^^^^^^^
  File "/usr/lib/python3.12/pathlib.py", line 894, in is_file
    return S_ISREG(self.stat().st_mode)
                   ^^^^^^^^^^^
  File "/usr/lib/python3.12/pathlib.py", line 842, in stat
    return os.stat(self, follow_symlinks=follow_symlinks)
           ^^^^^^^^^^^^^^^^^^^^^^^^^^^^^^^^^^^^^^^^^^^^^^
PermissionError: [Errno 13] Permission denied: '/home/kumar1/orchestrator/corpus_store/5f8d7f5d-626c-4618-9139-5bf39954299f/graph_validation.json'
INFO:     127.0.0.1:50778 - "GET /api/v1/data/corpora HTTP/1.1" 200 OK
INFO:     127.0.0.1:50782 - "GET /api/v1/eda/observatory/a561dfc6-3159-4891-9f4a-0c8c919312fe HTTP/1.1" 500 Internal Server Error
ERROR:    Exception in ASGI application
Traceback (most recent call last):
  File "/home/neelam/orchestrator/backend/venv/lib/python3.12/site-packages/uvicorn/protocols/http/h11_impl.py", line 415, in run_asgi
    result = await app(  # type: ignore[func-returns-value]
             ^^^^^^^^^^^^^^^^^^^^^^^^^^^^^^^^^^^^^^^^^^^^^^
  File "/home/neelam/orchestrator/backend/venv/lib/python3.12/site-packages/uvicorn/middleware/proxy_headers.py", line 63, in __call__
    return await self.app(scope, receive, send)
           ^^^^^^^^^^^^^^^^^^^^^^^^^^^^^^^^^^^^
  File "/home/neelam/orchestrator/backend/venv/lib/python3.12/site-packages/fastapi/applications.py", line 1159, in __call__
    await super().__call__(scope, receive, send)
  File "/home/neelam/orchestrator/backend/venv/lib/python3.12/site-packages/starlette/applications.py", line 90, in __call__
    await self.middleware_stack(scope, receive, send)
  File "/home/neelam/orchestrator/backend/venv/lib/python3.12/site-packages/starlette/middleware/errors.py", line 186, in __call__
    raise exc
  File "/home/neelam/orchestrator/backend/venv/lib/python3.12/site-packages/starlette/middleware/errors.py", line 164, in __call__
    await self.app(scope, receive, _send)
  File "/home/neelam/orchestrator/backend/venv/lib/python3.12/site-packages/starlette/middleware/cors.py", line 88, in __call__
    await self.app(scope, receive, send)
  File "/home/neelam/orchestrator/backend/venv/lib/python3.12/site-packages/starlette/middleware/exceptions.py", line 63, in __call__
    await wrap_app_handling_exceptions(self.app, conn)(scope, receive, send)
  File "/home/neelam/orchestrator/backend/venv/lib/python3.12/site-packages/starlette/_exception_handler.py", line 53, in wrapped_app
    raise exc
  File "/home/neelam/orchestrator/backend/venv/lib/python3.12/site-packages/starlette/_exception_handler.py", line 42, in wrapped_app
    await app(scope, receive, sender)
  File "/home/neelam/orchestrator/backend/venv/lib/python3.12/site-packages/fastapi/middleware/asyncexitstack.py", line 18, in __call__
    await self.app(scope, receive, send)
  File "/home/neelam/orchestrator/backend/venv/lib/python3.12/site-packages/starlette/routing.py", line 660, in __call__
    await self.middleware_stack(scope, receive, send)
  File "/home/neelam/orchestrator/backend/venv/lib/python3.12/site-packages/starlette/routing.py", line 680, in app
    await route.handle(scope, receive, send)
  File "/home/neelam/orchestrator/backend/venv/lib/python3.12/site-packages/starlette/routing.py", line 276, in handle
    await self.app(scope, receive, send)
  File "/home/neelam/orchestrator/backend/venv/lib/python3.12/site-packages/fastapi/routing.py", line 134, in app
    await wrap_app_handling_exceptions(app, request)(scope, receive, send)
  File "/home/neelam/orchestrator/backend/venv/lib/python3.12/site-packages/starlette/_exception_handler.py", line 53, in wrapped_app
    raise exc
  File "/home/neelam/orchestrator/backend/venv/lib/python3.12/site-packages/starlette/_exception_handler.py", line 42, in wrapped_app
    await app(scope, receive, sender)
  File "/home/neelam/orchestrator/backend/venv/lib/python3.12/site-packages/fastapi/routing.py", line 120, in app
    response = await f(request)
               ^^^^^^^^^^^^^^^^
  File "/home/neelam/orchestrator/backend/venv/lib/python3.12/site-packages/fastapi/routing.py", line 674, in app
    raw_response = await run_endpoint_function(
                   ^^^^^^^^^^^^^^^^^^^^^^^^^^^^
  File "/home/neelam/orchestrator/backend/venv/lib/python3.12/site-packages/fastapi/routing.py", line 328, in run_endpoint_function
    return await dependant.call(**values)
           ^^^^^^^^^^^^^^^^^^^^^^^^^^^^^^
  File "/home/neelam/orchestrator/backend/app/routes/eda.py", line 706, in observatory
    domain_runs = await _domain_runs(job_id, db)
                  ^^^^^^^^^^^^^^^^^^^^^^^^^^^^^^
  File "/home/neelam/orchestrator/backend/app/routes/eda.py", line 568, in _domain_runs
    gv = _safe_load(corpus_dir / "graph_validation.json") or {}
         ^^^^^^^^^^^^^^^^^^^^^^^^^^^^^^^^^^^^^^^^^^^^^^^^
  File "/home/neelam/orchestrator/backend/app/routes/eda.py", line 31, in _safe_load
    if not path.is_file():
           ^^^^^^^^^^^^^^
  File "/usr/lib/python3.12/pathlib.py", line 894, in is_file
    return S_ISREG(self.stat().st_mode)
                   ^^^^^^^^^^^
  File "/usr/lib/python3.12/pathlib.py", line 842, in stat
    return os.stat(self, follow_symlinks=follow_symlinks)
           ^^^^^^^^^^^^^^^^^^^^^^^^^^^^^^^^^^^^^^^^^^^^^^
PermissionError: [Errno 13] Permission denied: '/home/kumar1/orchestrator/corpus_store/5f8d7f5d-626c-4618-9139-5bf39954299f/graph_validation.json'
INFO:     127.0.0.1:50784 - "GET /api/v1/eda/observatory/a561dfc6-3159-4891-9f4a-0c8c919312fe HTTP/1.1" 500 Internal Server Error
ERROR:    Exception in ASGI application
Traceback (most recent call last):
  File "/home/neelam/orchestrator/backend/venv/lib/python3.12/site-packages/uvicorn/protocols/http/h11_impl.py", line 415, in run_asgi
    result = await app(  # type: ignore[func-returns-value]
             ^^^^^^^^^^^^^^^^^^^^^^^^^^^^^^^^^^^^^^^^^^^^^^
  File "/home/neelam/orchestrator/backend/venv/lib/python3.12/site-packages/uvicorn/middleware/proxy_headers.py", line 63, in __call__
    return await self.app(scope, receive, send)
           ^^^^^^^^^^^^^^^^^^^^^^^^^^^^^^^^^^^^
  File "/home/neelam/orchestrator/backend/venv/lib/python3.12/site-packages/fastapi/applications.py", line 1159, in __call__
    await super().__call__(scope, receive, send)
  File "/home/neelam/orchestrator/backend/venv/lib/python3.12/site-packages/starlette/applications.py", line 90, in __call__
    await self.middleware_stack(scope, receive, send)
  File "/home/neelam/orchestrator/backend/venv/lib/python3.12/site-packages/starlette/middleware/errors.py", line 186, in __call__
    raise exc
  File "/home/neelam/orchestrator/backend/venv/lib/python3.12/site-packages/starlette/middleware/errors.py", line 164, in __call__
    await self.app(scope, receive, _send)
  File "/home/neelam/orchestrator/backend/venv/lib/python3.12/site-packages/starlette/middleware/cors.py", line 88, in __call__
    await self.app(scope, receive, send)
  File "/home/neelam/orchestrator/backend/venv/lib/python3.12/site-packages/starlette/middleware/exceptions.py", line 63, in __call__
    await wrap_app_handling_exceptions(self.app, conn)(scope, receive, send)
  File "/home/neelam/orchestrator/backend/venv/lib/python3.12/site-packages/starlette/_exception_handler.py", line 53, in wrapped_app
    raise exc
  File "/home/neelam/orchestrator/backend/venv/lib/python3.12/site-packages/starlette/_exception_handler.py", line 42, in wrapped_app
    await app(scope, receive, sender)
  File "/home/neelam/orchestrator/backend/venv/lib/python3.12/site-packages/fastapi/middleware/asyncexitstack.py", line 18, in __call__
    await self.app(scope, receive, send)
  File "/home/neelam/orchestrator/backend/venv/lib/python3.12/site-packages/starlette/routing.py", line 660, in __call__
    await self.middleware_stack(scope, receive, send)
  File "/home/neelam/orchestrator/backend/venv/lib/python3.12/site-packages/starlette/routing.py", line 680, in app
    await route.handle(scope, receive, send)
  File "/home/neelam/orchestrator/backend/venv/lib/python3.12/site-packages/starlette/routing.py", line 276, in handle
    await self.app(scope, receive, send)
  File "/home/neelam/orchestrator/backend/venv/lib/python3.12/site-packages/fastapi/routing.py", line 134, in app
    await wrap_app_handling_exceptions(app, request)(scope, receive, send)
  File "/home/neelam/orchestrator/backend/venv/lib/python3.12/site-packages/starlette/_exception_handler.py", line 53, in wrapped_app
    raise exc
  File "/home/neelam/orchestrator/backend/venv/lib/python3.12/site-packages/starlette/_exception_handler.py", line 42, in wrapped_app
    await app(scope, receive, sender)
  File "/home/neelam/orchestrator/backend/venv/lib/python3.12/site-packages/fastapi/routing.py", line 120, in app
    response = await f(request)
               ^^^^^^^^^^^^^^^^
  File "/home/neelam/orchestrator/backend/venv/lib/python3.12/site-packages/fastapi/routing.py", line 674, in app
    raw_response = await run_endpoint_function(
                   ^^^^^^^^^^^^^^^^^^^^^^^^^^^^
  File "/home/neelam/orchestrator/backend/venv/lib/python3.12/site-packages/fastapi/routing.py", line 328, in run_endpoint_function
    return await dependant.call(**values)
           ^^^^^^^^^^^^^^^^^^^^^^^^^^^^^^
  File "/home/neelam/orchestrator/backend/app/routes/eda.py", line 706, in observatory
    domain_runs = await _domain_runs(job_id, db)
                  ^^^^^^^^^^^^^^^^^^^^^^^^^^^^^^
  File "/home/neelam/orchestrator/backend/app/routes/eda.py", line 568, in _domain_runs
    gv = _safe_load(corpus_dir / "graph_validation.json") or {}
         ^^^^^^^^^^^^^^^^^^^^^^^^^^^^^^^^^^^^^^^^^^^^^^^^
  File "/home/neelam/orchestrator/backend/app/routes/eda.py", line 31, in _safe_load
    if not path.is_file():
           ^^^^^^^^^^^^^^
  File "/usr/lib/python3.12/pathlib.py", line 894, in is_file
    return S_ISREG(self.stat().st_mode)
                   ^^^^^^^^^^^
  File "/usr/lib/python3.12/pathlib.py", line 842, in stat
    return os.stat(self, follow_symlinks=follow_symlinks)
           ^^^^^^^^^^^^^^^^^^^^^^^^^^^^^^^^^^^^^^^^^^^^^^
PermissionError: [Errno 13] Permission denied: '/home/kumar1/orchestrator/corpus_store/5f8d7f5d-626c-4618-9139-5bf39954299f/graph_validation.json'
INFO:     127.0.0.1:47012 - "GET /api/v1/data/corpora HTTP/1.1" 200 OK
INFO:     127.0.0.1:47020 - "GET /api/v1/eda/observatory/a561dfc6-3159-4891-9f4a-0c8c919312fe HTTP/1.1" 500 Internal Server Error
ERROR:    Exception in ASGI application
Traceback (most recent call last):
  File "/home/neelam/orchestrator/backend/venv/lib/python3.12/site-packages/uvicorn/protocols/http/h11_impl.py", line 415, in run_asgi
    result = await app(  # type: ignore[func-returns-value]
             ^^^^^^^^^^^^^^^^^^^^^^^^^^^^^^^^^^^^^^^^^^^^^^
  File "/home/neelam/orchestrator/backend/venv/lib/python3.12/site-packages/uvicorn/middleware/proxy_headers.py", line 63, in __call__
    return await self.app(scope, receive, send)
           ^^^^^^^^^^^^^^^^^^^^^^^^^^^^^^^^^^^^
  File "/home/neelam/orchestrator/backend/venv/lib/python3.12/site-packages/fastapi/applications.py", line 1159, in __call__
    await super().__call__(scope, receive, send)
  File "/home/neelam/orchestrator/backend/venv/lib/python3.12/site-packages/starlette/applications.py", line 90, in __call__
    await self.middleware_stack(scope, receive, send)
  File "/home/neelam/orchestrator/backend/venv/lib/python3.12/site-packages/starlette/middleware/errors.py", line 186, in __call__
    raise exc
  File "/home/neelam/orchestrator/backend/venv/lib/python3.12/site-packages/starlette/middleware/errors.py", line 164, in __call__
    await self.app(scope, receive, _send)
  File "/home/neelam/orchestrator/backend/venv/lib/python3.12/site-packages/starlette/middleware/cors.py", line 88, in __call__
    await self.app(scope, receive, send)
  File "/home/neelam/orchestrator/backend/venv/lib/python3.12/site-packages/starlette/middleware/exceptions.py", line 63, in __call__
    await wrap_app_handling_exceptions(self.app, conn)(scope, receive, send)
  File "/home/neelam/orchestrator/backend/venv/lib/python3.12/site-packages/starlette/_exception_handler.py", line 53, in wrapped_app
    raise exc
  File "/home/neelam/orchestrator/backend/venv/lib/python3.12/site-packages/starlette/_exception_handler.py", line 42, in wrapped_app
    await app(scope, receive, sender)
  File "/home/neelam/orchestrator/backend/venv/lib/python3.12/site-packages/fastapi/middleware/asyncexitstack.py", line 18, in __call__
    await self.app(scope, receive, send)
  File "/home/neelam/orchestrator/backend/venv/lib/python3.12/site-packages/starlette/routing.py", line 660, in __call__
    await self.middleware_stack(scope, receive, send)
  File "/home/neelam/orchestrator/backend/venv/lib/python3.12/site-packages/starlette/routing.py", line 680, in app
    await route.handle(scope, receive, send)
  File "/home/neelam/orchestrator/backend/venv/lib/python3.12/site-packages/starlette/routing.py", line 276, in handle
    await self.app(scope, receive, send)
  File "/home/neelam/orchestrator/backend/venv/lib/python3.12/site-packages/fastapi/routing.py", line 134, in app
    await wrap_app_handling_exceptions(app, request)(scope, receive, send)
  File "/home/neelam/orchestrator/backend/venv/lib/python3.12/site-packages/starlette/_exception_handler.py", line 53, in wrapped_app
    raise exc
  File "/home/neelam/orchestrator/backend/venv/lib/python3.12/site-packages/starlette/_exception_handler.py", line 42, in wrapped_app
    await app(scope, receive, sender)
  File "/home/neelam/orchestrator/backend/venv/lib/python3.12/site-packages/fastapi/routing.py", line 120, in app
    response = await f(request)
               ^^^^^^^^^^^^^^^^
  File "/home/neelam/orchestrator/backend/venv/lib/python3.12/site-packages/fastapi/routing.py", line 674, in app
    raw_response = await run_endpoint_function(
                   ^^^^^^^^^^^^^^^^^^^^^^^^^^^^
  File "/home/neelam/orchestrator/backend/venv/lib/python3.12/site-packages/fastapi/routing.py", line 328, in run_endpoint_function
    return await dependant.call(**values)
           ^^^^^^^^^^^^^^^^^^^^^^^^^^^^^^
  File "/home/neelam/orchestrator/backend/app/routes/eda.py", line 706, in observatory
    domain_runs = await _domain_runs(job_id, db)
                  ^^^^^^^^^^^^^^^^^^^^^^^^^^^^^^
  File "/home/neelam/orchestrator/backend/app/routes/eda.py", line 568, in _domain_runs
    gv = _safe_load(corpus_dir / "graph_validation.json") or {}
         ^^^^^^^^^^^^^^^^^^^^^^^^^^^^^^^^^^^^^^^^^^^^^^^^
  File "/home/neelam/orchestrator/backend/app/routes/eda.py", line 31, in _safe_load
    if not path.is_file():
           ^^^^^^^^^^^^^^
  File "/usr/lib/python3.12/pathlib.py", line 894, in is_file
    return S_ISREG(self.stat().st_mode)
                   ^^^^^^^^^^^
  File "/usr/lib/python3.12/pathlib.py", line 842, in stat
    return os.stat(self, follow_symlinks=follow_symlinks)
           ^^^^^^^^^^^^^^^^^^^^^^^^^^^^^^^^^^^^^^^^^^^^^^
PermissionError: [Errno 13] Permission denied: '/home/kumar1/orchestrator/corpus_store/5f8d7f5d-626c-4618-9139-5bf39954299f/graph_validation.json'
INFO:     127.0.0.1:47024 - "GET /api/v1/eda/observatory/a561dfc6-3159-4891-9f4a-0c8c919312fe HTTP/1.1" 500 Internal Server Error
ERROR:    Exception in ASGI application
Traceback (most recent call last):
  File "/home/neelam/orchestrator/backend/venv/lib/python3.12/site-packages/uvicorn/protocols/http/h11_impl.py", line 415, in run_asgi
    result = await app(  # type: ignore[func-returns-value]
             ^^^^^^^^^^^^^^^^^^^^^^^^^^^^^^^^^^^^^^^^^^^^^^
  File "/home/neelam/orchestrator/backend/venv/lib/python3.12/site-packages/uvicorn/middleware/proxy_headers.py", line 63, in __call__
    return await self.app(scope, receive, send)
           ^^^^^^^^^^^^^^^^^^^^^^^^^^^^^^^^^^^^
  File "/home/neelam/orchestrator/backend/venv/lib/python3.12/site-packages/fastapi/applications.py", line 1159, in __call__
    await super().__call__(scope, receive, send)
  File "/home/neelam/orchestrator/backend/venv/lib/python3.12/site-packages/starlette/applications.py", line 90, in __call__
    await self.middleware_stack(scope, receive, send)
  File "/home/neelam/orchestrator/backend/venv/lib/python3.12/site-packages/starlette/middleware/errors.py", line 186, in __call__
    raise exc
  File "/home/neelam/orchestrator/backend/venv/lib/python3.12/site-packages/starlette/middleware/errors.py", line 164, in __call__
    await self.app(scope, receive, _send)
  File "/home/neelam/orchestrator/backend/venv/lib/python3.12/site-packages/starlette/middleware/cors.py", line 88, in __call__
    await self.app(scope, receive, send)
  File "/home/neelam/orchestrator/backend/venv/lib/python3.12/site-packages/starlette/middleware/exceptions.py", line 63, in __call__
    await wrap_app_handling_exceptions(self.app, conn)(scope, receive, send)
  File "/home/neelam/orchestrator/backend/venv/lib/python3.12/site-packages/starlette/_exception_handler.py", line 53, in wrapped_app
    raise exc
  File "/home/neelam/orchestrator/backend/venv/lib/python3.12/site-packages/starlette/_exception_handler.py", line 42, in wrapped_app
    await app(scope, receive, sender)
  File "/home/neelam/orchestrator/backend/venv/lib/python3.12/site-packages/fastapi/middleware/asyncexitstack.py", line 18, in __call__
    await self.app(scope, receive, send)
  File "/home/neelam/orchestrator/backend/venv/lib/python3.12/site-packages/starlette/routing.py", line 660, in __call__
    await self.middleware_stack(scope, receive, send)
  File "/home/neelam/orchestrator/backend/venv/lib/python3.12/site-packages/starlette/routing.py", line 680, in app
    await route.handle(scope, receive, send)
  File "/home/neelam/orchestrator/backend/venv/lib/python3.12/site-packages/starlette/routing.py", line 276, in handle
    await self.app(scope, receive, send)
  File "/home/neelam/orchestrator/backend/venv/lib/python3.12/site-packages/fastapi/routing.py", line 134, in app
    await wrap_app_handling_exceptions(app, request)(scope, receive, send)
  File "/home/neelam/orchestrator/backend/venv/lib/python3.12/site-packages/starlette/_exception_handler.py", line 53, in wrapped_app
    raise exc
  File "/home/neelam/orchestrator/backend/venv/lib/python3.12/site-packages/starlette/_exception_handler.py", line 42, in wrapped_app
    await app(scope, receive, sender)
  File "/home/neelam/orchestrator/backend/venv/lib/python3.12/site-packages/fastapi/routing.py", line 120, in app
    response = await f(request)
               ^^^^^^^^^^^^^^^^
  File "/home/neelam/orchestrator/backend/venv/lib/python3.12/site-packages/fastapi/routing.py", line 674, in app
    raw_response = await run_endpoint_function(
                   ^^^^^^^^^^^^^^^^^^^^^^^^^^^^
  File "/home/neelam/orchestrator/backend/venv/lib/python3.12/site-packages/fastapi/routing.py", line 328, in run_endpoint_function
    return await dependant.call(**values)
           ^^^^^^^^^^^^^^^^^^^^^^^^^^^^^^
  File "/home/neelam/orchestrator/backend/app/routes/eda.py", line 706, in observatory
    domain_runs = await _domain_runs(job_id, db)
                  ^^^^^^^^^^^^^^^^^^^^^^^^^^^^^^
  File "/home/neelam/orchestrator/backend/app/routes/eda.py", line 568, in _domain_runs
    gv = _safe_load(corpus_dir / "graph_validation.json") or {}
         ^^^^^^^^^^^^^^^^^^^^^^^^^^^^^^^^^^^^^^^^^^^^^^^^
  File "/home/neelam/orchestrator/backend/app/routes/eda.py", line 31, in _safe_load
    if not path.is_file():
           ^^^^^^^^^^^^^^
  File "/usr/lib/python3.12/pathlib.py", line 894, in is_file
    return S_ISREG(self.stat().st_mode)
                   ^^^^^^^^^^^
  File "/usr/lib/python3.12/pathlib.py", line 842, in stat
    return os.stat(self, follow_symlinks=follow_symlinks)
           ^^^^^^^^^^^^^^^^^^^^^^^^^^^^^^^^^^^^^^^^^^^^^^
PermissionError: [Errno 13] Permission denied: '/home/kumar1/orchestrator/corpus_store/5f8d7f5d-626c-4618-9139-5bf39954299f/graph_validation.json'
INFO:     127.0.0.1:47026 - "GET /api/v1/data/corpora HTTP/1.1" 200 OK
INFO:     127.0.0.1:47030 - "GET /api/v1/eda/observatory/a561dfc6-3159-4891-9f4a-0c8c919312fe HTTP/1.1" 500 Internal Server Error
ERROR:    Exception in ASGI application
Traceback (most recent call last):
  File "/home/neelam/orchestrator/backend/venv/lib/python3.12/site-packages/uvicorn/protocols/http/h11_impl.py", line 415, in run_asgi
    result = await app(  # type: ignore[func-returns-value]
             ^^^^^^^^^^^^^^^^^^^^^^^^^^^^^^^^^^^^^^^^^^^^^^
  File "/home/neelam/orchestrator/backend/venv/lib/python3.12/site-packages/uvicorn/middleware/proxy_headers.py", line 63, in __call__
    return await self.app(scope, receive, send)
           ^^^^^^^^^^^^^^^^^^^^^^^^^^^^^^^^^^^^
  File "/home/neelam/orchestrator/backend/venv/lib/python3.12/site-packages/fastapi/applications.py", line 1159, in __call__
    await super().__call__(scope, receive, send)
  File "/home/neelam/orchestrator/backend/venv/lib/python3.12/site-packages/starlette/applications.py", line 90, in __call__
    await self.middleware_stack(scope, receive, send)
  File "/home/neelam/orchestrator/backend/venv/lib/python3.12/site-packages/starlette/middleware/errors.py", line 186, in __call__
    raise exc
  File "/home/neelam/orchestrator/backend/venv/lib/python3.12/site-packages/starlette/middleware/errors.py", line 164, in __call__
    await self.app(scope, receive, _send)
  File "/home/neelam/orchestrator/backend/venv/lib/python3.12/site-packages/starlette/middleware/cors.py", line 88, in __call__
    await self.app(scope, receive, send)
  File "/home/neelam/orchestrator/backend/venv/lib/python3.12/site-packages/starlette/middleware/exceptions.py", line 63, in __call__
    await wrap_app_handling_exceptions(self.app, conn)(scope, receive, send)
  File "/home/neelam/orchestrator/backend/venv/lib/python3.12/site-packages/starlette/_exception_handler.py", line 53, in wrapped_app
    raise exc
  File "/home/neelam/orchestrator/backend/venv/lib/python3.12/site-packages/starlette/_exception_handler.py", line 42, in wrapped_app
    await app(scope, receive, sender)
  File "/home/neelam/orchestrator/backend/venv/lib/python3.12/site-packages/fastapi/middleware/asyncexitstack.py", line 18, in __call__
    await self.app(scope, receive, send)
  File "/home/neelam/orchestrator/backend/venv/lib/python3.12/site-packages/starlette/routing.py", line 660, in __call__
    await self.middleware_stack(scope, receive, send)
  File "/home/neelam/orchestrator/backend/venv/lib/python3.12/site-packages/starlette/routing.py", line 680, in app
    await route.handle(scope, receive, send)
  File "/home/neelam/orchestrator/backend/venv/lib/python3.12/site-packages/starlette/routing.py", line 276, in handle
    await self.app(scope, receive, send)
  File "/home/neelam/orchestrator/backend/venv/lib/python3.12/site-packages/fastapi/routing.py", line 134, in app
    await wrap_app_handling_exceptions(app, request)(scope, receive, send)
  File "/home/neelam/orchestrator/backend/venv/lib/python3.12/site-packages/starlette/_exception_handler.py", line 53, in wrapped_app
    raise exc
  File "/home/neelam/orchestrator/backend/venv/lib/python3.12/site-packages/starlette/_exception_handler.py", line 42, in wrapped_app
    await app(scope, receive, sender)
  File "/home/neelam/orchestrator/backend/venv/lib/python3.12/site-packages/fastapi/routing.py", line 120, in app
    response = await f(request)
               ^^^^^^^^^^^^^^^^
  File "/home/neelam/orchestrator/backend/venv/lib/python3.12/site-packages/fastapi/routing.py", line 674, in app
    raw_response = await run_endpoint_function(
                   ^^^^^^^^^^^^^^^^^^^^^^^^^^^^
  File "/home/neelam/orchestrator/backend/venv/lib/python3.12/site-packages/fastapi/routing.py", line 328, in run_endpoint_function
    return await dependant.call(**values)
           ^^^^^^^^^^^^^^^^^^^^^^^^^^^^^^
  File "/home/neelam/orchestrator/backend/app/routes/eda.py", line 706, in observatory
    domain_runs = await _domain_runs(job_id, db)
                  ^^^^^^^^^^^^^^^^^^^^^^^^^^^^^^
  File "/home/neelam/orchestrator/backend/app/routes/eda.py", line 568, in _domain_runs
    gv = _safe_load(corpus_dir / "graph_validation.json") or {}
         ^^^^^^^^^^^^^^^^^^^^^^^^^^^^^^^^^^^^^^^^^^^^^^^^
  File "/home/neelam/orchestrator/backend/app/routes/eda.py", line 31, in _safe_load
    if not path.is_file():
           ^^^^^^^^^^^^^^
  File "/usr/lib/python3.12/pathlib.py", line 894, in is_file
    return S_ISREG(self.stat().st_mode)
                   ^^^^^^^^^^^
  File "/usr/lib/python3.12/pathlib.py", line 842, in stat
    return os.stat(self, follow_symlinks=follow_symlinks)
           ^^^^^^^^^^^^^^^^^^^^^^^^^^^^^^^^^^^^^^^^^^^^^^
PermissionError: [Errno 13] Permission denied: '/home/kumar1/orchestrator/corpus_store/5f8d7f5d-626c-4618-9139-5bf39954299f/graph_validation.json'
INFO:     127.0.0.1:47038 - "GET /api/v1/eda/observatory/a561dfc6-3159-4891-9f4a-0c8c919312fe HTTP/1.1" 500 Internal Server Error
ERROR:    Exception in ASGI application
Traceback (most recent call last):
  File "/home/neelam/orchestrator/backend/venv/lib/python3.12/site-packages/uvicorn/protocols/http/h11_impl.py", line 415, in run_asgi
    result = await app(  # type: ignore[func-returns-value]
             ^^^^^^^^^^^^^^^^^^^^^^^^^^^^^^^^^^^^^^^^^^^^^^
  File "/home/neelam/orchestrator/backend/venv/lib/python3.12/site-packages/uvicorn/middleware/proxy_headers.py", line 63, in __call__
    return await self.app(scope, receive, send)
           ^^^^^^^^^^^^^^^^^^^^^^^^^^^^^^^^^^^^
  File "/home/neelam/orchestrator/backend/venv/lib/python3.12/site-packages/fastapi/applications.py", line 1159, in __call__
    await super().__call__(scope, receive, send)
  File "/home/neelam/orchestrator/backend/venv/lib/python3.12/site-packages/starlette/applications.py", line 90, in __call__
    await self.middleware_stack(scope, receive, send)
  File "/home/neelam/orchestrator/backend/venv/lib/python3.12/site-packages/starlette/middleware/errors.py", line 186, in __call__
    raise exc
  File "/home/neelam/orchestrator/backend/venv/lib/python3.12/site-packages/starlette/middleware/errors.py", line 164, in __call__
    await self.app(scope, receive, _send)
  File "/home/neelam/orchestrator/backend/venv/lib/python3.12/site-packages/starlette/middleware/cors.py", line 88, in __call__
    await self.app(scope, receive, send)
  File "/home/neelam/orchestrator/backend/venv/lib/python3.12/site-packages/starlette/middleware/exceptions.py", line 63, in __call__
    await wrap_app_handling_exceptions(self.app, conn)(scope, receive, send)
  File "/home/neelam/orchestrator/backend/venv/lib/python3.12/site-packages/starlette/_exception_handler.py", line 53, in wrapped_app
    raise exc
  File "/home/neelam/orchestrator/backend/venv/lib/python3.12/site-packages/starlette/_exception_handler.py", line 42, in wrapped_app
    await app(scope, receive, sender)
  File "/home/neelam/orchestrator/backend/venv/lib/python3.12/site-packages/fastapi/middleware/asyncexitstack.py", line 18, in __call__
    await self.app(scope, receive, send)
  File "/home/neelam/orchestrator/backend/venv/lib/python3.12/site-packages/starlette/routing.py", line 660, in __call__
    await self.middleware_stack(scope, receive, send)
  File "/home/neelam/orchestrator/backend/venv/lib/python3.12/site-packages/starlette/routing.py", line 680, in app
    await route.handle(scope, receive, send)
  File "/home/neelam/orchestrator/backend/venv/lib/python3.12/site-packages/starlette/routing.py", line 276, in handle
    await self.app(scope, receive, send)
  File "/home/neelam/orchestrator/backend/venv/lib/python3.12/site-packages/fastapi/routing.py", line 134, in app
    await wrap_app_handling_exceptions(app, request)(scope, receive, send)
  File "/home/neelam/orchestrator/backend/venv/lib/python3.12/site-packages/starlette/_exception_handler.py", line 53, in wrapped_app
    raise exc
  File "/home/neelam/orchestrator/backend/venv/lib/python3.12/site-packages/starlette/_exception_handler.py", line 42, in wrapped_app
    await app(scope, receive, sender)
  File "/home/neelam/orchestrator/backend/venv/lib/python3.12/site-packages/fastapi/routing.py", line 120, in app
    response = await f(request)
               ^^^^^^^^^^^^^^^^
  File "/home/neelam/orchestrator/backend/venv/lib/python3.12/site-packages/fastapi/routing.py", line 674, in app
    raw_response = await run_endpoint_function(
                   ^^^^^^^^^^^^^^^^^^^^^^^^^^^^
  File "/home/neelam/orchestrator/backend/venv/lib/python3.12/site-packages/fastapi/routing.py", line 328, in run_endpoint_function
    return await dependant.call(**values)
           ^^^^^^^^^^^^^^^^^^^^^^^^^^^^^^
  File "/home/neelam/orchestrator/backend/app/routes/eda.py", line 706, in observatory
    domain_runs = await _domain_runs(job_id, db)
                  ^^^^^^^^^^^^^^^^^^^^^^^^^^^^^^
  File "/home/neelam/orchestrator/backend/app/routes/eda.py", line 568, in _domain_runs
    gv = _safe_load(corpus_dir / "graph_validation.json") or {}
         ^^^^^^^^^^^^^^^^^^^^^^^^^^^^^^^^^^^^^^^^^^^^^^^^
  File "/home/neelam/orchestrator/backend/app/routes/eda.py", line 31, in _safe_load
    if not path.is_file():
           ^^^^^^^^^^^^^^
  File "/usr/lib/python3.12/pathlib.py", line 894, in is_file
    return S_ISREG(self.stat().st_mode)
                   ^^^^^^^^^^^
  File "/usr/lib/python3.12/pathlib.py", line 842, in stat
    return os.stat(self, follow_symlinks=follow_symlinks)
           ^^^^^^^^^^^^^^^^^^^^^^^^^^^^^^^^^^^^^^^^^^^^^^
PermissionError: [Errno 13] Permission denied: '/home/kumar1/orchestrator/corpus_store/5f8d7f5d-626c-4618-9139-5bf39954299f/graph_validation.json'
INFO:     127.0.0.1:45538 - "GET /api/v1/data/corpora HTTP/1.1" 200 OK
INFO:     127.0.0.1:45552 - "GET /api/v1/eda/observatory/a561dfc6-3159-4891-9f4a-0c8c919312fe HTTP/1.1" 500 Internal Server Error
ERROR:    Exception in ASGI application
Traceback (most recent call last):
  File "/home/neelam/orchestrator/backend/venv/lib/python3.12/site-packages/uvicorn/protocols/http/h11_impl.py", line 415, in run_asgi
    result = await app(  # type: ignore[func-returns-value]
             ^^^^^^^^^^^^^^^^^^^^^^^^^^^^^^^^^^^^^^^^^^^^^^
  File "/home/neelam/orchestrator/backend/venv/lib/python3.12/site-packages/uvicorn/middleware/proxy_headers.py", line 63, in __call__
    return await self.app(scope, receive, send)
           ^^^^^^^^^^^^^^^^^^^^^^^^^^^^^^^^^^^^
  File "/home/neelam/orchestrator/backend/venv/lib/python3.12/site-packages/fastapi/applications.py", line 1159, in __call__
    await super().__call__(scope, receive, send)
  File "/home/neelam/orchestrator/backend/venv/lib/python3.12/site-packages/starlette/applications.py", line 90, in __call__
    await self.middleware_stack(scope, receive, send)
  File "/home/neelam/orchestrator/backend/venv/lib/python3.12/site-packages/starlette/middleware/errors.py", line 186, in __call__
    raise exc
  File "/home/neelam/orchestrator/backend/venv/lib/python3.12/site-packages/starlette/middleware/errors.py", line 164, in __call__
    await self.app(scope, receive, _send)
  File "/home/neelam/orchestrator/backend/venv/lib/python3.12/site-packages/starlette/middleware/cors.py", line 88, in __call__
    await self.app(scope, receive, send)
  File "/home/neelam/orchestrator/backend/venv/lib/python3.12/site-packages/starlette/middleware/exceptions.py", line 63, in __call__
    await wrap_app_handling_exceptions(self.app, conn)(scope, receive, send)
  File "/home/neelam/orchestrator/backend/venv/lib/python3.12/site-packages/starlette/_exception_handler.py", line 53, in wrapped_app
    raise exc
  File "/home/neelam/orchestrator/backend/venv/lib/python3.12/site-packages/starlette/_exception_handler.py", line 42, in wrapped_app
    await app(scope, receive, sender)
  File "/home/neelam/orchestrator/backend/venv/lib/python3.12/site-packages/fastapi/middleware/asyncexitstack.py", line 18, in __call__
    await self.app(scope, receive, send)
  File "/home/neelam/orchestrator/backend/venv/lib/python3.12/site-packages/starlette/routing.py", line 660, in __call__
    await self.middleware_stack(scope, receive, send)
  File "/home/neelam/orchestrator/backend/venv/lib/python3.12/site-packages/starlette/routing.py", line 680, in app
    await route.handle(scope, receive, send)
  File "/home/neelam/orchestrator/backend/venv/lib/python3.12/site-packages/starlette/routing.py", line 276, in handle
    await self.app(scope, receive, send)
  File "/home/neelam/orchestrator/backend/venv/lib/python3.12/site-packages/fastapi/routing.py", line 134, in app
    await wrap_app_handling_exceptions(app, request)(scope, receive, send)
  File "/home/neelam/orchestrator/backend/venv/lib/python3.12/site-packages/starlette/_exception_handler.py", line 53, in wrapped_app
    raise exc
  File "/home/neelam/orchestrator/backend/venv/lib/python3.12/site-packages/starlette/_exception_handler.py", line 42, in wrapped_app
    await app(scope, receive, sender)
  File "/home/neelam/orchestrator/backend/venv/lib/python3.12/site-packages/fastapi/routing.py", line 120, in app
    response = await f(request)
               ^^^^^^^^^^^^^^^^
  File "/home/neelam/orchestrator/backend/venv/lib/python3.12/site-packages/fastapi/routing.py", line 674, in app
    raw_response = await run_endpoint_function(
                   ^^^^^^^^^^^^^^^^^^^^^^^^^^^^
  File "/home/neelam/orchestrator/backend/venv/lib/python3.12/site-packages/fastapi/routing.py", line 328, in run_endpoint_function
    return await dependant.call(**values)
           ^^^^^^^^^^^^^^^^^^^^^^^^^^^^^^
  File "/home/neelam/orchestrator/backend/app/routes/eda.py", line 706, in observatory
    domain_runs = await _domain_runs(job_id, db)
                  ^^^^^^^^^^^^^^^^^^^^^^^^^^^^^^
  File "/home/neelam/orchestrator/backend/app/routes/eda.py", line 568, in _domain_runs
    gv = _safe_load(corpus_dir / "graph_validation.json") or {}
         ^^^^^^^^^^^^^^^^^^^^^^^^^^^^^^^^^^^^^^^^^^^^^^^^
  File "/home/neelam/orchestrator/backend/app/routes/eda.py", line 31, in _safe_load
    if not path.is_file():
           ^^^^^^^^^^^^^^
  File "/usr/lib/python3.12/pathlib.py", line 894, in is_file
    return S_ISREG(self.stat().st_mode)
                   ^^^^^^^^^^^
  File "/usr/lib/python3.12/pathlib.py", line 842, in stat
    return os.stat(self, follow_symlinks=follow_symlinks)
           ^^^^^^^^^^^^^^^^^^^^^^^^^^^^^^^^^^^^^^^^^^^^^^
PermissionError: [Errno 13] Permission denied: '/home/kumar1/orchestrator/corpus_store/5f8d7f5d-626c-4618-9139-5bf39954299f/graph_validation.json'
INFO:     127.0.0.1:45564 - "GET /api/v1/eda/observatory/a561dfc6-3159-4891-9f4a-0c8c919312fe HTTP/1.1" 500 Internal Server Error
ERROR:    Exception in ASGI application
Traceback (most recent call last):
  File "/home/neelam/orchestrator/backend/venv/lib/python3.12/site-packages/uvicorn/protocols/http/h11_impl.py", line 415, in run_asgi
    result = await app(  # type: ignore[func-returns-value]
             ^^^^^^^^^^^^^^^^^^^^^^^^^^^^^^^^^^^^^^^^^^^^^^
  File "/home/neelam/orchestrator/backend/venv/lib/python3.12/site-packages/uvicorn/middleware/proxy_headers.py", line 63, in __call__
    return await self.app(scope, receive, send)
           ^^^^^^^^^^^^^^^^^^^^^^^^^^^^^^^^^^^^
  File "/home/neelam/orchestrator/backend/venv/lib/python3.12/site-packages/fastapi/applications.py", line 1159, in __call__
    await super().__call__(scope, receive, send)
  File "/home/neelam/orchestrator/backend/venv/lib/python3.12/site-packages/starlette/applications.py", line 90, in __call__
    await self.middleware_stack(scope, receive, send)
  File "/home/neelam/orchestrator/backend/venv/lib/python3.12/site-packages/starlette/middleware/errors.py", line 186, in __call__
    raise exc
  File "/home/neelam/orchestrator/backend/venv/lib/python3.12/site-packages/starlette/middleware/errors.py", line 164, in __call__
    await self.app(scope, receive, _send)
  File "/home/neelam/orchestrator/backend/venv/lib/python3.12/site-packages/starlette/middleware/cors.py", line 88, in __call__
    await self.app(scope, receive, send)
  File "/home/neelam/orchestrator/backend/venv/lib/python3.12/site-packages/starlette/middleware/exceptions.py", line 63, in __call__
    await wrap_app_handling_exceptions(self.app, conn)(scope, receive, send)
  File "/home/neelam/orchestrator/backend/venv/lib/python3.12/site-packages/starlette/_exception_handler.py", line 53, in wrapped_app
    raise exc
  File "/home/neelam/orchestrator/backend/venv/lib/python3.12/site-packages/starlette/_exception_handler.py", line 42, in wrapped_app
    await app(scope, receive, sender)
  File "/home/neelam/orchestrator/backend/venv/lib/python3.12/site-packages/fastapi/middleware/asyncexitstack.py", line 18, in __call__
    await self.app(scope, receive, send)
  File "/home/neelam/orchestrator/backend/venv/lib/python3.12/site-packages/starlette/routing.py", line 660, in __call__
    await self.middleware_stack(scope, receive, send)
  File "/home/neelam/orchestrator/backend/venv/lib/python3.12/site-packages/starlette/routing.py", line 680, in app
    await route.handle(scope, receive, send)
  File "/home/neelam/orchestrator/backend/venv/lib/python3.12/site-packages/starlette/routing.py", line 276, in handle
    await self.app(scope, receive, send)
  File "/home/neelam/orchestrator/backend/venv/lib/python3.12/site-packages/fastapi/routing.py", line 134, in app
    await wrap_app_handling_exceptions(app, request)(scope, receive, send)
  File "/home/neelam/orchestrator/backend/venv/lib/python3.12/site-packages/starlette/_exception_handler.py", line 53, in wrapped_app
    raise exc
  File "/home/neelam/orchestrator/backend/venv/lib/python3.12/site-packages/starlette/_exception_handler.py", line 42, in wrapped_app
    await app(scope, receive, sender)
  File "/home/neelam/orchestrator/backend/venv/lib/python3.12/site-packages/fastapi/routing.py", line 120, in app
    response = await f(request)
               ^^^^^^^^^^^^^^^^
  File "/home/neelam/orchestrator/backend/venv/lib/python3.12/site-packages/fastapi/routing.py", line 674, in app
    raw_response = await run_endpoint_function(
                   ^^^^^^^^^^^^^^^^^^^^^^^^^^^^
  File "/home/neelam/orchestrator/backend/venv/lib/python3.12/site-packages/fastapi/routing.py", line 328, in run_endpoint_function
    return await dependant.call(**values)
           ^^^^^^^^^^^^^^^^^^^^^^^^^^^^^^
  File "/home/neelam/orchestrator/backend/app/routes/eda.py", line 706, in observatory
    domain_runs = await _domain_runs(job_id, db)
                  ^^^^^^^^^^^^^^^^^^^^^^^^^^^^^^
  File "/home/neelam/orchestrator/backend/app/routes/eda.py", line 568, in _domain_runs
    gv = _safe_load(corpus_dir / "graph_validation.json") or {}
         ^^^^^^^^^^^^^^^^^^^^^^^^^^^^^^^^^^^^^^^^^^^^^^^^
  File "/home/neelam/orchestrator/backend/app/routes/eda.py", line 31, in _safe_load
    if not path.is_file():
           ^^^^^^^^^^^^^^
  File "/usr/lib/python3.12/pathlib.py", line 894, in is_file
    return S_ISREG(self.stat().st_mode)
                   ^^^^^^^^^^^
  File "/usr/lib/python3.12/pathlib.py", line 842, in stat
    return os.stat(self, follow_symlinks=follow_symlinks)
           ^^^^^^^^^^^^^^^^^^^^^^^^^^^^^^^^^^^^^^^^^^^^^^
PermissionError: [Errno 13] Permission denied: '/home/kumar1/orchestrator/corpus_store/5f8d7f5d-626c-4618-9139-5bf39954299f/graph_validation.json'
INFO:     127.0.0.1:45566 - "GET /api/v1/data/corpora HTTP/1.1" 200 OK
INFO:     127.0.0.1:45570 - "GET /api/v1/eda/observatory/a561dfc6-3159-4891-9f4a-0c8c919312fe HTTP/1.1" 500 Internal Server Error
ERROR:    Exception in ASGI application
Traceback (most recent call last):
  File "/home/neelam/orchestrator/backend/venv/lib/python3.12/site-packages/uvicorn/protocols/http/h11_impl.py", line 415, in run_asgi
    result = await app(  # type: ignore[func-returns-value]
             ^^^^^^^^^^^^^^^^^^^^^^^^^^^^^^^^^^^^^^^^^^^^^^
  File "/home/neelam/orchestrator/backend/venv/lib/python3.12/site-packages/uvicorn/middleware/proxy_headers.py", line 63, in __call__
    return await self.app(scope, receive, send)
           ^^^^^^^^^^^^^^^^^^^^^^^^^^^^^^^^^^^^
  File "/home/neelam/orchestrator/backend/venv/lib/python3.12/site-packages/fastapi/applications.py", line 1159, in __call__
    await super().__call__(scope, receive, send)
  File "/home/neelam/orchestrator/backend/venv/lib/python3.12/site-packages/starlette/applications.py", line 90, in __call__
    await self.middleware_stack(scope, receive, send)
  File "/home/neelam/orchestrator/backend/venv/lib/python3.12/site-packages/starlette/middleware/errors.py", line 186, in __call__
    raise exc
  File "/home/neelam/orchestrator/backend/venv/lib/python3.12/site-packages/starlette/middleware/errors.py", line 164, in __call__
    await self.app(scope, receive, _send)
  File "/home/neelam/orchestrator/backend/venv/lib/python3.12/site-packages/starlette/middleware/cors.py", line 88, in __call__
    await self.app(scope, receive, send)
  File "/home/neelam/orchestrator/backend/venv/lib/python3.12/site-packages/starlette/middleware/exceptions.py", line 63, in __call__
    await wrap_app_handling_exceptions(self.app, conn)(scope, receive, send)
  File "/home/neelam/orchestrator/backend/venv/lib/python3.12/site-packages/starlette/_exception_handler.py", line 53, in wrapped_app
    raise exc
  File "/home/neelam/orchestrator/backend/venv/lib/python3.12/site-packages/starlette/_exception_handler.py", line 42, in wrapped_app
    await app(scope, receive, sender)
  File "/home/neelam/orchestrator/backend/venv/lib/python3.12/site-packages/fastapi/middleware/asyncexitstack.py", line 18, in __call__
    await self.app(scope, receive, send)
  File "/home/neelam/orchestrator/backend/venv/lib/python3.12/site-packages/starlette/routing.py", line 660, in __call__
    await self.middleware_stack(scope, receive, send)
  File "/home/neelam/orchestrator/backend/venv/lib/python3.12/site-packages/starlette/routing.py", line 680, in app
    await route.handle(scope, receive, send)
  File "/home/neelam/orchestrator/backend/venv/lib/python3.12/site-packages/starlette/routing.py", line 276, in handle
    await self.app(scope, receive, send)
  File "/home/neelam/orchestrator/backend/venv/lib/python3.12/site-packages/fastapi/routing.py", line 134, in app
    await wrap_app_handling_exceptions(app, request)(scope, receive, send)
  File "/home/neelam/orchestrator/backend/venv/lib/python3.12/site-packages/starlette/_exception_handler.py", line 53, in wrapped_app
    raise exc
  File "/home/neelam/orchestrator/backend/venv/lib/python3.12/site-packages/starlette/_exception_handler.py", line 42, in wrapped_app
    await app(scope, receive, sender)
  File "/home/neelam/orchestrator/backend/venv/lib/python3.12/site-packages/fastapi/routing.py", line 120, in app
    response = await f(request)
               ^^^^^^^^^^^^^^^^
  File "/home/neelam/orchestrator/backend/venv/lib/python3.12/site-packages/fastapi/routing.py", line 674, in app
    raw_response = await run_endpoint_function(
                   ^^^^^^^^^^^^^^^^^^^^^^^^^^^^
  File "/home/neelam/orchestrator/backend/venv/lib/python3.12/site-packages/fastapi/routing.py", line 328, in run_endpoint_function
    return await dependant.call(**values)
           ^^^^^^^^^^^^^^^^^^^^^^^^^^^^^^
  File "/home/neelam/orchestrator/backend/app/routes/eda.py", line 706, in observatory
    domain_runs = await _domain_runs(job_id, db)
                  ^^^^^^^^^^^^^^^^^^^^^^^^^^^^^^
  File "/home/neelam/orchestrator/backend/app/routes/eda.py", line 568, in _domain_runs
    gv = _safe_load(corpus_dir / "graph_validation.json") or {}
         ^^^^^^^^^^^^^^^^^^^^^^^^^^^^^^^^^^^^^^^^^^^^^^^^
  File "/home/neelam/orchestrator/backend/app/routes/eda.py", line 31, in _safe_load
    if not path.is_file():
           ^^^^^^^^^^^^^^
  File "/usr/lib/python3.12/pathlib.py", line 894, in is_file
    return S_ISREG(self.stat().st_mode)
                   ^^^^^^^^^^^
  File "/usr/lib/python3.12/pathlib.py", line 842, in stat
    return os.stat(self, follow_symlinks=follow_symlinks)
           ^^^^^^^^^^^^^^^^^^^^^^^^^^^^^^^^^^^^^^^^^^^^^^
PermissionError: [Errno 13] Permission denied: '/home/kumar1/orchestrator/corpus_store/5f8d7f5d-626c-4618-9139-5bf39954299f/graph_validation.json'
INFO:     127.0.0.1:45580 - "GET /api/v1/eda/observatory/a561dfc6-3159-4891-9f4a-0c8c919312fe HTTP/1.1" 500 Internal Server Error
ERROR:    Exception in ASGI application
Traceback (most recent call last):
  File "/home/neelam/orchestrator/backend/venv/lib/python3.12/site-packages/uvicorn/protocols/http/h11_impl.py", line 415, in run_asgi
    result = await app(  # type: ignore[func-returns-value]
             ^^^^^^^^^^^^^^^^^^^^^^^^^^^^^^^^^^^^^^^^^^^^^^
  File "/home/neelam/orchestrator/backend/venv/lib/python3.12/site-packages/uvicorn/middleware/proxy_headers.py", line 63, in __call__
    return await self.app(scope, receive, send)
           ^^^^^^^^^^^^^^^^^^^^^^^^^^^^^^^^^^^^
  File "/home/neelam/orchestrator/backend/venv/lib/python3.12/site-packages/fastapi/applications.py", line 1159, in __call__
    await super().__call__(scope, receive, send)
  File "/home/neelam/orchestrator/backend/venv/lib/python3.12/site-packages/starlette/applications.py", line 90, in __call__
    await self.middleware_stack(scope, receive, send)
  File "/home/neelam/orchestrator/backend/venv/lib/python3.12/site-packages/starlette/middleware/errors.py", line 186, in __call__
    raise exc
  File "/home/neelam/orchestrator/backend/venv/lib/python3.12/site-packages/starlette/middleware/errors.py", line 164, in __call__
    await self.app(scope, receive, _send)
  File "/home/neelam/orchestrator/backend/venv/lib/python3.12/site-packages/starlette/middleware/cors.py", line 88, in __call__
    await self.app(scope, receive, send)
  File "/home/neelam/orchestrator/backend/venv/lib/python3.12/site-packages/starlette/middleware/exceptions.py", line 63, in __call__
    await wrap_app_handling_exceptions(self.app, conn)(scope, receive, send)
  File "/home/neelam/orchestrator/backend/venv/lib/python3.12/site-packages/starlette/_exception_handler.py", line 53, in wrapped_app
    raise exc
  File "/home/neelam/orchestrator/backend/venv/lib/python3.12/site-packages/starlette/_exception_handler.py", line 42, in wrapped_app
    await app(scope, receive, sender)
  File "/home/neelam/orchestrator/backend/venv/lib/python3.12/site-packages/fastapi/middleware/asyncexitstack.py", line 18, in __call__
    await self.app(scope, receive, send)
  File "/home/neelam/orchestrator/backend/venv/lib/python3.12/site-packages/starlette/routing.py", line 660, in __call__
    await self.middleware_stack(scope, receive, send)
  File "/home/neelam/orchestrator/backend/venv/lib/python3.12/site-packages/starlette/routing.py", line 680, in app
    await route.handle(scope, receive, send)
  File "/home/neelam/orchestrator/backend/venv/lib/python3.12/site-packages/starlette/routing.py", line 276, in handle
    await self.app(scope, receive, send)
  File "/home/neelam/orchestrator/backend/venv/lib/python3.12/site-packages/fastapi/routing.py", line 134, in app
    await wrap_app_handling_exceptions(app, request)(scope, receive, send)
  File "/home/neelam/orchestrator/backend/venv/lib/python3.12/site-packages/starlette/_exception_handler.py", line 53, in wrapped_app
    raise exc
  File "/home/neelam/orchestrator/backend/venv/lib/python3.12/site-packages/starlette/_exception_handler.py", line 42, in wrapped_app
    await app(scope, receive, sender)
  File "/home/neelam/orchestrator/backend/venv/lib/python3.12/site-packages/fastapi/routing.py", line 120, in app
    response = await f(request)
               ^^^^^^^^^^^^^^^^
  File "/home/neelam/orchestrator/backend/venv/lib/python3.12/site-packages/fastapi/routing.py", line 674, in app
    raw_response = await run_endpoint_function(
                   ^^^^^^^^^^^^^^^^^^^^^^^^^^^^
  File "/home/neelam/orchestrator/backend/venv/lib/python3.12/site-packages/fastapi/routing.py", line 328, in run_endpoint_function
    return await dependant.call(**values)
           ^^^^^^^^^^^^^^^^^^^^^^^^^^^^^^
  File "/home/neelam/orchestrator/backend/app/routes/eda.py", line 706, in observatory
    domain_runs = await _domain_runs(job_id, db)
                  ^^^^^^^^^^^^^^^^^^^^^^^^^^^^^^
  File "/home/neelam/orchestrator/backend/app/routes/eda.py", line 568, in _domain_runs
    gv = _safe_load(corpus_dir / "graph_validation.json") or {}
         ^^^^^^^^^^^^^^^^^^^^^^^^^^^^^^^^^^^^^^^^^^^^^^^^
  File "/home/neelam/orchestrator/backend/app/routes/eda.py", line 31, in _safe_load
    if not path.is_file():
           ^^^^^^^^^^^^^^
  File "/usr/lib/python3.12/pathlib.py", line 894, in is_file
    return S_ISREG(self.stat().st_mode)
                   ^^^^^^^^^^^
  File "/usr/lib/python3.12/pathlib.py", line 842, in stat
    return os.stat(self, follow_symlinks=follow_symlinks)
           ^^^^^^^^^^^^^^^^^^^^^^^^^^^^^^^^^^^^^^^^^^^^^^
PermissionError: [Errno 13] Permission denied: '/home/kumar1/orchestrator/corpus_store/5f8d7f5d-626c-4618-9139-5bf39954299f/graph_validation.json'
INFO:     127.0.0.1:50844 - "GET /api/v1/data/corpora HTTP/1.1" 200 OK
INFO:     127.0.0.1:50856 - "GET /api/v1/eda/observatory/a561dfc6-3159-4891-9f4a-0c8c919312fe HTTP/1.1" 500 Internal Server Error
ERROR:    Exception in ASGI application
Traceback (most recent call last):
  File "/home/neelam/orchestrator/backend/venv/lib/python3.12/site-packages/uvicorn/protocols/http/h11_impl.py", line 415, in run_asgi
    result = await app(  # type: ignore[func-returns-value]
             ^^^^^^^^^^^^^^^^^^^^^^^^^^^^^^^^^^^^^^^^^^^^^^
  File "/home/neelam/orchestrator/backend/venv/lib/python3.12/site-packages/uvicorn/middleware/proxy_headers.py", line 63, in __call__
    return await self.app(scope, receive, send)
           ^^^^^^^^^^^^^^^^^^^^^^^^^^^^^^^^^^^^
  File "/home/neelam/orchestrator/backend/venv/lib/python3.12/site-packages/fastapi/applications.py", line 1159, in __call__
    await super().__call__(scope, receive, send)
  File "/home/neelam/orchestrator/backend/venv/lib/python3.12/site-packages/starlette/applications.py", line 90, in __call__
    await self.middleware_stack(scope, receive, send)
  File "/home/neelam/orchestrator/backend/venv/lib/python3.12/site-packages/starlette/middleware/errors.py", line 186, in __call__
    raise exc
  File "/home/neelam/orchestrator/backend/venv/lib/python3.12/site-packages/starlette/middleware/errors.py", line 164, in __call__
    await self.app(scope, receive, _send)
  File "/home/neelam/orchestrator/backend/venv/lib/python3.12/site-packages/starlette/middleware/cors.py", line 88, in __call__
    await self.app(scope, receive, send)
  File "/home/neelam/orchestrator/backend/venv/lib/python3.12/site-packages/starlette/middleware/exceptions.py", line 63, in __call__
    await wrap_app_handling_exceptions(self.app, conn)(scope, receive, send)
  File "/home/neelam/orchestrator/backend/venv/lib/python3.12/site-packages/starlette/_exception_handler.py", line 53, in wrapped_app
    raise exc
  File "/home/neelam/orchestrator/backend/venv/lib/python3.12/site-packages/starlette/_exception_handler.py", line 42, in wrapped_app
    await app(scope, receive, sender)
  File "/home/neelam/orchestrator/backend/venv/lib/python3.12/site-packages/fastapi/middleware/asyncexitstack.py", line 18, in __call__
    await self.app(scope, receive, send)
  File "/home/neelam/orchestrator/backend/venv/lib/python3.12/site-packages/starlette/routing.py", line 660, in __call__
    await self.middleware_stack(scope, receive, send)
  File "/home/neelam/orchestrator/backend/venv/lib/python3.12/site-packages/starlette/routing.py", line 680, in app
    await route.handle(scope, receive, send)
  File "/home/neelam/orchestrator/backend/venv/lib/python3.12/site-packages/starlette/routing.py", line 276, in handle
    await self.app(scope, receive, send)
  File "/home/neelam/orchestrator/backend/venv/lib/python3.12/site-packages/fastapi/routing.py", line 134, in app
    await wrap_app_handling_exceptions(app, request)(scope, receive, send)
  File "/home/neelam/orchestrator/backend/venv/lib/python3.12/site-packages/starlette/_exception_handler.py", line 53, in wrapped_app
    raise exc
  File "/home/neelam/orchestrator/backend/venv/lib/python3.12/site-packages/starlette/_exception_handler.py", line 42, in wrapped_app
    await app(scope, receive, sender)
  File "/home/neelam/orchestrator/backend/venv/lib/python3.12/site-packages/fastapi/routing.py", line 120, in app
    response = await f(request)
               ^^^^^^^^^^^^^^^^
  File "/home/neelam/orchestrator/backend/venv/lib/python3.12/site-packages/fastapi/routing.py", line 674, in app
    raw_response = await run_endpoint_function(
                   ^^^^^^^^^^^^^^^^^^^^^^^^^^^^
  File "/home/neelam/orchestrator/backend/venv/lib/python3.12/site-packages/fastapi/routing.py", line 328, in run_endpoint_function
    return await dependant.call(**values)
           ^^^^^^^^^^^^^^^^^^^^^^^^^^^^^^
  File "/home/neelam/orchestrator/backend/app/routes/eda.py", line 706, in observatory
    domain_runs = await _domain_runs(job_id, db)
                  ^^^^^^^^^^^^^^^^^^^^^^^^^^^^^^
  File "/home/neelam/orchestrator/backend/app/routes/eda.py", line 568, in _domain_runs
    gv = _safe_load(corpus_dir / "graph_validation.json") or {}
         ^^^^^^^^^^^^^^^^^^^^^^^^^^^^^^^^^^^^^^^^^^^^^^^^
  File "/home/neelam/orchestrator/backend/app/routes/eda.py", line 31, in _safe_load
    if not path.is_file():
           ^^^^^^^^^^^^^^
  File "/usr/lib/python3.12/pathlib.py", line 894, in is_file
    return S_ISREG(self.stat().st_mode)
                   ^^^^^^^^^^^
  File "/usr/lib/python3.12/pathlib.py", line 842, in stat
    return os.stat(self, follow_symlinks=follow_symlinks)
           ^^^^^^^^^^^^^^^^^^^^^^^^^^^^^^^^^^^^^^^^^^^^^^
PermissionError: [Errno 13] Permission denied: '/home/kumar1/orchestrator/corpus_store/5f8d7f5d-626c-4618-9139-5bf39954299f/graph_validation.json'
INFO:     127.0.0.1:50870 - "GET /api/v1/eda/observatory/a561dfc6-3159-4891-9f4a-0c8c919312fe HTTP/1.1" 500 Internal Server Error
ERROR:    Exception in ASGI application
Traceback (most recent call last):
  File "/home/neelam/orchestrator/backend/venv/lib/python3.12/site-packages/uvicorn/protocols/http/h11_impl.py", line 415, in run_asgi
    result = await app(  # type: ignore[func-returns-value]
             ^^^^^^^^^^^^^^^^^^^^^^^^^^^^^^^^^^^^^^^^^^^^^^
  File "/home/neelam/orchestrator/backend/venv/lib/python3.12/site-packages/uvicorn/middleware/proxy_headers.py", line 63, in __call__
    return await self.app(scope, receive, send)
           ^^^^^^^^^^^^^^^^^^^^^^^^^^^^^^^^^^^^
  File "/home/neelam/orchestrator/backend/venv/lib/python3.12/site-packages/fastapi/applications.py", line 1159, in __call__
    await super().__call__(scope, receive, send)
  File "/home/neelam/orchestrator/backend/venv/lib/python3.12/site-packages/starlette/applications.py", line 90, in __call__
    await self.middleware_stack(scope, receive, send)
  File "/home/neelam/orchestrator/backend/venv/lib/python3.12/site-packages/starlette/middleware/errors.py", line 186, in __call__
    raise exc
  File "/home/neelam/orchestrator/backend/venv/lib/python3.12/site-packages/starlette/middleware/errors.py", line 164, in __call__
    await self.app(scope, receive, _send)
  File "/home/neelam/orchestrator/backend/venv/lib/python3.12/site-packages/starlette/middleware/cors.py", line 88, in __call__
    await self.app(scope, receive, send)
  File "/home/neelam/orchestrator/backend/venv/lib/python3.12/site-packages/starlette/middleware/exceptions.py", line 63, in __call__
    await wrap_app_handling_exceptions(self.app, conn)(scope, receive, send)
  File "/home/neelam/orchestrator/backend/venv/lib/python3.12/site-packages/starlette/_exception_handler.py", line 53, in wrapped_app
    raise exc
  File "/home/neelam/orchestrator/backend/venv/lib/python3.12/site-packages/starlette/_exception_handler.py", line 42, in wrapped_app
    await app(scope, receive, sender)
  File "/home/neelam/orchestrator/backend/venv/lib/python3.12/site-packages/fastapi/middleware/asyncexitstack.py", line 18, in __call__
    await self.app(scope, receive, send)
  File "/home/neelam/orchestrator/backend/venv/lib/python3.12/site-packages/starlette/routing.py", line 660, in __call__
    await self.middleware_stack(scope, receive, send)
  File "/home/neelam/orchestrator/backend/venv/lib/python3.12/site-packages/starlette/routing.py", line 680, in app
    await route.handle(scope, receive, send)
  File "/home/neelam/orchestrator/backend/venv/lib/python3.12/site-packages/starlette/routing.py", line 276, in handle
    await self.app(scope, receive, send)
  File "/home/neelam/orchestrator/backend/venv/lib/python3.12/site-packages/fastapi/routing.py", line 134, in app
    await wrap_app_handling_exceptions(app, request)(scope, receive, send)
  File "/home/neelam/orchestrator/backend/venv/lib/python3.12/site-packages/starlette/_exception_handler.py", line 53, in wrapped_app
    raise exc
  File "/home/neelam/orchestrator/backend/venv/lib/python3.12/site-packages/starlette/_exception_handler.py", line 42, in wrapped_app
    await app(scope, receive, sender)
  File "/home/neelam/orchestrator/backend/venv/lib/python3.12/site-packages/fastapi/routing.py", line 120, in app
    response = await f(request)
               ^^^^^^^^^^^^^^^^
  File "/home/neelam/orchestrator/backend/venv/lib/python3.12/site-packages/fastapi/routing.py", line 674, in app
    raw_response = await run_endpoint_function(
                   ^^^^^^^^^^^^^^^^^^^^^^^^^^^^
  File "/home/neelam/orchestrator/backend/venv/lib/python3.12/site-packages/fastapi/routing.py", line 328, in run_endpoint_function
    return await dependant.call(**values)
           ^^^^^^^^^^^^^^^^^^^^^^^^^^^^^^
  File "/home/neelam/orchestrator/backend/app/routes/eda.py", line 706, in observatory
    domain_runs = await _domain_runs(job_id, db)
                  ^^^^^^^^^^^^^^^^^^^^^^^^^^^^^^
  File "/home/neelam/orchestrator/backend/app/routes/eda.py", line 568, in _domain_runs
    gv = _safe_load(corpus_dir / "graph_validation.json") or {}
         ^^^^^^^^^^^^^^^^^^^^^^^^^^^^^^^^^^^^^^^^^^^^^^^^
  File "/home/neelam/orchestrator/backend/app/routes/eda.py", line 31, in _safe_load
    if not path.is_file():
           ^^^^^^^^^^^^^^
  File "/usr/lib/python3.12/pathlib.py", line 894, in is_file
    return S_ISREG(self.stat().st_mode)
                   ^^^^^^^^^^^
  File "/usr/lib/python3.12/pathlib.py", line 842, in stat
    return os.stat(self, follow_symlinks=follow_symlinks)
           ^^^^^^^^^^^^^^^^^^^^^^^^^^^^^^^^^^^^^^^^^^^^^^
PermissionError: [Errno 13] Permission denied: '/home/kumar1/orchestrator/corpus_store/5f8d7f5d-626c-4618-9139-5bf39954299f/graph_validation.json'
INFO:     127.0.0.1:50880 - "GET /api/v1/data/corpora HTTP/1.1" 200 OK
INFO:     127.0.0.1:50892 - "GET /api/v1/eda/observatory/a561dfc6-3159-4891-9f4a-0c8c919312fe HTTP/1.1" 500 Internal Server Error
ERROR:    Exception in ASGI application
Traceback (most recent call last):
  File "/home/neelam/orchestrator/backend/venv/lib/python3.12/site-packages/uvicorn/protocols/http/h11_impl.py", line 415, in run_asgi
    result = await app(  # type: ignore[func-returns-value]
             ^^^^^^^^^^^^^^^^^^^^^^^^^^^^^^^^^^^^^^^^^^^^^^
  File "/home/neelam/orchestrator/backend/venv/lib/python3.12/site-packages/uvicorn/middleware/proxy_headers.py", line 63, in __call__
    return await self.app(scope, receive, send)
           ^^^^^^^^^^^^^^^^^^^^^^^^^^^^^^^^^^^^
  File "/home/neelam/orchestrator/backend/venv/lib/python3.12/site-packages/fastapi/applications.py", line 1159, in __call__
    await super().__call__(scope, receive, send)
  File "/home/neelam/orchestrator/backend/venv/lib/python3.12/site-packages/starlette/applications.py", line 90, in __call__
    await self.middleware_stack(scope, receive, send)
  File "/home/neelam/orchestrator/backend/venv/lib/python3.12/site-packages/starlette/middleware/errors.py", line 186, in __call__
    raise exc
  File "/home/neelam/orchestrator/backend/venv/lib/python3.12/site-packages/starlette/middleware/errors.py", line 164, in __call__
    await self.app(scope, receive, _send)
  File "/home/neelam/orchestrator/backend/venv/lib/python3.12/site-packages/starlette/middleware/cors.py", line 88, in __call__
    await self.app(scope, receive, send)
  File "/home/neelam/orchestrator/backend/venv/lib/python3.12/site-packages/starlette/middleware/exceptions.py", line 63, in __call__
    await wrap_app_handling_exceptions(self.app, conn)(scope, receive, send)
  File "/home/neelam/orchestrator/backend/venv/lib/python3.12/site-packages/starlette/_exception_handler.py", line 53, in wrapped_app
    raise exc
  File "/home/neelam/orchestrator/backend/venv/lib/python3.12/site-packages/starlette/_exception_handler.py", line 42, in wrapped_app
    await app(scope, receive, sender)
  File "/home/neelam/orchestrator/backend/venv/lib/python3.12/site-packages/fastapi/middleware/asyncexitstack.py", line 18, in __call__
    await self.app(scope, receive, send)
  File "/home/neelam/orchestrator/backend/venv/lib/python3.12/site-packages/starlette/routing.py", line 660, in __call__
    await self.middleware_stack(scope, receive, send)
  File "/home/neelam/orchestrator/backend/venv/lib/python3.12/site-packages/starlette/routing.py", line 680, in app
    await route.handle(scope, receive, send)
  File "/home/neelam/orchestrator/backend/venv/lib/python3.12/site-packages/starlette/routing.py", line 276, in handle
    await self.app(scope, receive, send)
  File "/home/neelam/orchestrator/backend/venv/lib/python3.12/site-packages/fastapi/routing.py", line 134, in app
    await wrap_app_handling_exceptions(app, request)(scope, receive, send)
  File "/home/neelam/orchestrator/backend/venv/lib/python3.12/site-packages/starlette/_exception_handler.py", line 53, in wrapped_app
    raise exc
  File "/home/neelam/orchestrator/backend/venv/lib/python3.12/site-packages/starlette/_exception_handler.py", line 42, in wrapped_app
    await app(scope, receive, sender)
  File "/home/neelam/orchestrator/backend/venv/lib/python3.12/site-packages/fastapi/routing.py", line 120, in app
    response = await f(request)
               ^^^^^^^^^^^^^^^^
  File "/home/neelam/orchestrator/backend/venv/lib/python3.12/site-packages/fastapi/routing.py", line 674, in app
    raw_response = await run_endpoint_function(
                   ^^^^^^^^^^^^^^^^^^^^^^^^^^^^
  File "/home/neelam/orchestrator/backend/venv/lib/python3.12/site-packages/fastapi/routing.py", line 328, in run_endpoint_function
    return await dependant.call(**values)
           ^^^^^^^^^^^^^^^^^^^^^^^^^^^^^^
  File "/home/neelam/orchestrator/backend/app/routes/eda.py", line 706, in observatory
    domain_runs = await _domain_runs(job_id, db)
                  ^^^^^^^^^^^^^^^^^^^^^^^^^^^^^^
  File "/home/neelam/orchestrator/backend/app/routes/eda.py", line 568, in _domain_runs
    gv = _safe_load(corpus_dir / "graph_validation.json") or {}
         ^^^^^^^^^^^^^^^^^^^^^^^^^^^^^^^^^^^^^^^^^^^^^^^^
  File "/home/neelam/orchestrator/backend/app/routes/eda.py", line 31, in _safe_load
    if not path.is_file():
           ^^^^^^^^^^^^^^
  File "/usr/lib/python3.12/pathlib.py", line 894, in is_file
    return S_ISREG(self.stat().st_mode)
                   ^^^^^^^^^^^
  File "/usr/lib/python3.12/pathlib.py", line 842, in stat
    return os.stat(self, follow_symlinks=follow_symlinks)
           ^^^^^^^^^^^^^^^^^^^^^^^^^^^^^^^^^^^^^^^^^^^^^^
PermissionError: [Errno 13] Permission denied: '/home/kumar1/orchestrator/corpus_store/5f8d7f5d-626c-4618-9139-5bf39954299f/graph_validation.json'
INFO:     127.0.0.1:50900 - "GET /api/v1/eda/observatory/a561dfc6-3159-4891-9f4a-0c8c919312fe HTTP/1.1" 500 Internal Server Error
ERROR:    Exception in ASGI application
Traceback (most recent call last):
  File "/home/neelam/orchestrator/backend/venv/lib/python3.12/site-packages/uvicorn/protocols/http/h11_impl.py", line 415, in run_asgi
    result = await app(  # type: ignore[func-returns-value]
             ^^^^^^^^^^^^^^^^^^^^^^^^^^^^^^^^^^^^^^^^^^^^^^
  File "/home/neelam/orchestrator/backend/venv/lib/python3.12/site-packages/uvicorn/middleware/proxy_headers.py", line 63, in __call__
    return await self.app(scope, receive, send)
           ^^^^^^^^^^^^^^^^^^^^^^^^^^^^^^^^^^^^
  File "/home/neelam/orchestrator/backend/venv/lib/python3.12/site-packages/fastapi/applications.py", line 1159, in __call__
    await super().__call__(scope, receive, send)
  File "/home/neelam/orchestrator/backend/venv/lib/python3.12/site-packages/starlette/applications.py", line 90, in __call__
    await self.middleware_stack(scope, receive, send)
  File "/home/neelam/orchestrator/backend/venv/lib/python3.12/site-packages/starlette/middleware/errors.py", line 186, in __call__
    raise exc
  File "/home/neelam/orchestrator/backend/venv/lib/python3.12/site-packages/starlette/middleware/errors.py", line 164, in __call__
    await self.app(scope, receive, _send)
  File "/home/neelam/orchestrator/backend/venv/lib/python3.12/site-packages/starlette/middleware/cors.py", line 88, in __call__
    await self.app(scope, receive, send)
  File "/home/neelam/orchestrator/backend/venv/lib/python3.12/site-packages/starlette/middleware/exceptions.py", line 63, in __call__
    await wrap_app_handling_exceptions(self.app, conn)(scope, receive, send)
  File "/home/neelam/orchestrator/backend/venv/lib/python3.12/site-packages/starlette/_exception_handler.py", line 53, in wrapped_app
    raise exc
  File "/home/neelam/orchestrator/backend/venv/lib/python3.12/site-packages/starlette/_exception_handler.py", line 42, in wrapped_app
    await app(scope, receive, sender)
  File "/home/neelam/orchestrator/backend/venv/lib/python3.12/site-packages/fastapi/middleware/asyncexitstack.py", line 18, in __call__
    await self.app(scope, receive, send)
  File "/home/neelam/orchestrator/backend/venv/lib/python3.12/site-packages/starlette/routing.py", line 660, in __call__
    await self.middleware_stack(scope, receive, send)
  File "/home/neelam/orchestrator/backend/venv/lib/python3.12/site-packages/starlette/routing.py", line 680, in app
    await route.handle(scope, receive, send)
  File "/home/neelam/orchestrator/backend/venv/lib/python3.12/site-packages/starlette/routing.py", line 276, in handle
    await self.app(scope, receive, send)
  File "/home/neelam/orchestrator/backend/venv/lib/python3.12/site-packages/fastapi/routing.py", line 134, in app
    await wrap_app_handling_exceptions(app, request)(scope, receive, send)
  File "/home/neelam/orchestrator/backend/venv/lib/python3.12/site-packages/starlette/_exception_handler.py", line 53, in wrapped_app
    raise exc
  File "/home/neelam/orchestrator/backend/venv/lib/python3.12/site-packages/starlette/_exception_handler.py", line 42, in wrapped_app
    await app(scope, receive, sender)
  File "/home/neelam/orchestrator/backend/venv/lib/python3.12/site-packages/fastapi/routing.py", line 120, in app
    response = await f(request)
               ^^^^^^^^^^^^^^^^
  File "/home/neelam/orchestrator/backend/venv/lib/python3.12/site-packages/fastapi/routing.py", line 674, in app
    raw_response = await run_endpoint_function(
                   ^^^^^^^^^^^^^^^^^^^^^^^^^^^^
  File "/home/neelam/orchestrator/backend/venv/lib/python3.12/site-packages/fastapi/routing.py", line 328, in run_endpoint_function
    return await dependant.call(**values)
           ^^^^^^^^^^^^^^^^^^^^^^^^^^^^^^
  File "/home/neelam/orchestrator/backend/app/routes/eda.py", line 706, in observatory
    domain_runs = await _domain_runs(job_id, db)
                  ^^^^^^^^^^^^^^^^^^^^^^^^^^^^^^
  File "/home/neelam/orchestrator/backend/app/routes/eda.py", line 568, in _domain_runs
    gv = _safe_load(corpus_dir / "graph_validation.json") or {}
         ^^^^^^^^^^^^^^^^^^^^^^^^^^^^^^^^^^^^^^^^^^^^^^^^
  File "/home/neelam/orchestrator/backend/app/routes/eda.py", line 31, in _safe_load
    if not path.is_file():
           ^^^^^^^^^^^^^^
  File "/usr/lib/python3.12/pathlib.py", line 894, in is_file
    return S_ISREG(self.stat().st_mode)
                   ^^^^^^^^^^^
  File "/usr/lib/python3.12/pathlib.py", line 842, in stat
    return os.stat(self, follow_symlinks=follow_symlinks)
           ^^^^^^^^^^^^^^^^^^^^^^^^^^^^^^^^^^^^^^^^^^^^^^
PermissionError: [Errno 13] Permission denied: '/home/kumar1/orchestrator/corpus_store/5f8d7f5d-626c-4618-9139-5bf39954299f/graph_validation.json'
INFO:     127.0.0.1:41022 - "GET /api/v1/data/corpora HTTP/1.1" 200 OK
INFO:     127.0.0.1:41028 - "GET /api/v1/eda/observatory/a561dfc6-3159-4891-9f4a-0c8c919312fe HTTP/1.1" 500 Internal Server Error
ERROR:    Exception in ASGI application
Traceback (most recent call last):
  File "/home/neelam/orchestrator/backend/venv/lib/python3.12/site-packages/uvicorn/protocols/http/h11_impl.py", line 415, in run_asgi
    result = await app(  # type: ignore[func-returns-value]
             ^^^^^^^^^^^^^^^^^^^^^^^^^^^^^^^^^^^^^^^^^^^^^^
  File "/home/neelam/orchestrator/backend/venv/lib/python3.12/site-packages/uvicorn/middleware/proxy_headers.py", line 63, in __call__
    return await self.app(scope, receive, send)
           ^^^^^^^^^^^^^^^^^^^^^^^^^^^^^^^^^^^^
  File "/home/neelam/orchestrator/backend/venv/lib/python3.12/site-packages/fastapi/applications.py", line 1159, in __call__
    await super().__call__(scope, receive, send)
  File "/home/neelam/orchestrator/backend/venv/lib/python3.12/site-packages/starlette/applications.py", line 90, in __call__
    await self.middleware_stack(scope, receive, send)
  File "/home/neelam/orchestrator/backend/venv/lib/python3.12/site-packages/starlette/middleware/errors.py", line 186, in __call__
    raise exc
  File "/home/neelam/orchestrator/backend/venv/lib/python3.12/site-packages/starlette/middleware/errors.py", line 164, in __call__
    await self.app(scope, receive, _send)
  File "/home/neelam/orchestrator/backend/venv/lib/python3.12/site-packages/starlette/middleware/cors.py", line 88, in __call__
    await self.app(scope, receive, send)
  File "/home/neelam/orchestrator/backend/venv/lib/python3.12/site-packages/starlette/middleware/exceptions.py", line 63, in __call__
    await wrap_app_handling_exceptions(self.app, conn)(scope, receive, send)
  File "/home/neelam/orchestrator/backend/venv/lib/python3.12/site-packages/starlette/_exception_handler.py", line 53, in wrapped_app
    raise exc
  File "/home/neelam/orchestrator/backend/venv/lib/python3.12/site-packages/starlette/_exception_handler.py", line 42, in wrapped_app
    await app(scope, receive, sender)
  File "/home/neelam/orchestrator/backend/venv/lib/python3.12/site-packages/fastapi/middleware/asyncexitstack.py", line 18, in __call__
    await self.app(scope, receive, send)
  File "/home/neelam/orchestrator/backend/venv/lib/python3.12/site-packages/starlette/routing.py", line 660, in __call__
    await self.middleware_stack(scope, receive, send)
  File "/home/neelam/orchestrator/backend/venv/lib/python3.12/site-packages/starlette/routing.py", line 680, in app
    await route.handle(scope, receive, send)
  File "/home/neelam/orchestrator/backend/venv/lib/python3.12/site-packages/starlette/routing.py", line 276, in handle
    await self.app(scope, receive, send)
  File "/home/neelam/orchestrator/backend/venv/lib/python3.12/site-packages/fastapi/routing.py", line 134, in app
    await wrap_app_handling_exceptions(app, request)(scope, receive, send)
  File "/home/neelam/orchestrator/backend/venv/lib/python3.12/site-packages/starlette/_exception_handler.py", line 53, in wrapped_app
    raise exc
  File "/home/neelam/orchestrator/backend/venv/lib/python3.12/site-packages/starlette/_exception_handler.py", line 42, in wrapped_app
    await app(scope, receive, sender)
  File "/home/neelam/orchestrator/backend/venv/lib/python3.12/site-packages/fastapi/routing.py", line 120, in app
    response = await f(request)
               ^^^^^^^^^^^^^^^^
  File "/home/neelam/orchestrator/backend/venv/lib/python3.12/site-packages/fastapi/routing.py", line 674, in app
    raw_response = await run_endpoint_function(
                   ^^^^^^^^^^^^^^^^^^^^^^^^^^^^
  File "/home/neelam/orchestrator/backend/venv/lib/python3.12/site-packages/fastapi/routing.py", line 328, in run_endpoint_function
    return await dependant.call(**values)
           ^^^^^^^^^^^^^^^^^^^^^^^^^^^^^^
  File "/home/neelam/orchestrator/backend/app/routes/eda.py", line 706, in observatory
    domain_runs = await _domain_runs(job_id, db)
                  ^^^^^^^^^^^^^^^^^^^^^^^^^^^^^^
  File "/home/neelam/orchestrator/backend/app/routes/eda.py", line 568, in _domain_runs
    gv = _safe_load(corpus_dir / "graph_validation.json") or {}
         ^^^^^^^^^^^^^^^^^^^^^^^^^^^^^^^^^^^^^^^^^^^^^^^^
  File "/home/neelam/orchestrator/backend/app/routes/eda.py", line 31, in _safe_load
    if not path.is_file():
           ^^^^^^^^^^^^^^
  File "/usr/lib/python3.12/pathlib.py", line 894, in is_file
    return S_ISREG(self.stat().st_mode)
                   ^^^^^^^^^^^
  File "/usr/lib/python3.12/pathlib.py", line 842, in stat
    return os.stat(self, follow_symlinks=follow_symlinks)
           ^^^^^^^^^^^^^^^^^^^^^^^^^^^^^^^^^^^^^^^^^^^^^^
PermissionError: [Errno 13] Permission denied: '/home/kumar1/orchestrator/corpus_store/5f8d7f5d-626c-4618-9139-5bf39954299f/graph_validation.json'
INFO:     127.0.0.1:41040 - "GET /api/v1/eda/observatory/a561dfc6-3159-4891-9f4a-0c8c919312fe HTTP/1.1" 500 Internal Server Error
ERROR:    Exception in ASGI application
Traceback (most recent call last):
  File "/home/neelam/orchestrator/backend/venv/lib/python3.12/site-packages/uvicorn/protocols/http/h11_impl.py", line 415, in run_asgi
    result = await app(  # type: ignore[func-returns-value]
             ^^^^^^^^^^^^^^^^^^^^^^^^^^^^^^^^^^^^^^^^^^^^^^
  File "/home/neelam/orchestrator/backend/venv/lib/python3.12/site-packages/uvicorn/middleware/proxy_headers.py", line 63, in __call__
    return await self.app(scope, receive, send)
           ^^^^^^^^^^^^^^^^^^^^^^^^^^^^^^^^^^^^
  File "/home/neelam/orchestrator/backend/venv/lib/python3.12/site-packages/fastapi/applications.py", line 1159, in __call__
    await super().__call__(scope, receive, send)
  File "/home/neelam/orchestrator/backend/venv/lib/python3.12/site-packages/starlette/applications.py", line 90, in __call__
    await self.middleware_stack(scope, receive, send)
  File "/home/neelam/orchestrator/backend/venv/lib/python3.12/site-packages/starlette/middleware/errors.py", line 186, in __call__
    raise exc
  File "/home/neelam/orchestrator/backend/venv/lib/python3.12/site-packages/starlette/middleware/errors.py", line 164, in __call__
    await self.app(scope, receive, _send)
  File "/home/neelam/orchestrator/backend/venv/lib/python3.12/site-packages/starlette/middleware/cors.py", line 88, in __call__
    await self.app(scope, receive, send)
  File "/home/neelam/orchestrator/backend/venv/lib/python3.12/site-packages/starlette/middleware/exceptions.py", line 63, in __call__
    await wrap_app_handling_exceptions(self.app, conn)(scope, receive, send)
  File "/home/neelam/orchestrator/backend/venv/lib/python3.12/site-packages/starlette/_exception_handler.py", line 53, in wrapped_app
    raise exc
  File "/home/neelam/orchestrator/backend/venv/lib/python3.12/site-packages/starlette/_exception_handler.py", line 42, in wrapped_app
    await app(scope, receive, sender)
  File "/home/neelam/orchestrator/backend/venv/lib/python3.12/site-packages/fastapi/middleware/asyncexitstack.py", line 18, in __call__
    await self.app(scope, receive, send)
  File "/home/neelam/orchestrator/backend/venv/lib/python3.12/site-packages/starlette/routing.py", line 660, in __call__
    await self.middleware_stack(scope, receive, send)
  File "/home/neelam/orchestrator/backend/venv/lib/python3.12/site-packages/starlette/routing.py", line 680, in app
    await route.handle(scope, receive, send)
  File "/home/neelam/orchestrator/backend/venv/lib/python3.12/site-packages/starlette/routing.py", line 276, in handle
    await self.app(scope, receive, send)
  File "/home/neelam/orchestrator/backend/venv/lib/python3.12/site-packages/fastapi/routing.py", line 134, in app
    await wrap_app_handling_exceptions(app, request)(scope, receive, send)
  File "/home/neelam/orchestrator/backend/venv/lib/python3.12/site-packages/starlette/_exception_handler.py", line 53, in wrapped_app
    raise exc
  File "/home/neelam/orchestrator/backend/venv/lib/python3.12/site-packages/starlette/_exception_handler.py", line 42, in wrapped_app
    await app(scope, receive, sender)
  File "/home/neelam/orchestrator/backend/venv/lib/python3.12/site-packages/fastapi/routing.py", line 120, in app
    response = await f(request)
               ^^^^^^^^^^^^^^^^
  File "/home/neelam/orchestrator/backend/venv/lib/python3.12/site-packages/fastapi/routing.py", line 674, in app
    raw_response = await run_endpoint_function(
                   ^^^^^^^^^^^^^^^^^^^^^^^^^^^^
  File "/home/neelam/orchestrator/backend/venv/lib/python3.12/site-packages/fastapi/routing.py", line 328, in run_endpoint_function
    return await dependant.call(**values)
           ^^^^^^^^^^^^^^^^^^^^^^^^^^^^^^
  File "/home/neelam/orchestrator/backend/app/routes/eda.py", line 706, in observatory
    domain_runs = await _domain_runs(job_id, db)
                  ^^^^^^^^^^^^^^^^^^^^^^^^^^^^^^
  File "/home/neelam/orchestrator/backend/app/routes/eda.py", line 568, in _domain_runs
    gv = _safe_load(corpus_dir / "graph_validation.json") or {}
         ^^^^^^^^^^^^^^^^^^^^^^^^^^^^^^^^^^^^^^^^^^^^^^^^
  File "/home/neelam/orchestrator/backend/app/routes/eda.py", line 31, in _safe_load
    if not path.is_file():
           ^^^^^^^^^^^^^^
  File "/usr/lib/python3.12/pathlib.py", line 894, in is_file
    return S_ISREG(self.stat().st_mode)
                   ^^^^^^^^^^^
  File "/usr/lib/python3.12/pathlib.py", line 842, in stat
    return os.stat(self, follow_symlinks=follow_symlinks)
           ^^^^^^^^^^^^^^^^^^^^^^^^^^^^^^^^^^^^^^^^^^^^^^
PermissionError: [Errno 13] Permission denied: '/home/kumar1/orchestrator/corpus_store/5f8d7f5d-626c-4618-9139-5bf39954299f/graph_validation.json'
INFO:     127.0.0.1:41042 - "GET /api/v1/data/corpora HTTP/1.1" 200 OK
INFO:     127.0.0.1:41050 - "GET /api/v1/eda/observatory/a561dfc6-3159-4891-9f4a-0c8c919312fe HTTP/1.1" 500 Internal Server Error
ERROR:    Exception in ASGI application
Traceback (most recent call last):
  File "/home/neelam/orchestrator/backend/venv/lib/python3.12/site-packages/uvicorn/protocols/http/h11_impl.py", line 415, in run_asgi
    result = await app(  # type: ignore[func-returns-value]
             ^^^^^^^^^^^^^^^^^^^^^^^^^^^^^^^^^^^^^^^^^^^^^^
  File "/home/neelam/orchestrator/backend/venv/lib/python3.12/site-packages/uvicorn/middleware/proxy_headers.py", line 63, in __call__
    return await self.app(scope, receive, send)
           ^^^^^^^^^^^^^^^^^^^^^^^^^^^^^^^^^^^^
  File "/home/neelam/orchestrator/backend/venv/lib/python3.12/site-packages/fastapi/applications.py", line 1159, in __call__
    await super().__call__(scope, receive, send)
  File "/home/neelam/orchestrator/backend/venv/lib/python3.12/site-packages/starlette/applications.py", line 90, in __call__
    await self.middleware_stack(scope, receive, send)
  File "/home/neelam/orchestrator/backend/venv/lib/python3.12/site-packages/starlette/middleware/errors.py", line 186, in __call__
    raise exc
  File "/home/neelam/orchestrator/backend/venv/lib/python3.12/site-packages/starlette/middleware/errors.py", line 164, in __call__
    await self.app(scope, receive, _send)
  File "/home/neelam/orchestrator/backend/venv/lib/python3.12/site-packages/starlette/middleware/cors.py", line 88, in __call__
    await self.app(scope, receive, send)
  File "/home/neelam/orchestrator/backend/venv/lib/python3.12/site-packages/starlette/middleware/exceptions.py", line 63, in __call__
    await wrap_app_handling_exceptions(self.app, conn)(scope, receive, send)
  File "/home/neelam/orchestrator/backend/venv/lib/python3.12/site-packages/starlette/_exception_handler.py", line 53, in wrapped_app
    raise exc
  File "/home/neelam/orchestrator/backend/venv/lib/python3.12/site-packages/starlette/_exception_handler.py", line 42, in wrapped_app
    await app(scope, receive, sender)
  File "/home/neelam/orchestrator/backend/venv/lib/python3.12/site-packages/fastapi/middleware/asyncexitstack.py", line 18, in __call__
    await self.app(scope, receive, send)
  File "/home/neelam/orchestrator/backend/venv/lib/python3.12/site-packages/starlette/routing.py", line 660, in __call__
    await self.middleware_stack(scope, receive, send)
  File "/home/neelam/orchestrator/backend/venv/lib/python3.12/site-packages/starlette/routing.py", line 680, in app
    await route.handle(scope, receive, send)
  File "/home/neelam/orchestrator/backend/venv/lib/python3.12/site-packages/starlette/routing.py", line 276, in handle
    await self.app(scope, receive, send)
  File "/home/neelam/orchestrator/backend/venv/lib/python3.12/site-packages/fastapi/routing.py", line 134, in app
    await wrap_app_handling_exceptions(app, request)(scope, receive, send)
  File "/home/neelam/orchestrator/backend/venv/lib/python3.12/site-packages/starlette/_exception_handler.py", line 53, in wrapped_app
    raise exc
  File "/home/neelam/orchestrator/backend/venv/lib/python3.12/site-packages/starlette/_exception_handler.py", line 42, in wrapped_app
    await app(scope, receive, sender)
  File "/home/neelam/orchestrator/backend/venv/lib/python3.12/site-packages/fastapi/routing.py", line 120, in app
    response = await f(request)
               ^^^^^^^^^^^^^^^^
  File "/home/neelam/orchestrator/backend/venv/lib/python3.12/site-packages/fastapi/routing.py", line 674, in app
    raw_response = await run_endpoint_function(
                   ^^^^^^^^^^^^^^^^^^^^^^^^^^^^
  File "/home/neelam/orchestrator/backend/venv/lib/python3.12/site-packages/fastapi/routing.py", line 328, in run_endpoint_function
    return await dependant.call(**values)
           ^^^^^^^^^^^^^^^^^^^^^^^^^^^^^^
  File "/home/neelam/orchestrator/backend/app/routes/eda.py", line 706, in observatory
    domain_runs = await _domain_runs(job_id, db)
                  ^^^^^^^^^^^^^^^^^^^^^^^^^^^^^^
  File "/home/neelam/orchestrator/backend/app/routes/eda.py", line 568, in _domain_runs
    gv = _safe_load(corpus_dir / "graph_validation.json") or {}
         ^^^^^^^^^^^^^^^^^^^^^^^^^^^^^^^^^^^^^^^^^^^^^^^^
  File "/home/neelam/orchestrator/backend/app/routes/eda.py", line 31, in _safe_load
    if not path.is_file():
           ^^^^^^^^^^^^^^
  File "/usr/lib/python3.12/pathlib.py", line 894, in is_file
    return S_ISREG(self.stat().st_mode)
                   ^^^^^^^^^^^
  File "/usr/lib/python3.12/pathlib.py", line 842, in stat
    return os.stat(self, follow_symlinks=follow_symlinks)
           ^^^^^^^^^^^^^^^^^^^^^^^^^^^^^^^^^^^^^^^^^^^^^^
PermissionError: [Errno 13] Permission denied: '/home/kumar1/orchestrator/corpus_store/5f8d7f5d-626c-4618-9139-5bf39954299f/graph_validation.json'
INFO:     127.0.0.1:46424 - "GET /api/v1/data/corpora HTTP/1.1" 200 OK
INFO:     127.0.0.1:46414 - "GET /api/v1/eda/observatory/a561dfc6-3159-4891-9f4a-0c8c919312fe HTTP/1.1" 500 Internal Server Error
ERROR:    Exception in ASGI application
Traceback (most recent call last):
  File "/home/neelam/orchestrator/backend/venv/lib/python3.12/site-packages/uvicorn/protocols/http/h11_impl.py", line 415, in run_asgi
    result = await app(  # type: ignore[func-returns-value]
             ^^^^^^^^^^^^^^^^^^^^^^^^^^^^^^^^^^^^^^^^^^^^^^
  File "/home/neelam/orchestrator/backend/venv/lib/python3.12/site-packages/uvicorn/middleware/proxy_headers.py", line 63, in __call__
    return await self.app(scope, receive, send)
           ^^^^^^^^^^^^^^^^^^^^^^^^^^^^^^^^^^^^
  File "/home/neelam/orchestrator/backend/venv/lib/python3.12/site-packages/fastapi/applications.py", line 1159, in __call__
    await super().__call__(scope, receive, send)
  File "/home/neelam/orchestrator/backend/venv/lib/python3.12/site-packages/starlette/applications.py", line 90, in __call__
    await self.middleware_stack(scope, receive, send)
  File "/home/neelam/orchestrator/backend/venv/lib/python3.12/site-packages/starlette/middleware/errors.py", line 186, in __call__
    raise exc
  File "/home/neelam/orchestrator/backend/venv/lib/python3.12/site-packages/starlette/middleware/errors.py", line 164, in __call__
    await self.app(scope, receive, _send)
  File "/home/neelam/orchestrator/backend/venv/lib/python3.12/site-packages/starlette/middleware/cors.py", line 88, in __call__
    await self.app(scope, receive, send)
  File "/home/neelam/orchestrator/backend/venv/lib/python3.12/site-packages/starlette/middleware/exceptions.py", line 63, in __call__
    await wrap_app_handling_exceptions(self.app, conn)(scope, receive, send)
  File "/home/neelam/orchestrator/backend/venv/lib/python3.12/site-packages/starlette/_exception_handler.py", line 53, in wrapped_app
    raise exc
  File "/home/neelam/orchestrator/backend/venv/lib/python3.12/site-packages/starlette/_exception_handler.py", line 42, in wrapped_app
    await app(scope, receive, sender)
  File "/home/neelam/orchestrator/backend/venv/lib/python3.12/site-packages/fastapi/middleware/asyncexitstack.py", line 18, in __call__
    await self.app(scope, receive, send)
  File "/home/neelam/orchestrator/backend/venv/lib/python3.12/site-packages/starlette/routing.py", line 660, in __call__
    await self.middleware_stack(scope, receive, send)
  File "/home/neelam/orchestrator/backend/venv/lib/python3.12/site-packages/starlette/routing.py", line 680, in app
    await route.handle(scope, receive, send)
  File "/home/neelam/orchestrator/backend/venv/lib/python3.12/site-packages/starlette/routing.py", line 276, in handle
    await self.app(scope, receive, send)
  File "/home/neelam/orchestrator/backend/venv/lib/python3.12/site-packages/fastapi/routing.py", line 134, in app
    await wrap_app_handling_exceptions(app, request)(scope, receive, send)
  File "/home/neelam/orchestrator/backend/venv/lib/python3.12/site-packages/starlette/_exception_handler.py", line 53, in wrapped_app
    raise exc
  File "/home/neelam/orchestrator/backend/venv/lib/python3.12/site-packages/starlette/_exception_handler.py", line 42, in wrapped_app
    await app(scope, receive, sender)
  File "/home/neelam/orchestrator/backend/venv/lib/python3.12/site-packages/fastapi/routing.py", line 120, in app
    response = await f(request)
               ^^^^^^^^^^^^^^^^
  File "/home/neelam/orchestrator/backend/venv/lib/python3.12/site-packages/fastapi/routing.py", line 674, in app
    raw_response = await run_endpoint_function(
                   ^^^^^^^^^^^^^^^^^^^^^^^^^^^^
  File "/home/neelam/orchestrator/backend/venv/lib/python3.12/site-packages/fastapi/routing.py", line 328, in run_endpoint_function
    return await dependant.call(**values)
           ^^^^^^^^^^^^^^^^^^^^^^^^^^^^^^
  File "/home/neelam/orchestrator/backend/app/routes/eda.py", line 706, in observatory
    domain_runs = await _domain_runs(job_id, db)
                  ^^^^^^^^^^^^^^^^^^^^^^^^^^^^^^
  File "/home/neelam/orchestrator/backend/app/routes/eda.py", line 568, in _domain_runs
    gv = _safe_load(corpus_dir / "graph_validation.json") or {}
         ^^^^^^^^^^^^^^^^^^^^^^^^^^^^^^^^^^^^^^^^^^^^^^^^
  File "/home/neelam/orchestrator/backend/app/routes/eda.py", line 31, in _safe_load
    if not path.is_file():
           ^^^^^^^^^^^^^^
  File "/usr/lib/python3.12/pathlib.py", line 894, in is_file
    return S_ISREG(self.stat().st_mode)
                   ^^^^^^^^^^^
  File "/usr/lib/python3.12/pathlib.py", line 842, in stat
    return os.stat(self, follow_symlinks=follow_symlinks)
           ^^^^^^^^^^^^^^^^^^^^^^^^^^^^^^^^^^^^^^^^^^^^^^
PermissionError: [Errno 13] Permission denied: '/home/kumar1/orchestrator/corpus_store/5f8d7f5d-626c-4618-9139-5bf39954299f/graph_validation.json'
INFO:     127.0.0.1:46430 - "GET /api/v1/eda/observatory/a561dfc6-3159-4891-9f4a-0c8c919312fe HTTP/1.1" 500 Internal Server Error
ERROR:    Exception in ASGI application
Traceback (most recent call last):
  File "/home/neelam/orchestrator/backend/venv/lib/python3.12/site-packages/uvicorn/protocols/http/h11_impl.py", line 415, in run_asgi
    result = await app(  # type: ignore[func-returns-value]
             ^^^^^^^^^^^^^^^^^^^^^^^^^^^^^^^^^^^^^^^^^^^^^^
  File "/home/neelam/orchestrator/backend/venv/lib/python3.12/site-packages/uvicorn/middleware/proxy_headers.py", line 63, in __call__
    return await self.app(scope, receive, send)
           ^^^^^^^^^^^^^^^^^^^^^^^^^^^^^^^^^^^^
  File "/home/neelam/orchestrator/backend/venv/lib/python3.12/site-packages/fastapi/applications.py", line 1159, in __call__
    await super().__call__(scope, receive, send)
  File "/home/neelam/orchestrator/backend/venv/lib/python3.12/site-packages/starlette/applications.py", line 90, in __call__
    await self.middleware_stack(scope, receive, send)
  File "/home/neelam/orchestrator/backend/venv/lib/python3.12/site-packages/starlette/middleware/errors.py", line 186, in __call__
    raise exc
  File "/home/neelam/orchestrator/backend/venv/lib/python3.12/site-packages/starlette/middleware/errors.py", line 164, in __call__
    await self.app(scope, receive, _send)
  File "/home/neelam/orchestrator/backend/venv/lib/python3.12/site-packages/starlette/middleware/cors.py", line 88, in __call__
    await self.app(scope, receive, send)
  File "/home/neelam/orchestrator/backend/venv/lib/python3.12/site-packages/starlette/middleware/exceptions.py", line 63, in __call__
    await wrap_app_handling_exceptions(self.app, conn)(scope, receive, send)
  File "/home/neelam/orchestrator/backend/venv/lib/python3.12/site-packages/starlette/_exception_handler.py", line 53, in wrapped_app
    raise exc
  File "/home/neelam/orchestrator/backend/venv/lib/python3.12/site-packages/starlette/_exception_handler.py", line 42, in wrapped_app
    await app(scope, receive, sender)
  File "/home/neelam/orchestrator/backend/venv/lib/python3.12/site-packages/fastapi/middleware/asyncexitstack.py", line 18, in __call__
    await self.app(scope, receive, send)
  File "/home/neelam/orchestrator/backend/venv/lib/python3.12/site-packages/starlette/routing.py", line 660, in __call__
    await self.middleware_stack(scope, receive, send)
  File "/home/neelam/orchestrator/backend/venv/lib/python3.12/site-packages/starlette/routing.py", line 680, in app
    await route.handle(scope, receive, send)
  File "/home/neelam/orchestrator/backend/venv/lib/python3.12/site-packages/starlette/routing.py", line 276, in handle
    await self.app(scope, receive, send)
  File "/home/neelam/orchestrator/backend/venv/lib/python3.12/site-packages/fastapi/routing.py", line 134, in app
    await wrap_app_handling_exceptions(app, request)(scope, receive, send)
  File "/home/neelam/orchestrator/backend/venv/lib/python3.12/site-packages/starlette/_exception_handler.py", line 53, in wrapped_app
    raise exc
  File "/home/neelam/orchestrator/backend/venv/lib/python3.12/site-packages/starlette/_exception_handler.py", line 42, in wrapped_app
    await app(scope, receive, sender)
  File "/home/neelam/orchestrator/backend/venv/lib/python3.12/site-packages/fastapi/routing.py", line 120, in app
    response = await f(request)
               ^^^^^^^^^^^^^^^^
  File "/home/neelam/orchestrator/backend/venv/lib/python3.12/site-packages/fastapi/routing.py", line 674, in app
    raw_response = await run_endpoint_function(
                   ^^^^^^^^^^^^^^^^^^^^^^^^^^^^
  File "/home/neelam/orchestrator/backend/venv/lib/python3.12/site-packages/fastapi/routing.py", line 328, in run_endpoint_function
    return await dependant.call(**values)
           ^^^^^^^^^^^^^^^^^^^^^^^^^^^^^^
  File "/home/neelam/orchestrator/backend/app/routes/eda.py", line 706, in observatory
    domain_runs = await _domain_runs(job_id, db)
                  ^^^^^^^^^^^^^^^^^^^^^^^^^^^^^^
  File "/home/neelam/orchestrator/backend/app/routes/eda.py", line 568, in _domain_runs
    gv = _safe_load(corpus_dir / "graph_validation.json") or {}
         ^^^^^^^^^^^^^^^^^^^^^^^^^^^^^^^^^^^^^^^^^^^^^^^^
  File "/home/neelam/orchestrator/backend/app/routes/eda.py", line 31, in _safe_load
    if not path.is_file():
           ^^^^^^^^^^^^^^
  File "/usr/lib/python3.12/pathlib.py", line 894, in is_file
    return S_ISREG(self.stat().st_mode)
                   ^^^^^^^^^^^
  File "/usr/lib/python3.12/pathlib.py", line 842, in stat
    return os.stat(self, follow_symlinks=follow_symlinks)
           ^^^^^^^^^^^^^^^^^^^^^^^^^^^^^^^^^^^^^^^^^^^^^^
PermissionError: [Errno 13] Permission denied: '/home/kumar1/orchestrator/corpus_store/5f8d7f5d-626c-4618-9139-5bf39954299f/graph_validation.json'
INFO:     Shutting down
INFO:     Waiting for application shutdown.
INFO:     Application shutdown complete.
INFO:     Finished server process [3957862]
